employee_id,mgr_vol_loo,promo_rate,obs_days
E00001,0.0,0.0,730
E00003,0.0,0.6666666666666666,730
E00004,0.0,0.0,730
E00005,0.0,0.0,358
E00006,0.0,0.5,472
E00007,0.16666666666666666,0.0,730
E00008,0.0,0.0,49
E00009,0.3333333333333333,0.0,730
E00010,0.125,0.0,730
E00011,0.0,0.0,730
E00012,0.0,0.0,730
E00013,0.0,0.0,730
E00014,0.0,0.0,730
E00015,0.0,0.0,730
E00016,0.0,0.0,730
E00017,0.0,0.0,730
E00018,0.0,0.0,730
E00019,0.25,0.3333333333333333,730
E00020,0.25,0.3333333333333333,730
E00021,0.0,0.0,144
E00022,0.0,0.0,730
E00023,0.0,0.0,550
E00024,,0.3333333333333333,730
E00025,0.0,0.6666666666666666,730
E00026,0.0,0.3333333333333333,730
E00027,0.0,0.5,485
E00029,0.0,0.3333333333333333,730
E00030,0.125,0.0,730
E00031,0.05,0.3333333333333333,730
E00033,0.0,0.0,730
E00034,0.0,0.6666666666666666,730
E00035,0.0,0.3333333333333333,730
E00036,0.1,0.0,637
E00037,0.0,0.3333333333333333,730
E00038,0.0,0.3333333333333333,730
E00039,0.0,0.3333333333333333,730
E00040,0.0,0.0,730
E00041,0.25,0.3333333333333333,730
E00042,0.0,0.3333333333333333,730
E00043,0.0,0.0,730
E00044,0.0,0.0,730
E00045,0.0,0.3333333333333333,730
E00046,0.0,0.0,484
E00049,0.0,0.0,730
E00050,0.0,0.0,730
E00051,0.0,0.0,730
E00052,0.0,0.0,730
E00053,0.0,0.0,121
E00054,0.16666666666666666,0.0,730
E00055,,0.0,730
E00057,0.0,0.0,730
E00058,0.0,0.0,730
E00059,0.0,0.0,730
E00060,0.0,0.3333333333333333,730
E00061,0.0,0.0,730
E00064,0.25,0.0,730
E00065,0.0,0.0,730
E00066,0.0,0.0,730
E00067,0.1,0.0,730
E00068,0.0,1.0,730
E00069,0.0,0.0,730
E00070,0.0,0.0,730
E00071,0.5,0.0,273
E00072,0.0,0.0,503
E00073,0.0,0.0,730
E00074,0.0,0.0,606
E00075,0.0,0.0,730
E00076,0.034482758620689655,0.0,730
E00077,0.14285714285714285,0.0,242
E00078,0.0,0.0,179
E00079,0.0,0.3333333333333333,730
E00080,0.0,0.3333333333333333,730
E00081,0.1111111111111111,0.0,730
E00082,0.0,0.0,438
E00083,0.0,0.0,730
E00084,0.0,0.0,730
E00085,0.0,0.0,730
E00086,0.375,0.3333333333333333,730
E00087,0.0,0.0,730
E00088,0.0,0.0,730
E00089,0.0,0.3333333333333333,730
E00090,0.0,0.0,730
E00091,0.5,0.0,730
E00092,0.0,0.3333333333333333,730
E00093,0.0,0.3333333333333333,730
E00094,0.0,0.0,730
E00095,0.125,0.0,356
E00096,0.0,0.3333333333333333,730
E00097,0.0,0.3333333333333333,730
E00098,0.0,1.0,730
E00099,0.25,0.0,270
E00100,0.0,0.3333333333333333,730
E00101,0.25,0.0,730
E00102,,0.3333333333333333,534
E00103,0.0,0.3333333333333333,730
E00104,0.0,0.6666666666666666,730
E00105,0.0,0.3333333333333333,730
E00106,,0.0,151
E00107,0.0,0.3333333333333333,730
E00108,0.0,0.0,730
E00109,0.0,0.3333333333333333,730
E00110,0.0,0.3333333333333333,730
E00111,0.14285714285714285,0.0,730
E00113,0.0,0.0,730
E00114,0.125,0.0,730
E00115,0.0,0.0,74
E00117,0.2222222222222222,0.0,730
E00118,0.06666666666666667,0.0,730
E00119,0.0,0.0,730
E00120,,0.3333333333333333,730
E00121,0.14285714285714285,0.0,730
E00122,0.0,0.0,730
E00123,0.0,0.3333333333333333,730
E00124,0.0,0.3333333333333333,730
E00126,0.0,0.0,730
E00127,0.25,0.0,730
E00128,0.3333333333333333,0.0,730
E00129,0.0,0.0,730
E00130,0.0,0.3333333333333333,730
E00132,0.0,0.0,730
E00133,0.0,0.6666666666666666,730
E00134,0.1111111111111111,0.0,730
E00135,0.0,0.0,730
E00136,0.0,0.0,730
E00137,0.125,0.0,730
E00138,0.08695652173913043,0.0,730
E00139,0.2,0.0,730
E00140,0.0,0.0,730
E00141,0.0,0.3333333333333333,730
E00143,0.0,0.0,730
E00145,0.0,0.0,730
E00146,0.1111111111111111,0.0,179
E00148,0.0,0.3333333333333333,730
E00149,0.07692307692307693,0.0,455
E00150,0.16666666666666666,0.0,730
E00151,0.0,0.3333333333333333,730
E00152,0.1,0.0,730
E00153,0.0,0.3333333333333333,730
E00155,0.0,0.0,730
E00156,1.0,0.0,74
E00157,0.16666666666666666,0.3333333333333333,730
E00158,0.0,0.0,730
E00159,,0.0,730
E00160,0.0,0.0,398
E00161,0.2222222222222222,0.3333333333333333,730
E00163,0.0,0.3333333333333333,730
E00164,0.0,0.3333333333333333,730
E00165,,0.0,730
E00166,0.25,0.0,730
E00167,0.0,0.3333333333333333,730
E00168,,0.0,730
E00169,0.0,0.6666666666666666,730
E00170,0.0,0.0,730
E00171,0.0,0.3333333333333333,730
E00172,0.0,0.0,730
E00173,0.0,0.3333333333333333,730
E00174,0.0,0.0,730
E00175,0.16666666666666666,0.3333333333333333,730
E00176,0.05,0.0,730
E00177,0.0,0.3333333333333333,730
E00178,0.0,0.0,730
E00179,0.125,0.3333333333333333,730
E00180,0.25,0.3333333333333333,730
E00181,0.0,0.3333333333333333,730
E00182,0.0,0.0,730
E00183,0.0,0.3333333333333333,730
E00184,0.0,0.0,730
E00185,0.0,0.0,730
E00186,0.0,0.0,730
E00187,0.1,0.3333333333333333,730
E00188,0.5,0.0,730
E00190,0.0,0.0,120
E00191,0.0,0.0,730
E00192,0.0,0.0,730
E00193,0.0,0.0,730
E00194,0.0,0.3333333333333333,730
E00195,0.0,0.0,730
E00196,0.0,0.3333333333333333,730
E00197,0.0,0.0,730
E00198,0.0,0.0,730
E00199,0.0,0.6666666666666666,730
E00200,0.4,0.0,587
E00201,0.0,0.0,730
E00202,0.25,0.0,730
E00204,0.2,0.3333333333333333,730
E00205,0.0,0.3333333333333333,730
E00206,0.0,0.0,535
E00207,0.0,0.0,304
E00208,0.0,0.0,730
E00209,0.0,0.6666666666666666,730
E00210,0.0,0.0,487
E00211,0.0,0.5,424
E00212,0.15384615384615385,0.0,730
E00213,0.0,0.0,730
E00214,0.0,0.0,730
E00215,0.0,0.0,730
E00216,0.0,0.0,730
E00217,0.0,0.6666666666666666,730
E00218,0.0,0.6666666666666666,730
E00219,0.125,0.3333333333333333,730
E00220,0.0,0.0,730
E00221,0.0,0.3333333333333333,730
E00222,0.0,0.3333333333333333,730
E00223,0.1,0.3333333333333333,730
E00224,0.0,0.0,730
E00225,0.09090909090909091,0.0,730
E00227,0.0,0.0,730
E00228,0.0,0.0,730
E00230,0.0,0.3333333333333333,730
E00231,0.2,0.0,299
E00232,0.0,0.0,730
E00233,0.0,0.6666666666666666,730
E00234,0.125,0.3333333333333333,730
E00235,0.0,0.3333333333333333,730
E00236,0.25,0.0,730
E00237,0.0,0.3333333333333333,730
E00238,0.0,0.3333333333333333,730
E00239,0.0,0.0,498
E00240,0.0,0.0,730
E00241,0.0,0.0,730
E00242,0.0,0.0,730
E00244,0.0,0.3333333333333333,730
E00245,0.0,0.0,730
E00247,0.0,0.3333333333333333,730
E00248,0.0,0.0,730
E00249,0.15384615384615385,0.0,730
E00250,0.0,0.0,730
E00251,0.0,0.3333333333333333,730
E00252,0.0,0.0,730
E00253,0.0,0.3333333333333333,730
E00254,0.25,0.0,730
E00255,0.0,0.0,730
E00257,0.25,0.6666666666666666,730
E00258,0.25,0.0,730
E00259,0.0,0.0,730
E00260,0.0,0.3333333333333333,730
E00261,0.0,0.3333333333333333,730
E00262,0.0,0.3333333333333333,730
E00264,0.14285714285714285,0.0,730
E00265,,0.0,730
E00266,0.0,0.0,730
E00267,0.1111111111111111,0.0,730
E00268,0.0,0.0,730
E00270,0.0,0.0,730
E00271,0.25,0.0,730
E00272,0.0,0.0,730
E00273,0.0,0.0,84
E00274,0.0,0.0,730
E00275,0.0,0.0,730
E00276,0.0,0.0,151
E00277,0.0,0.3333333333333333,730
E00279,0.0,0.3333333333333333,730
E00280,0.0,0.0,730
E00281,0.0,0.0,730
E00282,0.1,0.0,730
E00283,0.0,0.0,730
E00284,0.06666666666666667,0.0,613
E00285,0.0,0.0,730
E00286,0.0,0.6666666666666666,730
E00287,0.125,0.0,730
E00288,0.0,0.3333333333333333,730
E00289,0.0,0.3333333333333333,730
E00290,0.027777777777777776,0.0,730
E00291,0.09090909090909091,0.0,730
E00293,0.0,0.0,730
E00294,0.0,0.0,389
E00295,0.0,0.3333333333333333,730
E00296,0.0,0.3333333333333333,730
E00298,0.18181818181818182,0.0,730
E00299,0.0,0.0,730
E00300,0.0,0.0,730
E00301,0.0,0.3333333333333333,730
E00302,0.13333333333333333,0.0,730
E00303,0.0,0.0,730
E00304,0.0,0.0,730
E00305,0.0,0.0,730
E00306,0.2,0.0,730
E00307,,0.0,730
E00308,0.0,0.0,730
E00309,0.0,0.0,88
E00310,0.125,0.3333333333333333,730
E00311,0.0,0.0,730
E00312,0.0,0.0,730
E00313,0.0,0.0,730
E00314,,0.0,730
E00315,0.0,0.0,730
E00316,0.0,0.0,730
E00317,0.0,0.0,730
E00318,0.0,0.3333333333333333,730
E00320,0.125,0.3333333333333333,730
E00321,0.0,0.3333333333333333,730
E00322,0.0,0.3333333333333333,730
E00323,0.0,0.3333333333333333,730
E00325,0.0,1.0,59
E00326,0.0,0.0,730
E00327,0.2,0.0,730
E00328,0.0,0.0,730
E00329,0.0,0.6666666666666666,730
E00330,0.0,0.3333333333333333,730
E00331,0.0,1.0,730
E00332,0.0,0.3333333333333333,730
E00333,0.09090909090909091,1.0,730
E00334,0.0,0.0,730
E00335,0.0,0.0,730
E00336,0.14285714285714285,0.3333333333333333,730
E00337,0.0,0.0,730
E00338,0.0,0.0,730
E00339,0.0,0.0,730
E00340,0.0,0.0,730
E00341,0.0,0.0,730
E00342,0.0,0.0,730
E00343,0.0,0.3333333333333333,730
E00344,0.0,0.0,730
E00345,,0.0,730
E00347,0.0,0.3333333333333333,730
E00348,0.0,0.0,730
E00349,0.125,0.3333333333333333,730
E00350,0.16666666666666666,0.6666666666666666,730
E00351,0.0,0.3333333333333333,730
E00352,0.0,0.0,730
E00353,0.1,0.0,730
E00354,0.0,0.0,730
E00355,0.2,0.0,730
E00356,0.0,0.0,730
E00357,0.0,0.0,730
E00358,0.0,0.3333333333333333,730
E00359,0.0,0.0,730
E00360,,0.0,730
E00361,0.0,0.0,730
E00362,0.25,0.6666666666666666,730
E00363,0.25,0.3333333333333333,730
E00364,0.0,0.0,730
E00366,0.0,0.0,730
E00367,0.0,0.0,730
E00368,0.05263157894736842,0.0,730
E00369,0.0,0.0,730
E00370,0.0,0.3333333333333333,730
E00372,0.0,0.0,730
E00373,0.0,0.0,730
E00375,0.0,0.0,730
E00376,0.0,0.0,730
E00378,0.0,0.0,730
E00379,,0.0,730
E00380,0.25,0.0,730
E00381,0.0,0.0,730
E00382,0.0,0.0,730
E00383,0.25,0.3333333333333333,730
E00384,,0.0,730
E00385,0.0,0.3333333333333333,730
E00387,0.15384615384615385,0.0,730
E00388,0.16666666666666666,0.0,730
E00389,0.0,0.3333333333333333,730
E00390,0.0,0.0,730
E00391,0.0,0.0,730
E00392,0.0,0.0,730
E00394,0.0,0.3333333333333333,730
E00395,0.0,1.0,137
E00396,0.0,0.3333333333333333,730
E00397,0.0,0.0,730
E00398,0.16666666666666666,0.3333333333333333,730
E00399,0.07692307692307693,0.0,730
E00400,0.0,0.0,730
E00401,0.125,0.3333333333333333,730
E00402,0.25,0.0,680
E00403,0.0,0.0,730
E00404,0.0,0.0,730
E00405,0.5,0.3333333333333333,730
E00406,0.0,0.3333333333333333,730
E00407,0.0,0.0,536
E00408,0.125,0.0,730
E00409,0.0,0.0,730
E00410,0.0,0.0,730
E00411,0.0,0.3333333333333333,730
E00412,0.09090909090909091,0.6666666666666666,730
E00413,0.0,0.0,730
E00414,0.0,0.0,730
E00415,0.25,0.0,730
E00416,0.0,0.0,730
E00417,0.125,0.6666666666666666,730
E00418,0.0,0.3333333333333333,730
E00419,0.14285714285714285,0.0,730
E00420,0.0,0.0,730
E00421,0.0,0.0,730
E00423,0.0,0.0,730
E00425,0.0,0.6666666666666666,730
E00426,0.0,0.3333333333333333,730
E00427,0.5,0.0,730
E00428,0.14285714285714285,0.3333333333333333,730
E00429,0.125,0.3333333333333333,730
E00430,0.0,0.0,730
E00431,0.0,0.0,730
E00432,0.0,0.0,730
E00433,0.0,0.0,730
E00434,0.0,0.0,730
E00435,0.0,0.3333333333333333,730
E00436,0.047619047619047616,0.3333333333333333,730
E00437,0.25,0.3333333333333333,730
E00438,0.0,0.3333333333333333,730
E00439,0.0,0.0,730
E00440,0.2,0.6666666666666666,730
E00441,0.1,0.0,730
E00442,0.14285714285714285,0.0,730
E00443,0.0,0.3333333333333333,730
E00444,0.125,0.0,730
E00445,0.0,0.3333333333333333,730
E00446,0.0,0.3333333333333333,730
E00448,0.0,0.6666666666666666,730
E00449,0.05,0.6666666666666666,730
E00450,,0.3333333333333333,730
E00452,0.0,0.0,730
E00453,0.0,0.0,730
E00454,0.125,0.3333333333333333,730
E00455,0.0,0.0,730
E00456,0.25,0.0,730
E00457,0.2857142857142857,0.0,730
E00458,0.16666666666666666,0.0,730
E00459,0.0,0.0,79
E00460,0.3333333333333333,0.3333333333333333,730
E00461,0.16666666666666666,0.0,730
E00462,0.0,0.0,730
E00463,0.14285714285714285,0.0,730
E00464,0.125,0.0,730
E00465,,0.0,281
E00467,0.0,0.3333333333333333,730
E00469,0.1111111111111111,0.3333333333333333,730
E00470,0.0,0.6666666666666666,730
E00471,0.0,0.0,730
E00472,0.0,0.3333333333333333,730
E00473,0.125,0.0,730
E00474,0.25,0.0,730
E00475,0.0,0.3333333333333333,730
E00476,,0.0,730
E00477,0.25,0.0,730
E00478,0.0,0.0,730
E00479,0.0,0.0,730
E00481,0.25,0.0,730
E00482,0.0,0.0,730
E00483,0.08333333333333333,0.0,492
E00484,0.0,0.3333333333333333,730
E00486,0.0,0.0,730
E00487,0.0,0.0,730
E00489,0.2857142857142857,0.0,730
E00490,0.0,0.0,120
E00492,0.0,0.0,730
E00493,0.0,0.0,730
E00494,0.2,0.0,730
E00495,0.05263157894736842,0.0,730
E00497,0.2222222222222222,0.0,730
E00498,0.125,0.3333333333333333,730
E00499,0.0,0.3333333333333333,730
E00500,0.0,0.3333333333333333,730
E00501,0.06666666666666667,0.3333333333333333,730
E00502,0.0,0.0,730
E00503,0.0,0.0,730
E00504,0.0,0.0,730
E00505,0.3333333333333333,0.0,730
E00506,0.027777777777777776,0.3333333333333333,730
E00507,0.0,0.3333333333333333,730
E00508,0.0,0.3333333333333333,730
E00509,0.0,0.3333333333333333,730
E00510,0.0,0.6666666666666666,730
E00511,,0.0,730
E00512,0.15384615384615385,0.0,730
E00513,0.0,0.3333333333333333,730
E00514,0.0,0.0,730
E00515,0.0,0.0,730
E00516,0.0,0.0,730
E00517,0.0,0.3333333333333333,730
E00519,0.0,0.3333333333333333,730
E00520,0.125,0.0,730
E00521,0.07692307692307693,0.0,730
E00522,0.2,0.0,730
E00523,0.15384615384615385,0.0,730
E00525,0.0,0.3333333333333333,730
E00526,0.0,0.0,730
E00528,0.09090909090909091,0.3333333333333333,730
E00529,0.0,0.6666666666666666,730
E00530,0.0,0.0,730
E00531,0.0,0.0,730
E00532,0.14285714285714285,0.0,730
E00533,0.25,0.0,730
E00534,0.0,0.0,730
E00536,0.06666666666666667,0.0,730
E00537,0.0,0.0,242
E00538,0.0,0.0,35
E00540,0.0,0.6666666666666666,730
E00541,0.0,0.0,730
E00542,0.0,0.0,730
E00543,0.0,0.0,730
E00544,0.14285714285714285,0.0,730
E00545,0.0,0.3333333333333333,730
E00548,0.0,0.0,730
E00549,0.08695652173913043,0.0,730
E00550,0.25,0.3333333333333333,730
E00551,0.16666666666666666,0.0,172
E00552,0.1,0.0,730
E00553,0.0,0.0,730
E00555,0.0,0.0,730
E00556,,0.0,730
E00557,0.1,0.3333333333333333,730
E00558,0.0,0.0,240
E00559,0.125,0.0,730
E00560,0.2,0.3333333333333333,730
E00561,0.0,0.0,730
E00562,0.15384615384615385,0.3333333333333333,730
E00563,0.3333333333333333,0.0,730
E00564,0.25,0.3333333333333333,730
E00565,0.0,0.5,384
E00566,0.0,0.0,730
E00567,0.16666666666666666,0.0,730
E00568,0.0,0.0,730
E00569,0.0,0.0,730
E00570,0.1,0.3333333333333333,730
E00571,0.0,0.3333333333333333,730
E00572,0.0,0.6666666666666666,730
E00573,0.0,0.0,140
E00575,0.0,0.0,730
E00576,0.08333333333333333,0.3333333333333333,730
E00577,0.0,0.6666666666666666,730
E00578,0.0,0.0,159
E00580,0.0,0.0,730
E00581,0.0,0.0,730
E00582,0.14285714285714285,0.0,730
E00583,0.08333333333333333,0.0,730
E00585,0.0,0.0,730
E00586,0.2,0.0,730
E00587,0.0,0.0,730
E00588,0.0,0.0,81
E00589,0.125,0.0,730
E00590,0.0,0.0,730
E00591,0.0,0.0,151
E00592,0.0,0.0,730
E00593,0.0,0.0,730
E00594,0.05263157894736842,0.0,730
E00595,0.0,0.0,730
E00596,0.2,0.0,730
E00597,0.0,0.0,730
E00598,0.2,0.3333333333333333,730
E00599,0.0,0.0,730
E00601,0.1111111111111111,0.0,730
E00602,0.2222222222222222,0.6666666666666666,730
E00603,0.0,1.0,32
E00605,0.25,0.0,730
E00606,0.0,0.0,730
E00607,0.0,0.3333333333333333,730
E00608,0.2,0.0,730
E00611,0.0,0.0,730
E00612,0.0,0.0,730
E00613,0.0,0.3333333333333333,730
E00614,0.0,0.0,730
E00615,0.0,0.0,730
E00616,0.0,0.0,638
E00617,0.0,0.0,730
E00618,0.0,0.3333333333333333,730
E00619,0.0,0.0,730
E00620,,0.0,730
E00621,0.2,0.6666666666666666,730
E00622,0.0,0.3333333333333333,730
E00623,0.0,0.6666666666666666,730
E00624,0.0,0.0,730
E00625,0.25,0.0,730
E00626,0.0,0.0,730
E00627,0.0,0.0,730
E00628,0.1111111111111111,0.0,730
E00629,0.0,0.0,730
E00631,0.2857142857142857,0.0,730
E00632,0.0,0.0,730
E00633,0.0,0.3333333333333333,730
E00634,0.0,0.6666666666666666,730
E00635,0.0,0.0,730
E00636,0.0,0.0,730
E00637,0.0,0.3333333333333333,730
E00638,0.0,0.0,730
E00639,0.0,0.5,483
E00640,0.0,0.3333333333333333,730
E00643,0.0,0.3333333333333333,730
E00644,0.25,0.0,730
E00645,0.0,0.0,730
E00646,0.0,0.3333333333333333,730
E00647,0.14285714285714285,0.0,730
E00648,0.0,1.0,86
E00649,0.0,0.3333333333333333,730
E00650,0.0,0.6666666666666666,730
E00651,0.16666666666666666,0.0,730
E00652,0.0,0.6666666666666666,730
E00654,0.0,0.0,577
E00655,0.0,0.6666666666666666,730
E00656,0.0,0.0,730
E00657,0.0,0.0,730
E00658,,0.0,730
E00659,0.1111111111111111,0.0,730
E00660,0.16666666666666666,0.0,222
E00661,0.0,0.0,575
E00662,0.0,0.3333333333333333,730
E00663,0.0,0.3333333333333333,730
E00664,0.0,0.0,730
E00665,0.0,0.3333333333333333,730
E00666,0.0,0.0,730
E00667,0.0,0.0,730
E00668,0.0,0.3333333333333333,730
E00669,0.0,0.0,439
E00670,,0.0,730
E00671,0.2,0.0,730
E00672,0.0,0.6666666666666666,730
E00673,0.0,0.0,730
E00674,,0.6666666666666666,730
E00675,0.5,0.0,168
E00676,0.0,0.0,730
E00677,0.09090909090909091,0.0,730
E00678,0.08333333333333333,0.3333333333333333,730
E00679,0.0,0.0,730
E00680,0.0,0.0,730
E00681,0.0,0.0,396
E00682,0.0,0.3333333333333333,730
E00683,0.1,0.0,730
E00684,0.125,0.3333333333333333,730
E00685,0.0,0.3333333333333333,730
E00686,0.0,0.0,730
E00687,0.07692307692307693,1.0,284
E00688,0.0,0.0,730
E00689,0.15384615384615385,0.0,730
E00691,0.1,0.0,730
E00692,0.0,0.0,730
E00693,0.06666666666666667,0.0,730
E00694,0.0,0.0,730
E00695,0.0,0.0,730
E00696,0.0,0.0,235
E00697,0.0,0.3333333333333333,730
E00698,0.1,0.0,730
E00699,0.0,0.6666666666666666,730
E00700,0.0,0.0,730
E00701,0.08333333333333333,0.0,730
E00702,0.0,0.0,730
E00703,0.0,0.6666666666666666,730
E00704,0.09090909090909091,0.0,730
E00705,0.0,0.3333333333333333,730
E00706,0.0,0.6666666666666666,730
E00707,0.0,1.0,119
E00708,0.15384615384615385,0.3333333333333333,730
E00709,0.2,0.3333333333333333,730
E00710,0.0,0.0,730
E00711,0.0,0.0,730
E00712,0.0,0.0,730
E00713,0.0,0.0,384
E00714,0.16666666666666666,0.0,730
E00715,0.25,0.3333333333333333,730
E00716,0.0,0.3333333333333333,730
E00717,0.0,0.3333333333333333,730
E00719,0.0,0.6666666666666666,730
E00720,0.0,0.3333333333333333,730
E00721,0.0,1.0,730
E00722,0.0,0.3333333333333333,730
E00723,0.2857142857142857,0.0,730
E00724,0.0,0.3333333333333333,730
E00725,0.14285714285714285,0.3333333333333333,730
E00726,0.0,0.0,730
E00727,0.0,0.0,730
E00728,0.09090909090909091,0.6666666666666666,730
E00729,0.0,0.3333333333333333,730
E00730,0.0,0.3333333333333333,730
E00731,0.0,0.6666666666666666,730
E00732,0.0,0.0,730
E00733,0.0,0.3333333333333333,730
E00734,0.0,0.0,249
E00735,0.0,1.0,190
E00736,0.0,0.3333333333333333,730
E00737,0.5,0.0,730
E00738,0.2222222222222222,0.0,730
E00739,0.0,0.3333333333333333,730
E00740,0.0,0.0,730
E00741,0.2,0.3333333333333333,730
E00742,0.2,0.3333333333333333,730
E00743,0.16666666666666666,0.3333333333333333,730
E00744,0.0,0.0,60
E00745,0.1111111111111111,0.6666666666666666,730
E00746,0.0,0.0,730
E00747,0.0,0.0,730
E00748,0.0,0.3333333333333333,730
E00749,0.0,0.0,730
E00750,0.0,0.0,730
E00751,0.0,0.3333333333333333,730
E00752,0.0,0.0,730
E00753,0.16666666666666666,0.3333333333333333,730
E00754,0.0,0.6666666666666666,730
E00757,0.0,0.0,730
E00758,0.0,0.0,730
E00759,0.0,0.0,730
E00760,0.0,0.0,730
E00762,0.0,0.0,730
E00763,0.0,0.0,730
E00764,0.0,0.0,730
E00765,0.0,0.3333333333333333,730
E00766,0.0,0.0,730
E00767,0.0,0.0,730
E00768,0.0,0.0,730
E00769,0.0,0.3333333333333333,730
E00770,0.0,0.0,730
E00771,0.0,0.0,730
E00772,0.0,0.0,730
E00773,0.0,0.3333333333333333,730
E00774,0.1,0.3333333333333333,730
E00775,0.0,0.0,730
E00776,0.0,0.0,730
E00777,0.0,0.0,730
E00778,0.0,0.0,730
E00779,0.125,0.6666666666666666,730
E00780,0.0,0.3333333333333333,730
E00781,0.0,0.0,730
E00782,0.14285714285714285,0.0,730
E00783,0.0,0.0,730
E00784,0.0,0.3333333333333333,730
E00785,0.0,0.0,161
E00786,0.2222222222222222,0.0,730
E00788,0.125,0.0,730
E00789,0.0,0.0,730
E00790,0.0,0.3333333333333333,730
E00791,0.0,0.0,592
E00792,0.0,0.0,730
E00793,0.0,0.0,730
E00794,0.0,0.0,81
E00795,0.0,0.0,365
E00796,0.0,0.0,143
E00797,0.0,0.0,730
E00798,0.0,0.3333333333333333,730
E00799,0.0,0.0,730
E00800,0.14285714285714285,0.0,730
E00801,0.0,0.3333333333333333,730
E00802,0.0,0.3333333333333333,730
E00803,0.0,0.0,730
E00805,0.0,0.0,730
E00806,0.2222222222222222,0.0,455
E00807,0.0,0.5,365
E00808,0.05263157894736842,0.0,730
E00809,0.0,0.0,730
E00810,0.0,0.0,669
E00811,0.0,0.0,59
E00812,0.08695652173913043,0.0,730
E00813,0.0,0.3333333333333333,730
E00814,,0.3333333333333333,730
E00815,0.0,0.0,273
E00816,0.0,0.3333333333333333,730
E00817,0.0,0.0,730
E00819,0.07692307692307693,0.0,74
E00820,0.0,0.0,730
E00821,0.0,0.0,730
E00822,0.15384615384615385,0.0,730
E00823,0.0,0.0,730
E00824,0.25,0.0,730
E00825,0.0,0.0,730
E00826,0.0,0.3333333333333333,730
E00827,0.0,0.0,730
E00828,0.0,0.3333333333333333,730
E00829,0.0,0.5,453
E00830,0.027777777777777776,0.0,730
E00831,,0.0,730
E00832,0.0,0.0,730
E00833,0.0,0.0,730
E00834,0.0,0.0,354
E00835,,0.0,146
E00836,0.2,1.0,45
E00837,0.2,0.0,730
E00838,0.0,0.3333333333333333,730
E00839,0.0,0.0,730
E00842,0.2857142857142857,0.0,730
E00843,0.0,0.3333333333333333,730
E00844,0.0,0.3333333333333333,730
E00845,0.14285714285714285,0.0,730
E00846,0.0,0.0,730
E00847,0.15384615384615385,0.3333333333333333,730
E00848,0.0,0.3333333333333333,730
E00849,0.07692307692307693,0.0,347
E00850,0.125,0.0,730
E00851,0.1,0.6666666666666666,730
E00852,0.0,0.6666666666666666,730
E00853,0.3333333333333333,0.3333333333333333,730
E00854,0.0,0.0,730
E00855,0.0,0.0,730
E00857,0.1111111111111111,0.0,730
E00858,0.0,0.0,730
E00859,0.0,0.0,730
E00860,0.0,0.0,730
E00861,0.0,0.0,85
E00863,0.0,0.3333333333333333,730
E00864,0.0,0.0,730
E00865,0.0,0.3333333333333333,730
E00866,0.14285714285714285,0.0,730
E00867,0.0,0.0,730
E00868,0.0,0.0,310
E00869,0.0,0.0,730
E00870,0.0,0.6666666666666666,730
E00872,0.0,0.0,730
E00873,0.0,0.0,730
E00874,0.0,0.0,333
E00875,0.08333333333333333,0.0,669
E00876,0.1,0.6666666666666666,730
E00877,0.0,0.0,730
E00878,0.125,0.0,730
E00879,0.16666666666666666,0.0,730
E00880,0.0,0.0,730
E00881,0.0,0.6666666666666666,730
E00882,0.0,0.6666666666666666,730
E00883,0.0,0.0,730
E00884,0.07692307692307693,0.0,730
E00885,0.0,0.0,730
E00886,0.0,0.0,730
E00887,0.15384615384615385,0.0,730
E00888,0.0,0.3333333333333333,730
E00889,0.0,0.6666666666666666,730
E00890,0.0,0.0,730
E00891,0.0,0.0,68
E00892,0.125,0.3333333333333333,730
E00894,0.0,0.0,730
E00895,0.0,0.0,730
E00896,0.0,0.0,730
E00898,0.0,0.3333333333333333,730
E00900,0.2,0.0,730
E00901,0.0,0.3333333333333333,730
E00902,0.0,0.0,240
E00903,0.125,0.0,730
E00904,0.0,0.3333333333333333,730
E00905,0.0,0.0,730
E00906,0.13333333333333333,0.0,730
E00908,0.2,0.0,730
E00909,0.0,0.6666666666666666,730
E00910,0.0,0.0,730
E00911,0.047619047619047616,0.0,730
E00912,0.0,0.3333333333333333,730
E00914,0.027777777777777776,0.3333333333333333,730
E00915,0.0,0.0,630
E00916,0.0,0.0,730
E00917,0.0,0.3333333333333333,730
E00918,0.0,0.3333333333333333,730
E00919,0.5,0.3333333333333333,730
E00920,0.0,0.0,730
E00921,0.0,0.0,730
E00922,0.0,0.6666666666666666,730
E00923,0.0,0.0,469
E00925,0.0,0.3333333333333333,730
E00926,0.125,0.0,730
E00927,0.0,0.3333333333333333,730
E00928,0.0,0.3333333333333333,730
E00929,0.5,0.0,730
E00930,0.0,0.0,730
E00931,0.0,0.0,730
E00932,0.0,0.3333333333333333,730
E00933,,0.0,730
E00934,0.0,0.0,730
E00935,0.0,0.3333333333333333,730
E00936,0.0,0.0,30
E00937,0.0,0.0,730
E00938,0.0,0.3333333333333333,626
E00939,0.2857142857142857,0.3333333333333333,730
E00940,0.125,0.0,730
E00941,0.2,0.3333333333333333,730
E00942,0.0,0.3333333333333333,730
E00943,0.0,0.3333333333333333,730
E00944,0.0,0.0,730
E00946,0.0,0.0,730
E00947,0.0,0.3333333333333333,730
E00948,0.0,0.0,730
E00949,0.1,0.3333333333333333,730
E00950,0.0,0.3333333333333333,730
E00952,0.0,0.0,730
E00953,0.0,0.0,562
E00954,,0.0,730
E00955,0.1,0.0,730
E00956,0.125,0.3333333333333333,730
E00957,0.0,0.0,730
E00958,0.0,0.0,730
E00959,0.0,0.0,730
E00960,0.125,0.3333333333333333,730
E00961,0.0,0.0,730
E00962,,0.3333333333333333,730
E00963,0.0,0.0,730
E00964,,0.3333333333333333,730
E00965,0.0,0.6666666666666666,730
E00966,0.25,0.0,730
E00967,0.0,0.3333333333333333,730
E00968,0.0,0.0,730
E00969,0.09090909090909091,0.0,730
E00970,0.125,0.0,730
E00971,0.3333333333333333,0.0,730
E00972,0.3333333333333333,0.0,730
E00973,0.0,0.0,455
E00974,0.0,0.0,730
E00975,0.14285714285714285,0.0,730
E00976,0.25,0.3333333333333333,730
E00977,0.0,0.0,193
E00981,0.11764705882352941,0.0,730
E00983,0.16666666666666666,0.0,730
E00984,0.0,0.3333333333333333,730
E00985,0.0,0.3333333333333333,730
E00986,0.15384615384615385,0.0,730
E00987,0.125,0.0,730
E00988,0.0,0.6666666666666666,730
E00989,0.0,1.0,730
E00990,0.0,0.3333333333333333,730
E00991,0.0,0.3333333333333333,730
E00992,0.0,0.0,730
E00993,0.0,0.0,730
E00994,0.0,0.3333333333333333,730
E00995,0.0,0.0,730
E00998,0.0,0.3333333333333333,730
E00999,0.0,0.0,730
E01000,0.0,0.3333333333333333,730
E01001,0.034482758620689655,0.0,730
E01002,0.0,0.3333333333333333,730
E01003,0.0,0.0,730
E01004,0.0,0.0,730
E01005,0.0,0.0,730
E01006,0.0,0.6666666666666666,730
E01007,0.25,0.3333333333333333,730
E01008,0.1,0.0,730
E01009,0.0,0.3333333333333333,730
E01011,0.5,0.0,730
E01012,0.5,0.3333333333333333,730
E01013,0.1,0.0,730
E01014,0.0,0.0,730
E01015,0.0,0.3333333333333333,730
E01016,0.0,0.0,730
E01017,0.0,0.0,730
E01019,0.2,0.3333333333333333,730
E01020,0.16666666666666666,0.0,730
E01023,0.16666666666666666,0.0,730
E01024,0.1111111111111111,0.0,42
E01025,0.0,0.0,392
E01026,0.0,0.0,730
E01027,0.5,0.0,730
E01028,0.0,0.6666666666666666,730
E01029,0.05,0.0,730
E01031,0.0,0.0,730
E01032,0.2222222222222222,0.0,730
E01033,0.25,1.0,284
E01034,0.0,0.3333333333333333,730
E01035,0.0,0.0,730
E01037,0.5,0.0,730
E01038,0.0,0.0,730
E01039,0.0,0.0,730
E01040,0.0,0.0,730
E01041,0.08333333333333333,0.3333333333333333,730
E01042,0.0,0.6666666666666666,730
E01043,0.0,0.0,730
E01044,0.0,0.0,730
E01045,0.0,0.0,730
E01046,0.13333333333333333,0.0,730
E01047,0.0,0.0,730
E01048,0.0,0.0,730
E01051,0.0,0.0,730
E01052,0.0,0.0,730
E01053,0.0,0.3333333333333333,730
E01054,0.0,0.3333333333333333,730
E01055,0.15384615384615385,0.0,730
E01057,0.2222222222222222,0.3333333333333333,730
E01058,0.0,0.3333333333333333,730
E01059,0.0,0.0,389
E01060,0.0,0.0,730
E01061,0.0,0.0,730
E01062,0.0,0.0,730
E01063,0.06666666666666667,0.0,730
E01064,0.1111111111111111,0.0,730
E01065,0.0,0.3333333333333333,730
E01066,0.0,0.3333333333333333,730
E01067,0.0,0.0,165
E01068,0.0,0.0,730
E01069,0.0,0.3333333333333333,730
E01071,0.0,0.6666666666666666,730
E01073,0.125,0.3333333333333333,730
E01074,0.0,0.0,730
E01075,0.0,0.3333333333333333,730
E01076,0.2,0.3333333333333333,730
E01077,0.2,0.3333333333333333,730
E01078,0.0,0.3333333333333333,688
E01079,0.0,0.0,730
E01080,0.0,0.0,730
E01081,0.14285714285714285,0.0,730
E01082,0.16666666666666666,0.6666666666666666,730
E01083,0.0,0.3333333333333333,730
E01084,0.0,0.0,730
E01085,0.0,0.3333333333333333,730
E01086,0.047619047619047616,0.0,730
E01087,0.0,0.3333333333333333,730
E01088,0.0,0.0,730
E01089,0.0,0.0,730
E01090,0.0,0.0,730
E01091,0.0,0.3333333333333333,730
E01092,0.16666666666666666,0.3333333333333333,730
E01093,0.125,0.3333333333333333,730
E01094,0.14285714285714285,0.0,730
E01095,0.08333333333333333,0.3333333333333333,730
E01098,0.09090909090909091,0.0,730
E01099,0.0,0.0,730
E01100,0.0,0.3333333333333333,730
E01101,0.0,0.3333333333333333,730
E01102,0.0,0.0,730
E01103,0.25,0.3333333333333333,730
E01104,0.07692307692307693,0.0,730
E01105,0.0,0.0,730
E01106,0.07692307692307693,0.0,730
E01107,0.06666666666666667,0.0,730
E01108,0.1,0.3333333333333333,730
E01109,0.14285714285714285,0.0,730
E01110,0.0,0.3333333333333333,730
E01111,0.0,0.0,730
E01112,0.14285714285714285,0.0,730
E01113,0.0,0.0,730
E01114,0.14285714285714285,0.0,730
E01115,,0.0,730
E01116,0.0,0.3333333333333333,730
E01117,0.0,0.3333333333333333,730
E01118,0.0,0.3333333333333333,730
E01120,0.0,0.3333333333333333,730
E01121,,0.3333333333333333,730
E01122,0.0,0.0,730
E01123,0.25,0.3333333333333333,730
E01124,0.25,0.3333333333333333,730
E01125,0.0,0.0,730
E01126,0.09090909090909091,0.0,730
E01127,0.1,0.0,730
E01128,,0.0,730
E01129,0.16666666666666666,0.0,730
E01130,0.0,0.0,730
E01131,0.25,0.0,730
E01132,0.0,0.3333333333333333,730
E01133,0.0,0.3333333333333333,730
E01134,0.0,0.0,730
E01135,0.1,0.3333333333333333,730
E01136,0.0,0.3333333333333333,730
E01137,0.1,0.0,730
E01138,0.0,0.3333333333333333,730
E01140,0.0,0.3333333333333333,697
E01141,0.0,0.0,730
E01142,0.0,0.0,730
E01143,0.11764705882352941,0.0,730
E01144,0.0,0.3333333333333333,730
E01145,0.0,0.3333333333333333,730
E01146,0.1111111111111111,0.0,730
E01147,0.0,0.0,730
E01148,0.0,0.0,730
E01149,0.0,0.3333333333333333,730
E01150,0.0,0.3333333333333333,730
E01151,0.0,0.0,730
E01152,0.0,0.0,365
E01153,0.16666666666666666,0.0,730
E01154,0.1111111111111111,0.0,396
E01155,0.0,0.0,730
E01156,0.14285714285714285,0.6666666666666666,575
E01157,0.16666666666666666,0.0,730
E01158,0.0,0.3333333333333333,730
E01159,0.0,0.3333333333333333,730
E01160,0.0,0.0,730
E01161,0.0,0.0,730
E01162,0.0,0.0,730
E01163,0.07142857142857142,0.0,730
E01164,0.0,0.0,730
E01165,0.0,0.0,730
E01166,0.125,0.0,730
E01168,0.14285714285714285,0.0,730
E01169,0.0,0.5,452
E01170,0.0,0.0,449
E01171,0.0,0.0,730
E01172,0.0,0.3333333333333333,730
E01175,0.0,0.0,571
E01176,0.0,0.0,730
E01177,0.0,0.3333333333333333,730
E01178,0.0,0.3333333333333333,730
E01179,0.034482758620689655,0.0,730
E01180,0.16666666666666666,0.0,730
E01181,0.11764705882352941,0.0,730
E01182,0.0,0.3333333333333333,730
E01183,0.07692307692307693,0.0,235
E01184,0.0,0.0,730
E01186,0.0,0.3333333333333333,730
E01187,0.0,0.0,543
E01188,0.16666666666666666,0.0,730
E01189,0.0,0.0,730
E01190,0.0,0.0,730
E01191,0.2,0.0,730
E01192,0.0,0.0,730
E01193,0.125,0.0,363
E01194,0.0,0.3333333333333333,730
E01195,,0.3333333333333333,730
E01196,0.25,0.3333333333333333,730
E01197,0.0,0.0,730
E01198,0.0,0.3333333333333333,730
E01200,0.0,0.0,730
E01201,0.0,0.0,730
E01202,0.0,0.0,730
E01203,0.0,0.3333333333333333,730
E01204,0.2,0.3333333333333333,730
E01206,0.0,0.0,730
E01207,0.0,0.0,730
E01208,0.0,0.3333333333333333,730
E01209,0.0,0.3333333333333333,730
E01210,0.0,0.0,730
E01211,0.06666666666666667,0.0,730
E01212,0.0,0.0,730
E01213,0.0,0.6666666666666666,730
E01214,0.0,0.0,730
E01215,0.0,0.3333333333333333,730
E01216,0.0,0.6666666666666666,730
E01217,0.14285714285714285,0.0,730
E01218,0.0,0.0,730
E01219,0.08333333333333333,0.3333333333333333,730
E01220,0.0,0.0,730
E01221,,0.0,116
E01222,0.0,0.0,32
E01223,0.08695652173913043,0.3333333333333333,730
E01224,0.3333333333333333,0.3333333333333333,730
E01225,0.0,0.0,730
E01226,0.3333333333333333,0.0,730
E01227,,0.0,88
E01228,0.0,0.0,730
E01229,,0.3333333333333333,730
E01230,0.0,0.3333333333333333,730
E01231,0.1,0.0,151
E01232,0.0,0.3333333333333333,730
E01233,0.0,0.0,730
E01234,0.0,0.3333333333333333,730
E01235,0.0,0.3333333333333333,730
E01236,0.0,0.3333333333333333,730
E01237,0.0,0.6666666666666666,730
E01238,0.0,0.0,730
E01239,0.0,0.0,730
E01240,0.1111111111111111,0.0,730
E01241,0.0,0.3333333333333333,730
E01243,0.0,0.0,730
E01244,,0.0,172
E01245,0.2,0.3333333333333333,730
E01246,0.0,0.0,730
E01247,,0.0,730
E01248,0.2,0.0,730
E01249,0.0,0.0,231
E01250,0.0,1.0,730
E01251,0.0,0.6666666666666666,730
E01252,0.0,0.0,730
E01253,0.0,0.6666666666666666,730
E01254,0.0,0.3333333333333333,730
E01255,0.16666666666666666,0.0,730
E01256,0.0,0.0,730
E01257,0.0,0.0,730
E01258,0.125,0.3333333333333333,730
E01259,0.0,0.6666666666666666,730
E01260,0.0,0.0,730
E01261,0.0,0.0,730
E01262,0.0,0.3333333333333333,730
E01263,0.16666666666666666,0.6666666666666666,730
E01264,0.0,0.0,730
E01265,0.05,0.6666666666666666,730
E01266,0.0,0.0,730
E01267,0.0,0.0,730
E01268,0.125,0.3333333333333333,730
E01269,0.2857142857142857,0.0,730
E01270,0.08333333333333333,0.0,730
E01271,0.16666666666666666,0.3333333333333333,730
E01272,0.1111111111111111,0.6666666666666666,730
E01273,0.0,0.0,730
E01274,0.0,0.3333333333333333,730
E01275,0.0,0.0,730
E01276,0.0,0.0,730
E01277,0.0,0.0,730
E01278,0.06666666666666667,0.6666666666666666,730
E01279,0.0,0.0,730
E01280,0.1111111111111111,0.0,730
E01281,0.125,0.0,730
E01282,0.06666666666666667,0.3333333333333333,730
E01283,0.0,0.0,730
E01284,0.14285714285714285,0.0,730
E01285,0.0,0.0,730
E01286,0.1,0.0,730
E01287,0.0,0.3333333333333333,730
E01288,0.0,0.3333333333333333,730
E01289,0.0,0.3333333333333333,730
E01290,0.0,0.0,730
E01291,0.0,0.0,730
E01292,0.0,0.0,730
E01293,0.1,0.0,466
E01294,0.0,0.0,730
E01295,0.0,0.0,730
E01296,0.0,0.3333333333333333,730
E01297,0.0,0.3333333333333333,730
E01298,0.0,0.0,730
E01299,0.1111111111111111,0.0,730
E01300,0.0,0.3333333333333333,730
E01302,0.0,0.0,241
E01303,0.25,0.0,730
E01304,0.1111111111111111,0.0,242
E01305,0.0,0.0,730
E01306,0.0,0.0,730
E01307,0.0,0.3333333333333333,730
E01308,0.0,0.0,730
E01309,0.2222222222222222,0.0,485
E01310,0.0,0.0,730
E01311,0.1111111111111111,0.3333333333333333,730
E01312,0.14285714285714285,0.0,730
E01313,0.0,0.3333333333333333,730
E01314,0.0,0.3333333333333333,730
E01315,0.0,0.0,730
E01316,0.0,0.3333333333333333,730
E01317,0.0,0.0,730
E01318,0.2222222222222222,0.3333333333333333,730
E01319,0.0,0.0,730
E01320,0.0,0.0,730
E01321,,0.0,730
E01322,0.0,0.0,74
E01323,0.0,0.0,730
E01324,0.0,0.0,730
E01325,0.0,0.0,730
E01326,0.11764705882352941,0.0,730
E01327,0.0,0.3333333333333333,730
E01328,0.0,0.0,730
E01330,,0.0,730
E01331,0.5,0.3333333333333333,730
E01332,0.0,0.0,730
E01333,0.16666666666666666,0.0,730
E01334,0.14285714285714285,0.0,730
E01335,0.0,0.0,730
E01336,0.0,0.3333333333333333,730
E01337,0.0,0.0,730
E01338,0.0,0.0,730
E01339,0.125,0.3333333333333333,730
E01340,0.0,0.0,730
E01342,0.0,0.3333333333333333,730
E01344,0.16666666666666666,0.0,730
E01346,0.16666666666666666,0.0,730
E01347,0.09090909090909091,0.0,730
E01348,0.1111111111111111,0.0,730
E01349,,0.0,638
E01350,0.0,0.3333333333333333,730
E01351,0.0,0.0,730
E01352,0.0,0.3333333333333333,730
E01353,0.08695652173913043,0.0,730
E01354,0.0,0.0,730
E01356,0.0,0.3333333333333333,730
E01357,0.0,0.0,730
E01358,0.0,0.0,730
E01359,0.0,0.0,730
E01360,0.0,0.6666666666666666,730
E01361,0.2,0.0,730
E01362,0.5,0.3333333333333333,730
E01363,0.0,0.0,730
E01364,0.0,0.0,730
E01365,0.0,0.0,449
E01366,0.0,0.3333333333333333,730
E01367,0.25,0.0,730
E01368,0.14285714285714285,0.0,730
E01369,0.0,0.0,730
E01370,0.11764705882352941,0.0,730
E01371,0.0,0.3333333333333333,730
E01372,0.0,0.3333333333333333,730
E01373,0.0,0.0,730
E01374,0.0,0.0,730
E01376,0.125,0.0,730
E01377,0.0,0.0,730
E01378,0.1111111111111111,0.0,730
E01379,0.125,0.0,730
E01380,0.06666666666666667,0.0,730
E01382,0.0,0.5,345
E01383,,0.0,730
E01385,0.0,0.0,730
E01386,0.0,0.3333333333333333,730
E01387,0.1,0.3333333333333333,730
E01388,0.0,0.0,730
E01389,0.1,0.3333333333333333,730
E01391,0.16666666666666666,0.0,730
E01393,0.0,0.3333333333333333,730
E01394,0.0,0.0,730
E01395,0.0,0.0,730
E01396,0.0,0.6666666666666666,730
E01397,0.1111111111111111,0.3333333333333333,730
E01398,0.0,0.3333333333333333,730
E01399,,0.3333333333333333,730
E01401,0.1111111111111111,0.3333333333333333,730
E01402,0.1111111111111111,0.0,730
E01403,0.0,0.3333333333333333,730
E01404,0.0,0.0,730
E01405,0.0,0.0,730
E01406,0.18181818181818182,0.3333333333333333,730
E01407,0.0,0.6666666666666666,730
E01408,0.0,0.6666666666666666,730
E01409,0.0,0.0,730
E01410,0.0,0.3333333333333333,730
E01411,0.0,0.0,730
E01412,0.0,0.3333333333333333,730
E01413,0.0,0.3333333333333333,730
E01414,0.3333333333333333,0.0,730
E01415,0.0,0.0,730
E01416,0.1111111111111111,0.0,730
E01417,0.125,0.6666666666666666,730
E01418,,0.0,730
E01419,0.0,0.3333333333333333,730
E01420,0.0,0.0,730
E01423,0.0,0.0,730
E01424,0.0,0.3333333333333333,730
E01427,0.0,0.0,730
E01428,0.0,0.0,730
E01429,0.0,0.0,730
E01430,0.125,0.3333333333333333,730
E01431,0.0,0.0,730
E01432,0.0,0.3333333333333333,730
E01433,0.15384615384615385,0.0,730
E01434,0.125,0.0,730
E01435,0.0,0.0,730
E01436,,0.3333333333333333,730
E01437,0.0,0.6666666666666666,730
E01438,0.25,0.0,730
E01439,0.0,0.0,730
E01440,0.25,0.0,730
E01441,0.047619047619047616,0.0,730
E01442,0.18181818181818182,0.3333333333333333,730
E01443,0.0,0.0,730
E01444,0.0,0.0,730
E01445,0.0,0.0,730
E01446,0.0,0.0,730
E01447,0.0,0.0,730
E01450,0.0,0.0,730
E01451,0.1111111111111111,0.0,730
E01452,0.0,0.3333333333333333,730
E01453,0.1111111111111111,0.3333333333333333,730
E01454,0.0,0.0,730
E01456,0.16666666666666666,0.0,730
E01458,,0.3333333333333333,730
E01459,0.0,0.0,730
E01460,0.0,0.3333333333333333,730
E01461,0.14285714285714285,0.0,730
E01462,0.0,0.3333333333333333,730
E01463,0.0,0.3333333333333333,730
E01464,0.0,0.3333333333333333,730
E01465,0.0,0.3333333333333333,730
E01467,0.0,0.0,730
E01468,0.0,0.0,730
E01469,0.2,0.0,730
E01471,0.0,0.0,730
E01472,0.0,0.0,730
E01473,0.0,0.3333333333333333,730
E01474,0.034482758620689655,0.0,730
E01475,0.0,0.0,730
E01476,0.0,0.0,730
E01477,0.0,0.0,730
E01478,0.047619047619047616,0.0,730
E01479,0.0,0.0,730
E01480,0.0,0.3333333333333333,730
E01481,0.0,0.6666666666666666,730
E01482,0.0,0.0,730
E01483,0.25,0.3333333333333333,730
E01484,0.0,0.3333333333333333,730
E01485,0.0,0.3333333333333333,730
E01486,0.09090909090909091,0.3333333333333333,730
E01487,0.125,0.3333333333333333,730
E01488,0.0,0.0,480
E01489,0.0,1.0,208
E01490,0.0,0.0,730
E01491,0.0,0.6666666666666666,730
E01492,0.25,0.0,730
E01493,0.0,0.0,730
E01494,0.0,0.3333333333333333,730
E01495,0.0,0.0,730
E01496,0.0,0.3333333333333333,730
E01497,0.0,0.0,730
E01498,0.0,0.0,730
E01499,0.15384615384615385,0.0,730
E01500,0.0,0.3333333333333333,730
E01501,0.1111111111111111,0.3333333333333333,730
E01502,0.0,0.0,730
E01503,0.0,0.0,730
E01504,0.14285714285714285,0.5,389
E01506,0.0,0.0,730
E01507,0.0,0.3333333333333333,730
E01508,0.0,0.3333333333333333,697
E01509,0.0,0.3333333333333333,730
E01510,0.0,0.0,730
E01511,0.0,0.0,365
E01513,0.0,0.0,730
E01514,0.0,0.0,730
E01515,0.0,0.3333333333333333,730
E01516,0.0,0.3333333333333333,730
E01517,0.0,0.0,730
E01518,0.0,0.0,730
E01519,0.0,0.0,730
E01520,0.0,0.3333333333333333,730
E01521,0.1,0.6666666666666666,730
E01522,0.0,0.0,655
E01523,0.0,0.0,730
E01524,0.0,0.3333333333333333,638
E01525,0.0,0.0,730
E01526,0.2857142857142857,0.0,730
E01528,0.0,0.0,730
E01529,0.0,0.0,730
E01531,0.1,0.0,430
E01532,0.0,0.0,730
E01533,0.0,0.3333333333333333,730
E01534,0.0,0.0,730
E01535,0.0,0.0,99
E01536,0.0,0.0,730
E01537,0.14285714285714285,0.3333333333333333,730
E01538,0.0,0.0,730
E01539,0.0,0.6666666666666666,730
E01540,0.0,0.0,730
E01541,0.0,0.3333333333333333,730
E01542,0.0,0.3333333333333333,730
E01543,0.125,0.3333333333333333,730
E01544,0.0,0.3333333333333333,730
E01545,0.0,0.0,730
E01546,0.3333333333333333,0.3333333333333333,730
E01547,0.0,0.0,730
E01548,0.0,0.0,730
E01549,0.14285714285714285,0.0,730
E01550,0.0,0.0,730
E01551,0.16666666666666666,0.3333333333333333,730
E01552,0.0,0.0,730
E01553,0.0,0.0,730
E01554,0.125,0.3333333333333333,730
E01555,0.14285714285714285,0.0,595
E01556,0.0,0.0,730
E01557,0.0,0.3333333333333333,730
E01558,0.0,0.0,730
E01559,0.14285714285714285,0.3333333333333333,730
E01560,0.0,0.0,730
E01561,0.0,0.6666666666666666,730
E01562,0.0,0.0,730
E01563,0.0,0.3333333333333333,669
E01564,0.0,0.0,730
E01565,0.0,0.0,613
E01566,0.16666666666666666,0.3333333333333333,730
E01567,0.0,0.6666666666666666,730
E01568,0.0,0.0,730
E01569,0.125,0.0,239
E01570,0.0,0.3333333333333333,730
E01572,0.1111111111111111,0.0,730
E01573,0.15384615384615385,0.6666666666666666,730
E01574,0.25,0.0,730
E01575,0.0,0.0,730
E01576,0.0,0.0,730
E01578,0.0,0.3333333333333333,730
E01579,0.0,0.0,730
E01580,0.0,0.3333333333333333,730
E01581,0.25,0.3333333333333333,730
E01583,0.0,0.0,730
E01584,0.0,0.0,730
E01585,0.0,0.0,730
E01586,0.0,0.3333333333333333,730
E01587,0.16666666666666666,0.0,730
E01588,0.0,0.3333333333333333,730
E01590,0.2222222222222222,0.0,730
E01591,0.0,0.0,730
E01592,0.25,0.0,730
E01593,0.0,0.0,730
E01594,0.027777777777777776,0.0,730
E01595,0.0,0.0,730
E01596,0.14285714285714285,0.0,459
E01597,0.0,0.3333333333333333,730
E01598,0.3333333333333333,0.3333333333333333,730
E01599,0.0,0.0,730
E01600,0.0,0.6666666666666666,730
E01601,,0.0,730
E01602,0.14285714285714285,0.0,730
E01603,0.25,0.3333333333333333,730
E01604,0.0,0.0,730
E01605,0.125,0.0,277
E01606,0.0,0.3333333333333333,730
E01607,0.14285714285714285,0.0,730
E01608,0.0,0.0,730
E01609,,0.0,730
E01610,0.0,0.0,730
E01612,0.0,1.0,74
E01613,0.14285714285714285,0.0,730
E01614,0.0,0.0,730
E01615,0.0,0.0,730
E01616,0.0,0.3333333333333333,730
E01617,0.0,0.0,730
E01618,0.0,0.3333333333333333,730
E01619,0.034482758620689655,0.3333333333333333,730
E01620,0.0,0.3333333333333333,730
E01621,0.0,0.0,730
E01622,0.16666666666666666,0.3333333333333333,730
E01623,0.0,0.3333333333333333,730
E01624,0.0,0.0,730
E01625,0.0,0.6666666666666666,730
E01626,0.0,0.0,730
E01627,0.08333333333333333,0.0,730
E01628,0.14285714285714285,0.3333333333333333,730
E01629,0.0,0.0,730
E01630,,0.3333333333333333,730
E01631,0.0,0.0,730
E01632,0.0,0.3333333333333333,730
E01633,0.0,0.0,730
E01634,0.0,0.5,374
E01635,0.0,0.0,730
E01636,0.14285714285714285,0.3333333333333333,730
E01637,0.0,0.0,730
E01638,,0.0,730
E01639,,0.3333333333333333,730
E01640,0.0,0.0,730
E01641,0.14285714285714285,0.3333333333333333,730
E01643,0.0,0.0,730
E01644,0.14285714285714285,0.3333333333333333,730
E01645,0.0,0.0,730
E01649,0.0,0.0,730
E01651,0.0,0.0,730
E01652,0.0,0.0,359
E01653,0.0,0.0,730
E01654,0.0,0.0,730
E01655,0.0,0.0,730
E01656,0.0,0.0,730
E01657,0.0,0.3333333333333333,730
E01659,0.1,0.0,730
E01660,0.14285714285714285,0.0,730
E01661,0.1111111111111111,0.0,730
E01662,0.0,0.0,196
E01663,0.0,0.0,730
E01664,0.0,0.0,730
E01665,0.1111111111111111,0.0,730
E01666,0.0,0.0,730
E01667,0.047619047619047616,0.0,730
E01668,0.0,0.0,730
E01669,0.25,0.0,730
E01670,0.0,0.0,730
E01671,0.0,0.0,730
E01672,0.0,0.0,634
E01673,0.06666666666666667,0.3333333333333333,730
E01674,0.25,0.3333333333333333,730
E01675,0.2,0.0,730
E01677,0.2222222222222222,0.0,730
E01678,0.14285714285714285,0.3333333333333333,730
E01680,0.0,0.0,730
E01681,0.0,0.0,730
E01682,0.0,0.0,730
E01683,0.0,0.0,730
E01684,0.0,0.0,597
E01685,0.16666666666666666,0.0,730
E01686,0.0,0.0,573
E01688,0.14285714285714285,0.0,730
E01689,1.0,0.0,440
E01690,0.25,0.3333333333333333,730
E01691,0.0,0.0,730
E01692,0.0,0.3333333333333333,730
E01693,0.14285714285714285,0.0,730
E01694,0.0,0.0,730
E01695,0.1,0.3333333333333333,730
E01696,0.0,0.0,730
E01697,0.3333333333333333,0.0,730
E01698,0.0,0.3333333333333333,730
E01699,0.0,0.3333333333333333,730
E01700,0.0,0.3333333333333333,730
E01701,0.0,0.3333333333333333,730
E01702,0.0,0.3333333333333333,730
E01704,0.3333333333333333,0.0,730
E01705,0.0,0.0,730
E01706,0.0,0.0,730
E01707,0.0,0.0,730
E01708,0.1,0.0,730
E01709,0.0,0.0,730
E01710,0.0,0.0,730
E01711,0.0,0.3333333333333333,730
E01712,0.16666666666666666,0.0,730
E01713,0.0,0.0,730
E01714,0.0,0.0,730
E01715,0.0,0.0,730
E01716,0.2,0.0,730
E01717,0.08695652173913043,0.3333333333333333,730
E01718,0.0,0.0,730
E01719,0.0,0.0,403
E01720,0.0,0.0,730
E01721,0.0,0.0,730
E01722,0.125,0.0,730
E01723,0.0,0.6666666666666666,730
E01724,0.0,0.0,730
E01725,0.0,0.0,730
E01726,0.0,0.6666666666666666,730
E01727,0.0,0.0,730
E01728,0.0,0.0,730
E01729,0.16666666666666666,0.0,730
E01730,0.0,0.3333333333333333,651
E01731,0.0,0.3333333333333333,730
E01732,0.0,0.3333333333333333,730
E01733,0.0,0.3333333333333333,730
E01734,0.0,0.0,730
E01735,0.0,0.0,730
E01736,0.0,0.3333333333333333,730
E01737,0.0,0.0,730
E01738,0.2,0.0,730
E01739,0.16666666666666666,0.5,427
E01740,0.0,0.0,730
E01741,,0.3333333333333333,730
E01742,0.0625,0.0,242
E01743,0.0,0.0,730
E01744,0.0,0.3333333333333333,730
E01745,,0.0,730
E01746,0.0,0.0,238
E01747,0.0,0.0,730
E01748,,0.0,730
E01749,0.1111111111111111,0.0,730
E01750,0.0,0.3333333333333333,730
E01751,0.0,0.0,730
E01752,0.0,0.3333333333333333,730
E01753,0.14285714285714285,0.3333333333333333,730
E01754,0.3333333333333333,0.0,730
E01755,0.0,0.3333333333333333,730
E01756,0.0,0.0,730
E01757,0.13333333333333333,0.0,730
E01758,0.0,0.3333333333333333,730
E01759,0.0,0.3333333333333333,730
E01760,0.0,0.6666666666666666,730
E01761,0.0,0.3333333333333333,730
E01762,0.0,0.3333333333333333,730
E01763,0.0,0.3333333333333333,730
E01764,0.16666666666666666,0.3333333333333333,730
E01765,0.0,1.0,44
E01766,0.0,0.0,730
E01768,0.07692307692307693,0.3333333333333333,730
E01769,0.0,0.6666666666666666,730
E01770,0.0,0.0,730
E01771,0.0,0.3333333333333333,730
E01772,0.0,0.3333333333333333,730
E01773,0.1111111111111111,0.3333333333333333,730
E01774,0.0,0.0,730
E01775,0.14285714285714285,0.0,730
E01776,0.0,0.0,730
E01777,0.0,0.0,730
E01778,0.0,0.0,730
E01779,0.045454545454545456,1.0,193
E01781,0.125,0.0,730
E01782,0.0,0.6666666666666666,730
E01783,0.0,0.0,730
E01784,0.0,0.3333333333333333,730
E01785,0.0,0.3333333333333333,730
E01786,0.0,0.0,730
E01788,0.058823529411764705,0.0,540
E01790,0.0,0.0,730
E01792,0.0,0.0,730
E01793,0.11764705882352941,0.0,730
E01794,0.25,0.0,730
E01795,0.0,0.6666666666666666,730
E01796,0.0,0.3333333333333333,730
E01797,0.0,0.3333333333333333,730
E01798,0.0,0.0,730
E01799,0.125,0.3333333333333333,730
E01800,0.0,0.6666666666666666,730
E01801,0.0,0.0,730
E01802,0.0,0.0,730
E01803,0.0,0.3333333333333333,730
E01804,0.0,0.6666666666666666,730
E01805,0.0,0.0,730
E01806,0.0,0.0,730
E01807,0.0,0.0,730
E01808,0.0,0.3333333333333333,730
E01809,0.0,0.6666666666666666,580
E01811,0.0,0.0,730
E01812,0.0,0.0,730
E01813,0.16666666666666666,0.3333333333333333,730
E01814,0.0,1.0,730
E01815,0.2857142857142857,0.3333333333333333,730
E01816,0.08333333333333333,0.0,730
E01817,0.0,0.3333333333333333,730
E01818,0.0,0.0,627
E01819,0.25,0.6666666666666666,730
E01820,0.1111111111111111,0.0,730
E01821,0.0,0.3333333333333333,730
E01822,0.0,0.0,730
E01823,0.0,0.3333333333333333,730
E01824,0.3333333333333333,0.0,109
E01825,0.0,0.0,212
E01826,0.2,0.3333333333333333,730
E01827,0.0,0.3333333333333333,730
E01828,0.0,0.0,730
E01829,0.0,0.0,730
E01830,0.0,0.0,730
E01831,0.0,0.6666666666666666,730
E01832,0.0,0.3333333333333333,730
E01833,0.0,0.3333333333333333,730
E01834,0.2,0.3333333333333333,730
E01836,0.0,0.0,730
E01838,0.0,0.0,730
E01839,0.16666666666666666,0.0,730
E01840,0.0,0.3333333333333333,730
E01841,0.125,0.3333333333333333,730
E01842,0.0,0.0,730
E01843,0.0,0.6666666666666666,730
E01844,0.07692307692307693,0.0,730
E01845,0.0,0.0,730
E01846,0.0,0.0,730
E01847,0.0,0.0,730
E01848,,0.3333333333333333,730
E01849,0.1,0.0,730
E01850,0.0,0.0,730
E01851,0.0,0.3333333333333333,730
E01852,,0.3333333333333333,730
E01853,0.0,0.0,730
E01854,0.05263157894736842,0.6666666666666666,730
E01855,0.0,0.3333333333333333,730
E01856,,0.0,730
E01857,0.0,0.3333333333333333,730
E01858,0.3333333333333333,0.0,730
E01859,,0.0,425
E01860,0.0,0.0,730
E01861,0.0,0.0,144
E01862,0.1111111111111111,0.0,730
E01863,0.06666666666666667,0.3333333333333333,730
E01864,0.25,0.0,730
E01865,0.0,0.0,730
E01866,0.0,0.6666666666666666,730
E01867,0.16666666666666666,0.0,730
E01868,0.0,0.0,730
E01870,0.5,0.0,730
E01871,,0.0,730
E01872,0.0,0.3333333333333333,730
E01873,0.25,0.0,242
E01874,0.0,0.3333333333333333,730
E01875,0.0,0.0,730
E01876,0.2,0.6666666666666666,730
E01878,0.125,0.3333333333333333,730
E01880,,0.0,149
E01884,0.0,0.0,730
E01885,0.0,0.0,730
E01887,0.1,0.0,730
E01889,0.0,0.0,730
E01890,0.0,0.6666666666666666,730
E01891,0.0,0.0,730
E01892,0.0,0.0,730
E01893,0.0,0.3333333333333333,730
E01894,0.0,0.3333333333333333,730
E01895,0.0,0.0,730
E01896,0.0,0.0,730
E01897,0.0,0.0,730
E01898,0.0,0.3333333333333333,730
E01899,0.0,0.3333333333333333,730
E01900,0.3333333333333333,0.0,730
E01901,0.0,0.0,730
E01902,0.1,0.3333333333333333,730
E01904,0.0,0.0,730
E01905,0.0,0.0,730
E01906,0.0,0.6666666666666666,730
E01907,0.0,1.0,209
E01908,0.0,0.0,730
E01909,0.0,0.3333333333333333,730
E01910,0.1111111111111111,0.0,198
E01912,0.0,0.0,252
E01913,0.0,0.0,730
E01914,0.0,1.0,86
E01916,0.0,0.5,396
E01917,0.0,0.0,730
E01919,0.0,0.3333333333333333,730
E01920,0.0,0.3333333333333333,730
E01921,0.14285714285714285,0.0,730
E01922,0.1,0.0,730
E01923,0.0,0.0,165
E01924,0.0,0.3333333333333333,730
E01925,0.09090909090909091,0.3333333333333333,730
E01926,0.14285714285714285,0.0,730
E01927,0.0,0.0,730
E01928,0.0,0.3333333333333333,730
E01929,0.2,0.3333333333333333,730
E01931,0.3333333333333333,0.3333333333333333,730
E01932,0.2857142857142857,0.6666666666666666,730
E01933,0.0,0.0,730
E01934,0.2,0.0,730
E01935,0.0,0.0,730
E01936,0.0,0.0,81
E01937,0.125,0.3333333333333333,730
E01938,0.5,0.0,212
E01940,0.25,0.3333333333333333,730
E01941,0.0,0.3333333333333333,730
E01942,0.0,0.0,730
E01943,0.25,0.0,391
E01944,0.08333333333333333,0.0,545
E01945,0.027777777777777776,0.0,521
E01947,0.2,0.3333333333333333,730
E01949,0.0,0.3333333333333333,730
E01950,0.0,0.6666666666666666,730
E01951,0.0,0.0,730
E01952,0.125,0.3333333333333333,730
E01953,0.0,0.0,730
E01954,0.0,0.6666666666666666,730
E01955,0.0,0.0,730
E01956,0.0,0.0,730
E01957,0.06666666666666667,0.0,730
E01958,0.0,0.0,611
E01959,0.0,0.0,730
E01961,0.0,0.0,730
E01962,0.0,0.3333333333333333,730
E01963,0.0,0.6666666666666666,730
E01964,0.2,0.3333333333333333,730
E01965,0.0,0.0,730
E01966,0.25,0.3333333333333333,730
E01967,0.0,0.0,730
E01968,0.1,0.0,730
E01969,0.25,0.0,578
E01970,0.0,0.0,585
E01971,0.0,0.6666666666666666,730
E01972,0.0,0.0,730
E01973,0.0,0.0,251
E01974,0.0,0.3333333333333333,730
E01975,0.2,0.0,730
E01978,0.25,0.0,730
E01979,0.0,0.0,730
E01980,0.16666666666666666,0.3333333333333333,730
E01981,0.0,0.6666666666666666,730
E01982,0.0,0.3333333333333333,730
E01983,0.0,0.3333333333333333,730
E01984,0.0,0.0,730
E01985,0.0,0.3333333333333333,730
E01987,0.0,0.0,730
E01989,0.0,0.0,730
E01990,0.25,0.3333333333333333,730
E01992,0.0,0.6666666666666666,730
E01993,0.25,0.0,298
E01994,0.0,0.3333333333333333,730
E01996,0.0,0.3333333333333333,730
E01997,0.0,0.3333333333333333,577
E01998,0.25,0.3333333333333333,730
E01999,0.25,0.0,350
E02000,0.14285714285714285,0.0,351
E02001,0.0,0.0,730
E02002,0.0,0.3333333333333333,730
E02003,0.0,0.3333333333333333,730
E02004,0.0,0.3333333333333333,730
E02005,0.0,0.0,730
E02006,0.0,0.3333333333333333,730
E02007,,0.0,730
E02008,0.0,0.0,210
E02009,0.125,0.3333333333333333,730
E02010,0.0,0.3333333333333333,730
E02011,0.0,0.0,730
E02012,0.08695652173913043,0.3333333333333333,730
E02013,0.0,0.0,730
E02015,0.0,0.3333333333333333,730
E02016,0.3333333333333333,0.0,730
E02017,0.14285714285714285,0.0,730
E02018,0.2,0.0,730
E02019,0.125,0.0,730
E02020,0.14285714285714285,0.0,730
E02021,0.0,0.3333333333333333,730
E02022,0.0,0.3333333333333333,730
E02023,0.1,0.0,730
E02025,0.1,0.0,37
E02026,0.0,0.3333333333333333,730
E02027,0.0,0.3333333333333333,730
E02028,0.0,0.0,730
E02030,0.0,0.0,730
E02031,0.0,0.6666666666666666,730
E02032,0.0,0.3333333333333333,730
E02033,0.0,0.3333333333333333,730
E02035,0.25,0.0,730
E02036,0.0,0.3333333333333333,730
E02037,0.0,0.0,730
E02038,0.0,0.0,730
E02039,0.0,0.3333333333333333,730
E02040,0.125,0.0,730
E02041,0.25,0.0,730
E02043,0.027777777777777776,0.3333333333333333,730
E02044,0.0,0.0,730
E02045,0.0,0.3333333333333333,730
E02046,0.5,0.0,730
E02047,0.1111111111111111,0.0,730
E02048,0.0,0.0,730
E02050,0.1,0.0,577
E02051,0.25,0.0,662
E02052,0.1111111111111111,0.3333333333333333,730
E02053,0.0,0.0,730
E02054,0.5,1.0,36
E02055,0.0,0.0,730
E02056,0.09090909090909091,0.0,730
E02057,0.0,0.0,730
E02058,0.0,0.0,730
E02059,0.0,0.0,730
E02060,0.09090909090909091,0.3333333333333333,730
E02061,0.0,0.0,730
E02062,0.25,0.0,730
E02063,0.0,0.0,730
E02064,0.0,0.0,730
E02066,0.2857142857142857,0.0,730
E02067,0.5,0.0,730
E02068,0.0,0.3333333333333333,730
E02069,0.0,0.0,730
E02070,0.14285714285714285,0.6666666666666666,730
E02071,0.0,0.0,697
E02072,0.0,0.0,730
E02073,0.15384615384615385,0.0,730
E02075,0.0,0.0,730
E02076,0.0,0.0,730
E02077,0.1111111111111111,0.3333333333333333,730
E02078,0.125,0.0,730
E02079,0.0,0.6666666666666666,730
E02081,0.0,0.0,730
E02082,0.0,0.0,730
E02083,0.2222222222222222,0.0,730
E02084,0.0,0.0,730
E02085,0.0,0.0,730
E02086,0.0,0.3333333333333333,730
E02087,0.0,0.3333333333333333,730
E02088,,0.5,500
E02089,0.0,0.0,730
E02090,0.0,0.0,730
E02091,0.0,0.3333333333333333,730
E02092,0.0,0.0,67
E02093,0.14285714285714285,0.6666666666666666,730
E02094,0.0,0.3333333333333333,730
E02095,0.25,0.3333333333333333,730
E02096,0.0,0.0,88
E02097,0.125,0.0,730
E02099,0.0,0.3333333333333333,730
E02100,0.1,0.0,730
E02101,0.0,0.3333333333333333,730
E02102,0.0,0.0,730
E02103,0.0,1.0,144
E02105,0.0,0.0,120
E02106,0.1111111111111111,0.3333333333333333,730
E02107,0.0,0.0,730
E02109,0.0,0.0,730
E02110,0.0,0.6666666666666666,730
E02111,0.0,0.3333333333333333,730
E02112,0.0,0.0,730
E02113,0.14285714285714285,0.3333333333333333,730
E02114,0.0,0.0,730
E02115,0.0,0.0,730
E02116,0.0,0.0,730
E02117,0.0,0.0,486
E02118,0.16666666666666666,0.0,730
E02119,0.0,0.0,730
E02120,0.0,0.0,730
E02121,0.0,0.0,730
E02122,0.0,0.3333333333333333,730
E02123,0.14285714285714285,0.0,730
E02124,0.2,0.0,730
E02125,0.0,0.0,730
E02128,0.0,0.0,730
E02129,0.14285714285714285,0.3333333333333333,730
E02130,0.14285714285714285,0.0,730
E02131,0.0,0.3333333333333333,730
E02132,0.2,0.3333333333333333,730
E02133,0.0,0.3333333333333333,730
E02134,0.11764705882352941,0.0,730
E02135,0.0,0.0,730
E02136,0.1111111111111111,0.0,730
E02137,0.0,0.0,730
E02138,,0.3333333333333333,730
E02139,0.0,0.0,730
E02140,0.1,0.0,730
E02141,0.0,0.0,730
E02143,0.14285714285714285,0.0,730
E02144,0.0,0.3333333333333333,730
E02145,,0.0,362
E02146,0.0,0.0,730
E02147,0.0,0.0,730
E02148,0.0,0.0,730
E02149,0.1111111111111111,0.0,730
E02150,0.0,0.0,730
E02151,0.14285714285714285,0.3333333333333333,730
E02152,0.0,0.0,730
E02153,0.0,0.3333333333333333,521
E02154,0.0,0.3333333333333333,730
E02155,0.14285714285714285,0.0,730
E02156,0.0,0.0,730
E02157,0.0,0.0,730
E02158,0.25,0.0,730
E02159,0.0,0.0,438
E02160,0.0,0.3333333333333333,730
E02161,0.125,0.0,730
E02162,,0.3333333333333333,730
E02163,0.25,0.3333333333333333,730
E02164,0.0,0.0,730
E02165,0.0,0.3333333333333333,730
E02166,,0.0,730
E02167,0.125,0.3333333333333333,730
E02169,0.0,0.0,730
E02170,0.0,0.0,730
E02172,0.0,0.0,730
E02173,1.0,0.0,730
E02175,0.027777777777777776,0.0,730
E02176,0.125,0.0,730
E02177,0.2,0.0,172
E02178,0.14285714285714285,0.6666666666666666,730
E02180,0.0,0.6666666666666666,730
E02181,0.2,0.0,730
E02182,0.1,0.0,730
E02183,0.0,0.0,648
E02186,0.1111111111111111,0.0,730
E02187,0.0,0.0,730
E02188,0.0,0.0,730
E02189,0.0,0.6666666666666666,730
E02190,0.0,0.0,730
E02192,0.25,0.0,730
E02193,0.0,0.3333333333333333,730
E02194,0.0,0.3333333333333333,730
E02195,0.0,0.3333333333333333,730
E02196,0.3333333333333333,0.3333333333333333,730
E02197,0.0,0.0,730
E02198,0.0,0.3333333333333333,730
E02199,0.0,0.3333333333333333,730
E02201,0.14285714285714285,0.0,730
E02202,0.0,0.0,730
E02203,0.0,0.3333333333333333,730
E02204,0.0,0.0,730
E02205,0.1,0.0,396
E02206,0.0,0.3333333333333333,730
E02207,,0.0,730
E02208,0.0,0.0,730
E02209,0.0,0.0,730
E02210,0.25,0.0,730
E02211,0.0,0.6666666666666666,730
E02213,0.0,0.3333333333333333,730
E02214,0.0,0.0,730
E02215,0.25,0.0,730
E02216,0.0,0.3333333333333333,730
E02217,0.0,0.3333333333333333,730
E02219,0.0,0.0,730
E02220,0.0,0.0,730
E02222,0.0,0.3333333333333333,730
E02223,0.25,0.0,730
E02224,0.0,0.3333333333333333,730
E02225,0.2,0.0,730
E02226,1.0,0.0,494
E02227,0.0,0.3333333333333333,730
E02228,0.0,0.3333333333333333,730
E02229,0.0,0.0,581
E02230,0.11764705882352941,0.0,730
E02231,0.0,0.0,730
E02232,0.4,0.3333333333333333,730
E02234,0.0,0.0,613
E02235,0.0,0.3333333333333333,730
E02236,0.0,0.0,730
E02237,0.2,0.0,730
E02238,0.5,0.0,730
E02239,0.25,0.3333333333333333,730
E02240,0.0,0.0,730
E02241,0.14285714285714285,0.0,730
E02242,0.0,0.0,730
E02243,0.0,0.0,730
E02244,0.0,0.0,730
E02245,0.1,0.3333333333333333,730
E02247,0.2,0.6666666666666666,730
E02248,0.1111111111111111,0.0,730
E02249,0.0,0.0,333
E02250,0.0,0.3333333333333333,730
E02251,0.0,0.6666666666666666,730
E02252,0.25,0.0,730
E02253,0.0,0.0,214
E02254,0.5,0.0,730
E02255,0.1111111111111111,0.0,730
E02256,0.125,0.0,396
E02257,0.0,0.0,730
E02258,0.2,0.0,730
E02259,0.0,0.0,730
E02260,0.1,0.0,730
E02261,0.0,0.0,730
E02262,0.3333333333333333,0.3333333333333333,730
E02263,0.0,0.6666666666666666,730
E02264,0.1111111111111111,0.3333333333333333,730
E02265,0.0,0.0,730
E02267,0.25,0.0,730
E02268,0.14285714285714285,0.0,730
E02269,0.0,0.0,730
E02270,0.0,1.0,58
E02271,0.1,0.3333333333333333,730
E02272,0.25,0.0,730
E02273,0.0,0.0,730
E02274,0.0,0.0,730
E02275,,0.0,730
E02276,0.0,0.0,730
E02277,0.0,0.3333333333333333,730
E02278,0.08333333333333333,0.3333333333333333,730
E02279,0.125,0.3333333333333333,730
E02280,0.125,0.0,730
E02281,0.0,0.3333333333333333,730
E02282,0.0,0.6666666666666666,730
E02283,0.0,0.3333333333333333,730
E02284,0.0,0.0,730
E02285,0.0,0.0,730
E02286,1.0,0.0,235
E02287,0.0,0.0,730
E02288,0.0,0.0,730
E02289,0.06666666666666667,0.0,730
E02290,0.0,0.3333333333333333,730
E02291,0.3333333333333333,0.0,730
E02292,1.0,0.0,730
E02293,0.0,0.6666666666666666,645
E02294,0.25,0.3333333333333333,730
E02295,0.0,0.0,730
E02296,0.2,0.6666666666666666,515
E02297,0.047619047619047616,0.0,730
E02298,0.0,0.0,730
E02299,0.0,0.0,730
E02300,0.0,0.3333333333333333,730
E02301,0.1,0.0,730
E02302,0.0,0.0,730
E02303,0.0,0.6666666666666666,730
E02304,0.0,0.3333333333333333,730
E02305,0.0,0.5,424
E02306,0.14285714285714285,0.3333333333333333,730
E02307,0.0,0.3333333333333333,730
E02308,0.0,0.0,730
E02309,0.2,0.6666666666666666,730
E02310,0.0,0.0,730
E02311,0.0,0.0,669
E02312,0.0,0.0,730
E02313,0.0,0.0,730
E02314,0.0,0.3333333333333333,730
E02315,0.0,0.0,730
E02316,0.0,0.0,730
E02317,0.0,0.0,730
E02318,0.25,0.3333333333333333,730
E02319,0.0,0.3333333333333333,730
E02320,0.0,0.0,654
E02321,0.0,0.3333333333333333,730
E02322,0.0,0.0,730
E02323,,0.0,730
E02324,0.0,0.5,365
E02325,0.11764705882352941,0.3333333333333333,730
E02326,0.0,0.0,730
E02327,,0.3333333333333333,730
E02328,0.0,0.6666666666666666,730
E02329,0.0,0.0,730
E02330,0.0,0.3333333333333333,730
E02331,0.0,0.0,730
E02332,0.0,0.0,730
E02333,0.0,0.0,730
E02334,0.0,0.6666666666666666,730
E02335,0.0,0.3333333333333333,730
E02336,0.0,0.0,361
E02337,,0.0,730
E02339,0.25,0.0,730
E02340,0.0,0.0,730
E02341,0.1111111111111111,0.3333333333333333,730
E02342,0.08333333333333333,0.0,730
E02343,0.16666666666666666,0.5,436
E02345,0.0,0.0,730
E02346,0.0,0.0,730
E02347,0.0,0.0,677
E02348,0.0,0.6666666666666666,730
E02350,0.0,0.0,730
E02351,0.0,0.3333333333333333,730
E02353,0.0,0.0,730
E02354,0.0,0.0,730
E02355,0.11764705882352941,0.3333333333333333,730
E02356,0.0,0.3333333333333333,730
E02358,0.0,0.3333333333333333,730
E02359,0.0,0.0,730
E02360,0.08695652173913043,0.3333333333333333,730
E02361,0.0,0.0,730
E02362,0.07692307692307693,0.0,248
E02363,0.2,0.3333333333333333,730
E02364,0.16666666666666666,0.6666666666666666,730
E02365,0.0,0.0,730
E02366,0.0,0.0,730
E02368,0.0,0.6666666666666666,730
E02369,0.0,0.0,730
E02370,0.0,0.3333333333333333,730
E02371,0.0,0.0,730
E02372,0.5,0.0,730
E02373,0.0,0.0,730
E02374,0.0,0.6666666666666666,730
E02375,0.08333333333333333,0.3333333333333333,730
E02376,0.3333333333333333,0.3333333333333333,730
E02377,0.0,0.0,730
E02378,0.0,0.3333333333333333,730
E02379,0.0,0.0,730
E02380,0.0,0.0,730
E02382,0.0,0.0,730
E02383,0.0,0.0,730
E02384,0.0,0.6666666666666666,730
E02386,0.14285714285714285,0.0,730
E02388,0.0,0.0,120
E02389,0.0,0.0,730
E02390,0.0,0.0,730
E02391,0.3333333333333333,0.0,730
E02393,0.0,0.0,69
E02394,0.0,0.3333333333333333,730
E02395,0.0,0.3333333333333333,730
E02396,0.2857142857142857,0.3333333333333333,730
E02397,0.0,0.0,730
E02399,0.0,0.0,730
E02400,0.0,0.0,730
E02401,0.0,0.0,730
E02402,0.0,0.0,730
E02403,0.125,0.3333333333333333,730
E02404,0.0,0.0,730
E02405,0.0,0.3333333333333333,730
E02406,0.3333333333333333,0.0,730
E02407,0.0,0.0,730
E02408,0.16666666666666666,0.0,730
E02409,0.0,0.0,730
E02410,0.14285714285714285,0.0,32
E02411,0.0,0.3333333333333333,730
E02413,0.0,0.3333333333333333,730
E02414,1.0,0.0,35
E02415,0.3333333333333333,0.3333333333333333,730
E02416,0.0,0.0,730
E02419,0.0,0.3333333333333333,730
E02420,0.0,0.0,730
E02421,0.0,0.0,730
E02422,0.0,0.0,304
E02423,0.0,0.0,730
E02424,0.0,0.3333333333333333,730
E02425,0.0,0.0,730
E02426,0.0,0.3333333333333333,730
E02427,0.15384615384615385,0.3333333333333333,730
E02428,0.0,0.6666666666666666,730
E02429,,0.0,730
E02430,1.0,0.5,319
E02431,0.0,0.3333333333333333,730
E02432,0.0,0.0,730
E02433,0.0,0.3333333333333333,730
E02434,0.0,0.0,730
E02435,0.0,0.0,730
E02436,0.0,0.3333333333333333,730
E02437,0.0,0.0,730
E02438,0.0,0.0,730
E02439,0.0,0.0,730
E02440,0.0,0.6666666666666666,730
E02441,0.0,0.3333333333333333,730
E02442,0.0,0.3333333333333333,730
E02443,0.0,0.0,730
E02445,1.0,0.0,730
E02446,0.0,0.0,730
E02448,0.0,0.0,730
E02449,0.0,0.0,730
E02450,0.0,0.3333333333333333,730
E02451,0.0,0.0,730
E02452,0.0,0.3333333333333333,730
E02453,0.125,0.3333333333333333,730
E02454,0.0,0.0,730
E02455,0.0,0.0,730
E02456,0.0,0.0,730
E02457,0.0,0.0,730
E02458,0.07692307692307693,0.3333333333333333,730
E02459,0.0,0.0,730
E02460,0.0,0.0,730
E02461,0.0,0.3333333333333333,730
E02462,0.0,0.0,730
E02463,0.1,0.0,730
E02464,0.0,0.0,193
E02465,0.16666666666666666,0.0,730
E02467,0.0,0.6666666666666666,730
E02468,0.0,0.0,730
E02469,0.0,0.0,730
E02470,0.0,0.0,730
E02471,0.0,0.0,730
E02472,0.0,0.0,730
E02474,0.15384615384615385,0.6666666666666666,730
E02475,0.0,0.3333333333333333,730
E02476,0.0,0.3333333333333333,730
E02477,0.0,0.0,645
E02478,0.14285714285714285,0.0,193
E02479,0.0,0.0,730
E02481,0.0,0.0,730
E02482,0.0,0.0,730
E02483,0.2,0.3333333333333333,730
E02484,0.2,0.3333333333333333,730
E02485,0.0,0.0,730
E02486,0.0,0.0,730
E02487,0.0,0.0,304
E02489,,0.0,730
E02491,0.0,0.0,730
E02492,0.0,0.0,730
E02493,0.0,0.3333333333333333,730
E02494,0.09090909090909091,0.3333333333333333,730
E02495,,0.0,730
E02496,0.05,0.0,730
E02497,0.16666666666666666,0.0,730
E02498,0.16666666666666666,0.3333333333333333,730
E02499,0.0,0.0,730
E02500,0.0,0.0,730
E02501,0.0,0.3333333333333333,730
E02502,0.0,0.0,730
E02503,0.0,0.6666666666666666,730
E02504,0.0,0.0,408
E02505,0.0,0.3333333333333333,730
E02506,0.0,0.3333333333333333,730
E02507,0.0,0.3333333333333333,730
E02509,0.0,0.0,730
E02510,0.0,0.0,730
E02511,0.0,0.0,730
E02512,0.027777777777777776,0.0,730
E02514,0.0,0.3333333333333333,730
E02515,0.0,0.0,730
E02517,0.0,0.0,730
E02518,0.0,0.3333333333333333,730
E02519,0.0,0.0,730
E02520,0.0,0.0,730
E02522,0.0,0.6666666666666666,730
E02524,0.0,0.3333333333333333,730
E02527,0.1111111111111111,0.0,730
E02529,0.0,0.0,730
E02530,0.2222222222222222,0.6666666666666666,730
E02531,0.0,0.0,730
E02532,0.0,0.6666666666666666,730
E02533,0.0,0.0,730
E02534,0.0,0.0,730
E02535,0.2,0.0,228
E02536,0.0,0.0,300
E02537,0.0,0.0,730
E02538,0.0,0.0,730
E02539,0.0,0.3333333333333333,730
E02540,1.0,0.3333333333333333,730
E02541,0.09090909090909091,0.0,730
E02542,0.0,0.0,730
E02543,0.0,0.0,730
E02544,1.0,0.0,102
E02545,0.0,0.0,68
E02546,0.0,0.0,730
E02547,0.0,0.3333333333333333,730
E02548,0.0,0.0,215
E02549,0.0,0.0,730
E02550,0.125,0.0,730
E02551,0.0,0.0,730
E02552,0.0,0.0,730
E02553,0.0,0.3333333333333333,730
E02554,0.16666666666666666,0.0,730
E02555,0.0,0.3333333333333333,730
E02556,0.0,0.3333333333333333,606
E02557,0.0,0.3333333333333333,730
E02558,0.0,0.0,730
E02559,0.0,0.0,730
E02560,0.0,0.0,730
E02561,0.0,0.3333333333333333,730
E02562,0.0,0.0,424
E02563,0.0,0.3333333333333333,730
E02564,0.0,0.0,730
E02565,0.1111111111111111,0.6666666666666666,667
E02566,0.0,0.3333333333333333,730
E02568,0.0,0.0,53
E02569,0.125,0.6666666666666666,730
E02570,0.3333333333333333,0.0,730
E02571,0.0,0.3333333333333333,730
E02572,0.0,0.0,548
E02573,0.0,0.0,730
E02574,0.0,0.0,730
E02575,0.09090909090909091,0.0,730
E02576,0.0,0.3333333333333333,730
E02577,0.0,0.0,730
E02578,0.0,0.0,641
E02579,0.2,0.0,730
E02580,0.0,0.0,730
E02581,0.0,0.3333333333333333,662
E02583,0.14285714285714285,0.0,730
E02584,0.0,0.0,730
E02586,0.0,0.0,730
E02587,0.0,0.0,730
E02588,0.0,0.0,730
E02589,0.07692307692307693,0.3333333333333333,730
E02591,0.0,0.0,730
E02592,0.027777777777777776,0.0,730
E02593,0.05,0.0,730
E02594,0.0,0.0,730
E02595,0.0,0.0,730
E02596,0.1111111111111111,0.0,730
E02597,0.0,0.0,212
E02598,0.0,0.6666666666666666,730
E02599,0.0,0.6666666666666666,730
E02601,0.0,0.3333333333333333,730
E02602,0.0,0.0,730
E02603,0.0,0.0,730
E02604,0.0,0.3333333333333333,730
E02605,0.0,0.0,226
E02606,0.14285714285714285,0.0,730
E02607,0.0,0.0,730
E02608,0.0,0.0,730
E02610,0.14285714285714285,0.0,730
E02611,0.5,0.0,730
E02612,0.06666666666666667,0.0,730
E02613,0.0,0.3333333333333333,730
E02614,0.0,0.0,730
E02615,0.25,0.3333333333333333,730
E02616,0.0,0.3333333333333333,730
E02617,0.0,0.3333333333333333,531
E02618,0.0,0.3333333333333333,730
E02619,0.0,0.0,730
E02620,0.2,0.0,730
E02621,0.14285714285714285,0.3333333333333333,730
E02622,0.0,0.6666666666666666,730
E02623,0.0,0.0,730
E02624,0.1111111111111111,0.0,235
E02625,0.09090909090909091,0.0,730
E02626,0.0,0.0,730
E02627,0.0,0.3333333333333333,730
E02628,0.0,0.3333333333333333,730
E02629,0.25,0.6666666666666666,730
E02630,0.2,0.0,730
E02631,0.1,0.0,136
E02632,0.14285714285714285,0.3333333333333333,730
E02633,0.0,0.0,730
E02634,0.0,0.0,730
E02635,0.125,0.0,730
E02636,0.034482758620689655,0.0,730
E02637,0.0,0.6666666666666666,730
E02638,0.0,0.3333333333333333,514
E02639,0.0,0.0,730
E02640,0.0,0.3333333333333333,730
E02641,0.0,0.0,730
E02642,0.0,0.0,730
E02643,0.25,0.3333333333333333,730
E02644,0.0,0.0,730
E02645,0.0,0.0,730
E02646,0.06666666666666667,0.3333333333333333,730
E02647,0.0,0.0,730
E02648,0.0,0.0,730
E02649,0.0,0.3333333333333333,730
E02650,0.25,0.0,730
E02651,0.0,0.0,730
E02652,0.0,0.3333333333333333,730
E02653,0.14285714285714285,0.3333333333333333,730
E02654,0.0,0.0,730
E02655,0.0,0.0,730
E02656,0.0,0.6666666666666666,730
E02657,0.0,0.3333333333333333,730
E02658,0.14285714285714285,0.3333333333333333,638
E02659,,0.0,730
E02660,0.0,0.0,730
E02662,0.0,0.3333333333333333,730
E02663,0.0,0.0,452
E02664,0.0,0.0,221
E02665,0.5,0.0,730
E02666,,0.0,730
E02667,0.2,0.0,730
E02668,0.0,0.0,730
E02669,0.0,0.3333333333333333,730
E02670,0.0,0.3333333333333333,730
E02671,0.3333333333333333,0.0,730
E02672,0.0,0.0,730
E02673,0.0,0.0,730
E02674,0.0,0.0,730
E02675,0.0,0.0,730
E02676,0.0,0.0,730
E02677,0.14285714285714285,0.0,730
E02678,0.3333333333333333,0.0,730
E02679,0.0,0.0,99
E02680,0.0,0.3333333333333333,730
E02682,0.0,0.0,730
E02683,0.0,0.6666666666666666,730
E02684,0.14285714285714285,0.5,344
E02685,0.0,0.0,730
E02687,0.0,0.0,730
E02688,0.0,0.0,221
E02689,0.0,0.0,730
E02690,0.0,0.6666666666666666,730
E02691,0.25,0.0,730
E02692,0.09090909090909091,0.0,284
E02694,,0.3333333333333333,730
E02695,0.047619047619047616,0.0,730
E02696,0.0,0.0,730
E02697,0.0,0.3333333333333333,730
E02698,0.16666666666666666,0.3333333333333333,730
E02699,0.0,0.0,730
E02700,0.027777777777777776,0.0,730
E02701,0.16666666666666666,0.0,730
E02702,0.1111111111111111,0.0,730
E02705,0.2,0.0,730
E02706,0.0,0.0,730
E02707,0.0,0.0,730
E02708,0.0,0.3333333333333333,730
E02709,0.5,0.0,730
E02711,0.0,0.0,730
E02712,0.0,0.3333333333333333,730
E02713,0.11764705882352941,0.0,730
E02714,0.0,0.0,424
E02715,0.0,0.0,730
E02716,0.0,0.0,641
E02717,0.1111111111111111,0.0,730
E02718,0.0,0.0,730
E02719,0.2,0.6666666666666666,730
E02720,,1.0,151
E02721,0.0,0.0,730
E02722,0.1111111111111111,0.3333333333333333,730
E02723,0.0,0.3333333333333333,730
E02724,0.2,0.0,730
E02725,0.0,1.0,730
E02726,0.0,0.0,730
E02727,0.0,0.0,730
E02729,0.0,0.0,730
E02732,0.09090909090909091,0.0,730
E02733,0.2857142857142857,0.0,730
E02734,0.14285714285714285,0.0,730
E02735,0.0,0.3333333333333333,730
E02738,0.0,0.5,487
E02739,0.0,0.0,730
E02740,0.0,0.3333333333333333,730
E02741,0.0,0.3333333333333333,730
E02742,,0.0,730
E02743,0.2,0.3333333333333333,730
E02744,0.0,0.0,730
E02745,0.3333333333333333,0.0,730
E02746,0.0,0.0,730
E02747,0.0,0.0,730
E02748,0.0,0.0,730
E02749,0.0,0.3333333333333333,730
E02750,0.0,0.3333333333333333,730
E02751,0.0,0.0,730
E02753,0.0,0.0,730
E02754,0.2,0.0,730
E02755,0.6,0.0,730
E02756,0.0,0.0,730
E02757,0.0,0.3333333333333333,730
E02758,0.14285714285714285,0.3333333333333333,730
E02759,0.0,0.0,730
E02760,0.0,0.0,730
E02761,,1.0,730
E02763,0.0,0.0,730
E02764,0.125,0.3333333333333333,730
E02765,0.0,0.0,730
E02766,0.0,0.6666666666666666,730
E02767,0.25,0.6666666666666666,730
E02768,0.0,0.0,730
E02769,0.0,0.0,730
E02770,0.0,0.0,355
E02771,0.0,0.3333333333333333,730
E02773,0.08333333333333333,0.3333333333333333,730
E02774,0.0,0.0,730
E02775,0.25,0.0,730
E02776,0.0,0.0,730
E02777,0.0,0.0,730
E02778,0.0,0.3333333333333333,730
E02779,0.0,0.3333333333333333,730
E02781,0.14285714285714285,0.6666666666666666,730
E02783,0.0,0.0,730
E02784,0.0,0.0,730
E02785,0.0,0.0,730
E02786,0.0,0.0,730
E02787,0.0,0.0,730
E02788,0.0,0.3333333333333333,730
E02789,0.25,0.3333333333333333,730
E02790,0.0,0.0,730
E02791,0.0,0.6666666666666666,730
E02792,0.0,0.0,730
E02793,0.0,0.0,730
E02794,0.0,0.0,730
E02795,0.0,0.0,730
E02796,0.0,0.3333333333333333,730
E02798,0.2,0.0,730
E02799,0.1111111111111111,0.0,730
E02800,0.0,0.0,730
E02801,0.0,0.0,730
E02802,0.0,0.6666666666666666,730
E02803,0.0,0.6666666666666666,730
E02804,0.1111111111111111,0.0,730
E02805,0.0,0.0,70
E02806,0.08695652173913043,0.0,730
E02807,0.034482758620689655,0.0,730
E02808,0.0,0.0,730
E02809,0.0,0.0,730
E02810,0.0,0.0,389
E02814,,0.0,730
E02815,0.0,0.0,730
E02817,0.0,0.3333333333333333,730
E02818,0.0,0.0,730
E02819,0.0,0.0,730
E02820,0.2,0.3333333333333333,730
E02821,0.0,0.6666666666666666,730
E02822,0.25,0.0,730
E02823,0.0,0.3333333333333333,730
E02825,0.0,0.0,730
E02826,0.0,0.0,730
E02828,0.0,0.3333333333333333,730
E02829,0.0,0.3333333333333333,730
E02830,0.0,0.0,730
E02831,0.0,0.0,730
E02832,0.0,0.3333333333333333,730
E02833,0.0,0.3333333333333333,730
E02834,0.0,0.3333333333333333,730
E02835,0.0,0.0,730
E02836,0.0,0.0,730
E02837,0.0,0.3333333333333333,730
E02838,0.14285714285714285,0.3333333333333333,730
E02839,0.14285714285714285,0.3333333333333333,730
E02840,0.14285714285714285,0.0,730
E02841,0.0,0.0,730
E02842,0.0,0.3333333333333333,730
E02843,0.0,0.3333333333333333,730
E02844,0.25,0.6666666666666666,730
E02845,0.0,0.0,730
E02846,0.09090909090909091,0.0,730
E02847,,0.0,730
E02848,0.25,0.3333333333333333,730
E02849,0.0,0.0,730
E02850,0.0,0.0,189
E02851,0.0,0.3333333333333333,730
E02852,0.0,0.0,730
E02853,0.0,0.0,730
E02854,0.0,0.0,730
E02855,0.0,0.3333333333333333,730
E02856,0.0,0.3333333333333333,730
E02857,0.08695652173913043,0.3333333333333333,730
E02858,0.0,0.3333333333333333,730
E02859,0.2,0.3333333333333333,730
E02860,0.3333333333333333,0.3333333333333333,730
E02861,0.0,1.0,281
E02862,0.14285714285714285,0.6666666666666666,730
E02863,0.1111111111111111,1.0,109
E02864,0.16666666666666666,0.0,730
E02865,0.25,0.3333333333333333,730
E02866,0.5,0.3333333333333333,730
E02867,0.0,0.0,730
E02868,0.25,0.0,730
E02869,0.0,0.0,730
E02870,0.0,0.0,730
E02871,0.2857142857142857,0.0,730
E02872,,0.0,730
E02873,0.0,0.6666666666666666,730
E02874,0.3333333333333333,0.0,730
E02875,0.0,0.3333333333333333,730
E02876,0.0,0.0,730
E02877,0.0,0.0,730
E02878,0.0,0.3333333333333333,730
E02880,0.25,0.0,730
E02881,0.07142857142857142,0.0,730
E02882,0.2222222222222222,0.0,730
E02883,0.0,0.0,242
E02884,0.0,0.0,730
E02885,0.1111111111111111,0.3333333333333333,730
E02886,0.3333333333333333,0.0,730
E02887,0.0,0.0,730
E02888,0.0,0.0,730
E02889,0.0,0.0,730
E02890,0.0,0.6666666666666666,730
E02891,0.14285714285714285,0.0,372
E02892,0.0,0.0,249
E02893,0.0,0.3333333333333333,683
E02894,0.0,0.0,730
E02895,0.25,0.0,730
E02896,,0.3333333333333333,730
E02897,0.0,0.0,730
E02898,0.0,0.3333333333333333,730
E02900,,0.6666666666666666,730
E02901,0.0,0.3333333333333333,730
E02902,0.0,1.0,730
E02903,0.0,0.3333333333333333,730
E02904,0.0,0.6666666666666666,730
E02905,0.0,0.3333333333333333,730
E02908,0.25,0.0,730
E02909,0.0,0.3333333333333333,730
E02910,0.0,0.0,730
E02911,0.0,0.3333333333333333,730
E02912,0.0,0.0,88
E02914,0.0,0.0,730
E02915,0.0,0.0,730
E02916,0.0,0.0,730
E02917,0.0,0.0,730
E02918,0.0,0.0,551
E02919,0.0,0.0,730
E02920,,0.0,730
E02921,0.0,0.3333333333333333,730
E02922,0.2,0.0,730
E02923,0.0,0.0,730
E02924,0.14285714285714285,0.0,606
E02925,0.0,0.0,730
E02926,0.0,0.3333333333333333,730
E02928,0.0,0.0,730
E02929,0.16666666666666666,0.3333333333333333,730
E02930,0.0,0.0,730
E02931,0.0,0.3333333333333333,730
E02932,0.1111111111111111,0.0,730
E02933,0.2,0.3333333333333333,730
E02934,0.0,0.0,730
E02935,0.0,0.0,730
E02936,0.0,0.0,730
E02937,0.0,0.3333333333333333,730
E02938,0.125,0.0,730
E02939,0.0,0.3333333333333333,730
E02940,0.0,0.3333333333333333,730
E02941,0.0,0.0,730
E02942,0.0,0.0,730
E02943,0.0,0.0,730
E02944,,0.0,298
E02946,0.14285714285714285,0.3333333333333333,730
E02947,0.0,0.0,730
E02948,0.0,0.3333333333333333,730
E02949,,0.0,578
E02950,0.0,0.0,730
E02951,0.0,0.0,730
E02952,0.05,0.0,730
E02953,0.0,0.3333333333333333,730
E02954,0.0,0.6666666666666666,730
E02955,0.0,0.3333333333333333,730
E02956,0.0,0.0,730
E02957,0.14285714285714285,0.0,730
E02958,0.0,1.0,730
E02959,0.5,0.6666666666666666,730
E02960,0.0,0.3333333333333333,730
E02961,0.25,0.0,730
E02962,0.0,0.3333333333333333,730
E02963,0.25,0.6666666666666666,730
E02964,0.0,0.0,730
E02965,0.0,0.3333333333333333,730
E02966,0.0,0.3333333333333333,730
E02967,0.05263157894736842,0.0,730
E02968,0.25,0.0,730
E02970,0.3333333333333333,0.0,730
E02973,0.09090909090909091,0.3333333333333333,730
E02974,0.0,0.3333333333333333,730
E02975,,0.0,730
E02977,0.08333333333333333,0.0,618
E02978,0.25,0.0,730
E02980,,0.0,55
E02981,0.0,0.0,613
E02982,0.0,0.0,730
E02984,0.0,0.0,178
E02985,0.0,0.0,730
E02986,0.0,0.3333333333333333,584
E02987,0.0,0.0,730
E02988,0.3333333333333333,0.3333333333333333,730
E02991,0.0,0.3333333333333333,730
E02992,0.0,0.0,730
E02993,0.0,0.0,730
E02994,0.0,0.0,730
E02995,0.125,0.3333333333333333,730
E02996,0.14285714285714285,0.0,730
E02997,0.25,0.0,730
E02998,0.0,0.0,136
E02999,0.0,0.0,730
E03000,0.0,0.0,265
E03001,0.0,0.3333333333333333,730
E03002,0.2857142857142857,0.3333333333333333,730
E03003,0.1111111111111111,0.0,182
E03004,0.0,0.0,730
E03005,0.125,0.3333333333333333,730
E03006,0.2222222222222222,0.6666666666666666,730
E03007,0.125,0.0,730
E03008,0.0,0.0,730
E03010,0.0,0.0,662
E03011,0.0,0.0,730
E03012,0.0,0.0,405
E03013,0.0,0.0,730
E03014,0.0,0.0,730
E03015,0.14285714285714285,0.0,730
E03016,0.0,0.3333333333333333,730
E03017,0.0,0.3333333333333333,730
E03019,0.0,0.3333333333333333,730
E03020,0.0,0.3333333333333333,730
E03021,0.0,0.0,348
E03022,0.25,0.0,730
E03023,0.0,0.3333333333333333,730
E03024,0.0,0.0,103
E03025,0.0,0.5,393
E03026,0.0,0.0,730
E03027,0.0,0.0,730
E03028,0.0,0.3333333333333333,730
E03029,0.0,0.0,32
E03030,0.0,0.0,730
E03031,0.5,0.0,730
E03032,0.0,0.3333333333333333,730
E03033,0.0,0.0,730
E03034,0.09090909090909091,0.0,730
E03035,0.0,0.0,730
E03036,0.16666666666666666,0.3333333333333333,730
E03037,0.0,0.0,396
E03038,0.0,0.0,730
E03040,0.0,0.0,304
E03041,0.0,0.3333333333333333,730
E03042,0.14285714285714285,0.0,730
E03043,0.0,0.3333333333333333,730
E03044,0.0,0.6666666666666666,730
E03045,0.0,0.0,730
E03046,0.0,0.0,730
E03047,0.25,0.3333333333333333,730
E03048,0.0,0.0,730
E03049,0.0,0.0,730
E03051,0.0,0.3333333333333333,730
E03052,0.0,0.6666666666666666,730
E03053,0.0,0.3333333333333333,730
E03054,0.0,0.3333333333333333,730
E03055,0.0,0.0,730
E03056,0.14285714285714285,0.3333333333333333,730
E03057,0.034482758620689655,0.6666666666666666,730
E03058,0.0,0.3333333333333333,730
E03059,0.0,0.6666666666666666,730
E03060,0.0,0.0,730
E03061,0.16666666666666666,0.0,730
E03062,0.0,0.3333333333333333,730
E03063,0.0,0.0,730
E03064,0.0,1.0,256
E03065,,0.0,730
E03066,0.0,0.0,730
E03067,0.0,0.0,730
E03068,0.0,0.0,730
E03070,0.0,0.0,730
E03071,0.1111111111111111,0.0,59
E03072,,0.0,730
E03073,0.2,0.0,730
E03074,0.0,0.3333333333333333,730
E03076,0.1111111111111111,0.0,730
E03077,0.0,0.3333333333333333,730
E03078,0.0,0.0,730
E03079,0.0,0.0,730
E03082,0.0,0.6666666666666666,730
E03084,0.027777777777777776,0.0,730
E03085,0.0,0.3333333333333333,730
E03086,0.0,0.3333333333333333,730
E03087,0.0,0.0,730
E03088,0.0,0.0,730
E03089,0.05,0.3333333333333333,730
E03090,0.0,0.0,338
E03091,,0.0,730
E03092,0.0,0.3333333333333333,730
E03093,0.16666666666666666,0.0,730
E03094,0.0,0.0,730
E03095,0.0,0.3333333333333333,730
E03096,0.0,0.0,730
E03097,0.0,0.0,730
E03098,0.25,0.0,88
E03099,0.0,0.3333333333333333,730
E03100,0.0,0.0,730
E03101,0.0,0.0,284
E03102,0.16666666666666666,0.0,249
E03103,0.1111111111111111,0.0,730
E03104,0.0,0.0,730
E03105,0.25,0.3333333333333333,730
E03106,0.0,0.0,730
E03107,0.0,0.0,179
E03108,0.0,1.0,730
E03109,0.1111111111111111,0.0,730
E03111,0.14285714285714285,0.0,730
E03113,,0.0,730
E03114,0.0,0.0,730
E03115,0.3333333333333333,0.0,730
E03116,0.3333333333333333,0.0,730
E03118,0.09090909090909091,0.0,730
E03119,0.0,0.0,730
E03120,0.0,0.0,730
E03121,0.0,0.5,410
E03122,0.0,0.0,730
E03123,0.0,0.0,730
E03124,0.0,0.3333333333333333,730
E03125,0.0,0.0,730
E03126,0.0,0.3333333333333333,730
E03127,0.0,0.0,730
E03128,,0.0,208
E03129,0.0,0.3333333333333333,730
E03131,0.0,0.3333333333333333,730
E03132,0.0,0.0,730
E03133,0.0,0.0,114
E03135,0.0,0.3333333333333333,730
E03136,,0.6666666666666666,730
E03137,0.09090909090909091,0.0,730
E03138,0.25,0.0,730
E03139,0.0,0.3333333333333333,730
E03140,0.0,0.0,730
E03141,0.0,0.0,730
E03142,0.0,0.3333333333333333,730
E03143,0.14285714285714285,0.0,730
E03144,0.14285714285714285,0.0,730
E03145,0.0,0.0,730
E03146,0.0,0.0,730
E03147,0.0,0.3333333333333333,730
E03149,0.0,0.3333333333333333,730
E03150,0.0,0.0,151
E03151,0.0,0.3333333333333333,730
E03152,0.1111111111111111,0.0,730
E03153,0.14285714285714285,0.0,730
E03154,0.0,0.3333333333333333,730
E03155,,0.0,730
E03156,0.0,0.0,730
E03158,0.0,0.3333333333333333,730
E03159,0.25,0.0,730
E03160,0.0,0.3333333333333333,730
E03161,0.0,0.3333333333333333,730
E03162,0.0,0.0,730
E03163,0.0,0.3333333333333333,730
E03164,0.0,0.0,730
E03165,0.0,0.0,730
E03166,0.25,0.0,730
E03167,0.0,0.0,730
E03168,0.0,0.0,730
E03169,0.0,0.0,730
E03170,0.14285714285714285,0.0,730
E03171,0.0,0.0,424
E03172,0.5,0.3333333333333333,606
E03173,0.0,0.3333333333333333,730
E03174,0.0,0.3333333333333333,730
E03175,0.1111111111111111,0.3333333333333333,730
E03176,0.0,0.3333333333333333,730
E03177,0.0,0.3333333333333333,730
E03178,0.0,0.0,730
E03179,0.1,0.3333333333333333,730
E03181,0.0,0.6666666666666666,730
E03182,0.0,0.0,730
E03183,0.0,0.0,165
E03184,0.0,0.0,730
E03185,0.0,0.0,730
E03186,0.0,0.0,730
E03187,0.2,0.0,730
E03188,0.0,0.0,730
E03189,0.0,0.5,333
E03190,0.0,0.3333333333333333,730
E03191,0.125,0.0,730
E03192,0.0,0.6666666666666666,730
E03193,0.0,0.3333333333333333,730
E03195,,0.0,730
E03196,0.0,0.3333333333333333,730
E03197,0.0,0.0,730
E03198,0.5,0.3333333333333333,730
E03199,0.0,0.0,400
E03200,0.0,0.3333333333333333,730
E03201,0.0,0.0,730
E03202,0.0,0.0,730
E03203,0.0,0.0,730
E03204,0.2,0.0,730
E03205,0.0,0.0,146
E03206,0.0,0.3333333333333333,730
E03207,0.0,0.5,417
E03208,0.0,0.3333333333333333,730
E03209,0.2,0.0,730
E03210,0.0,0.3333333333333333,730
E03211,0.13333333333333333,0.0,730
E03213,0.2857142857142857,0.3333333333333333,730
E03214,0.14285714285714285,0.0,332
E03215,0.0,0.0,730
E03216,0.1,0.0,95
E03217,0.0,0.0,730
E03218,0.05,0.0,730
E03219,0.09090909090909091,0.0,730
E03220,0.0,0.0,730
E03221,0.1111111111111111,0.0,730
E03222,0.0,0.0,730
E03224,0.0,0.3333333333333333,730
E03225,0.14285714285714285,0.3333333333333333,730
E03226,0.0,0.3333333333333333,730
E03227,0.0,0.3333333333333333,730
E03228,0.0,0.0,730
E03229,0.0,0.3333333333333333,730
E03230,0.0,0.0,730
E03231,0.0,0.0,730
E03232,0.0,0.0,730
E03233,0.14285714285714285,0.0,730
E03234,0.0,0.3333333333333333,730
E03235,0.2,0.3333333333333333,730
E03236,0.16666666666666666,0.3333333333333333,730
E03237,0.0,0.0,730
E03238,0.0,0.0,730
E03239,0.0,0.0,462
E03240,0.25,0.0,730
E03242,0.0,0.5,421
E03243,0.0,0.0,655
E03244,0.0,0.6666666666666666,730
E03245,0.0,0.3333333333333333,730
E03246,0.0,0.3333333333333333,730
E03247,0.0,0.0,730
E03248,0.14285714285714285,0.0,730
E03249,0.0,0.0,730
E03250,0.0,0.0,730
E03251,0.0,0.0,730
E03252,0.3333333333333333,0.0,730
E03254,0.0,0.3333333333333333,730
E03255,0.0,0.3333333333333333,730
E03256,0.1111111111111111,0.3333333333333333,730
E03257,0.0,0.0,730
E03258,0.0,0.3333333333333333,730
E03259,0.0,0.0,730
E03260,0.0,0.0,730
E03262,0.0,0.0,730
E03264,0.0,0.0,730
E03266,0.0,0.0,730
E03267,0.0,0.0,730
E03268,0.0,0.6666666666666666,730
E03269,0.14285714285714285,0.3333333333333333,730
E03270,0.125,0.0,730
E03271,0.0,0.0,730
E03272,0.0,0.3333333333333333,730
E03273,0.0,0.0,730
E03274,0.0,0.0,730
E03275,0.0,0.0,730
E03276,0.0,0.0,730
E03277,1.0,0.0,449
E03279,0.125,0.0,730
E03280,0.0,0.3333333333333333,730
E03281,0.125,0.0,730
E03282,0.0,0.3333333333333333,730
E03283,0.3333333333333333,0.0,730
E03284,0.0,0.0,730
E03286,0.0,0.0,730
E03287,0.047619047619047616,0.0,730
E03288,0.0,0.3333333333333333,730
E03289,0.0,0.0,730
E03290,0.0,0.0,730
E03291,0.0,0.6666666666666666,730
E03292,0.0,0.3333333333333333,730
E03293,0.2,0.0,730
E03294,0.2857142857142857,0.6666666666666666,730
E03295,0.2,0.0,730
E03296,0.08333333333333333,0.3333333333333333,730
E03297,0.0,0.0,730
E03298,0.0,0.3333333333333333,730
E03299,0.0,0.0,730
E03300,0.05,0.0,730
E03301,0.0,0.0,730
E03302,1.0,0.0,730
E03303,0.2,0.3333333333333333,730
E03304,0.0,0.3333333333333333,730
E03305,0.0,0.0,730
E03307,0.0,0.0,730
E03308,0.0,0.0,730
E03310,0.0,0.3333333333333333,730
E03311,,0.3333333333333333,730
E03312,0.0,0.0,730
E03313,0.125,0.3333333333333333,730
E03314,0.0,0.3333333333333333,730
E03315,0.0,1.0,730
E03317,0.0,0.3333333333333333,730
E03318,0.0,0.0,429
E03319,0.0,0.0,730
E03321,0.125,0.3333333333333333,730
E03322,0.16666666666666666,0.3333333333333333,524
E03323,0.0,0.3333333333333333,730
E03324,0.3333333333333333,0.0,730
E03325,0.2,0.0,730
E03326,0.0,0.3333333333333333,730
E03327,1.0,0.0,642
E03328,0.125,0.0,730
E03329,0.0,0.0,730
E03330,0.0,0.3333333333333333,730
E03331,,0.3333333333333333,730
E03332,0.0,0.0,218
E03334,0.15384615384615385,0.3333333333333333,730
E03335,0.0,0.3333333333333333,730
E03336,0.0,0.0,354
E03337,0.0,0.0,730
E03338,0.11764705882352941,0.3333333333333333,730
E03339,0.1111111111111111,0.0,730
E03340,0.14285714285714285,0.0,730
E03342,0.0,0.3333333333333333,730
E03344,0.0,0.0,730
E03345,0.0,0.3333333333333333,730
E03346,0.125,0.0,730
E03347,0.0,0.3333333333333333,730
E03348,0.0,0.0,730
E03349,0.0,0.0,730
E03350,0.0,0.6666666666666666,730
E03352,0.2,0.3333333333333333,730
E03353,0.0,0.0,730
E03354,0.0,0.0,730
E03355,0.0,0.0,730
E03356,0.0,0.0,730
E03357,0.0,0.0,72
E03358,0.0,0.3333333333333333,730
E03359,0.0,0.3333333333333333,730
E03360,0.0,0.3333333333333333,730
E03361,0.0,0.0,730
E03362,0.14285714285714285,0.0,730
E03363,0.14285714285714285,0.6666666666666666,730
E03364,0.125,0.3333333333333333,730
E03365,0.0,0.0,730
E03366,0.0,0.0,730
E03367,0.2,0.0,730
E03369,0.05263157894736842,0.0,730
E03370,0.0,0.0,730
E03371,0.0,0.3333333333333333,730
E03372,,0.0,591
E03373,0.0,0.0,730
E03374,0.0,0.3333333333333333,730
E03375,0.5,1.0,179
E03376,0.125,0.0,730
E03377,0.0,0.3333333333333333,730
E03378,0.0,0.3333333333333333,730
E03379,0.2,0.0,730
E03380,0.0,0.3333333333333333,730
E03381,0.2,0.0,455
E03382,0.0,0.0,730
E03384,0.16666666666666666,0.3333333333333333,730
E03385,0.0,0.0,730
E03386,,0.0,730
E03387,0.0,0.0,730
E03388,,0.0,730
E03389,0.125,0.0,730
E03390,0.0,0.0,730
E03391,0.0,0.0,730
E03392,0.2,0.0,730
E03393,0.0,0.0,88
E03394,,0.0,730
E03396,0.0,0.0,730
E03397,0.2,0.0,730
E03398,0.0,0.0,730
E03400,0.0,0.0,730
E03402,0.0,0.3333333333333333,730
E03404,,0.0,297
E03405,0.14285714285714285,0.3333333333333333,730
E03406,0.0,0.0,730
E03407,0.0,0.3333333333333333,730
E03408,0.13333333333333333,0.3333333333333333,730
E03410,0.0,0.3333333333333333,730
E03411,0.0,0.0,730
E03412,0.2,0.0,730
E03413,0.0,0.0,730
E03414,0.0,0.0,321
E03415,0.0,0.3333333333333333,730
E03416,0.15384615384615385,0.0,730
E03417,,0.3333333333333333,730
E03418,0.5,0.0,730
E03419,0.0,0.0,730
E03420,0.0,0.0,730
E03421,0.25,1.0,137
E03422,0.2,0.3333333333333333,730
E03423,0.0,0.0,730
E03424,0.0,0.0,730
E03425,0.0,0.6666666666666666,730
E03426,0.0,0.0,730
E03427,0.0,0.0,730
E03428,,0.0,730
E03429,0.0,0.0,730
E03430,0.0,0.3333333333333333,730
E03431,0.0,0.0,730
E03432,0.0,0.0,730
E03433,0.0,0.0,365
E03434,0.0,0.3333333333333333,730
E03437,0.0,0.3333333333333333,730
E03438,,0.0,563
E03439,0.0,0.0,59
E03440,,0.0,697
E03441,0.15384615384615385,0.0,730
E03442,0.1,0.0,454
E03443,,0.0,730
E03444,0.0,0.6666666666666666,730
E03446,1.0,0.3333333333333333,730
E03447,0.0,0.0,382
E03448,0.0,0.0,730
E03449,0.047619047619047616,0.3333333333333333,730
E03451,0.0,0.0,730
E03452,0.2,0.0,730
E03453,0.0,0.0,466
E03455,,0.0,730
E03456,0.0,0.0,730
E03457,1.0,0.3333333333333333,730
E03458,0.0,0.6666666666666666,730
E03459,0.0,0.0,730
E03460,0.5,0.3333333333333333,730
E03461,0.0,0.0,730
E03463,0.0,0.0,669
E03464,0.0,0.0,730
E03465,0.0,0.3333333333333333,730
E03466,0.0,0.3333333333333333,730
E03467,0.0,0.3333333333333333,730
E03468,0.0,0.0,730
E03469,0.0,0.0,730
E03470,0.0,0.0,730
E03471,0.2,0.0,730
E03472,0.0,0.0,730
E03473,0.0,0.0,730
E03474,1.0,0.0,730
E03475,0.0,0.3333333333333333,730
E03476,0.2,0.0,730
E03477,0.0,0.0,730
E03478,0.5,0.0,730
E03479,0.3333333333333333,0.0,730
E03480,0.0,0.3333333333333333,730
E03481,,0.0,730
E03482,0.0,0.0,730
E03483,0.0,0.3333333333333333,730
E03484,0.0,0.0,730
E03485,0.3333333333333333,0.0,730
E03486,0.0,0.0,730
E03487,0.0,0.0,730
E03488,0.3333333333333333,0.0,730
E03489,1.0,0.0,730
E03490,0.25,0.0,730
E03491,,0.0,730
E03492,0.0,0.0,730
E03493,0.0,0.3333333333333333,730
E03494,0.0,0.0,730
E03496,0.0,0.3333333333333333,730
E03497,0.0,0.0,730
E03498,0.09090909090909091,0.0,730
E03499,0.0,0.0,195
E03500,0.1111111111111111,0.0,730
E03501,,0.3333333333333333,730
E03502,0.0,0.0,730
E03503,0.0,0.0,730
E03504,,0.0,730
E03505,0.0,0.0,730
E03506,,0.3333333333333333,730
E03507,0.0,0.0,730
E03508,0.14285714285714285,0.6666666666666666,730
E03509,0.15384615384615385,0.3333333333333333,730
E03510,0.0,0.0,730
E03511,0.09090909090909091,0.3333333333333333,730
E03512,0.0,0.0,730
E03513,0.08333333333333333,0.0,730
E03514,0.0,0.0,730
E03515,0.0,0.6666666666666666,730
E03516,0.1,0.0,304
E03517,0.25,0.3333333333333333,730
E03518,0.14285714285714285,0.0,730
E03519,0.0,0.0,730
E03520,0.0,0.3333333333333333,730
E03521,0.0,0.0,730
E03522,0.0,0.0,730
E03523,0.0,0.0,730
E03524,0.5,0.3333333333333333,730
E03525,0.5,0.3333333333333333,730
E03526,0.0,0.0,545
E03529,0.1,0.0,730
E03530,0.5,0.0,730
E03531,0.0,0.0,730
E03532,0.125,0.0,730
E03533,0.0,0.0,730
E03534,0.0,0.3333333333333333,730
E03535,0.0,0.0,730
E03536,0.0,0.0,730
E03537,0.0,0.0,730
E03538,0.0,0.0,730
E03540,0.0,0.0,61
E03541,,0.0,730
E03542,0.0,0.3333333333333333,730
E03543,0.0,0.0,730
E03544,0.0,0.0,730
E03545,0.0,0.0,730
E03546,0.1111111111111111,0.0,730
E03547,0.0,0.0,730
E03549,0.0,0.3333333333333333,730
E03550,0.0,0.0,730
E03551,0.027777777777777776,0.0,730
E03552,0.0,0.6666666666666666,730
E03553,0.0,0.0,413
E03554,0.5,0.3333333333333333,730
E03555,0.0,0.0,730
E03556,0.0,0.0,249
E03557,0.0,0.0,730
E03558,0.0,0.3333333333333333,730
E03560,0.3333333333333333,0.0,730
E03561,0.0,0.3333333333333333,730
E03562,0.0,0.3333333333333333,730
E03563,0.0,0.3333333333333333,592
E03564,0.027777777777777776,0.6666666666666666,730
E03565,0.0,0.6666666666666666,730
E03566,0.09090909090909091,0.0,730
E03567,0.0,0.0,730
E03568,0.0,0.3333333333333333,730
E03569,0.0,0.0,730
E03570,0.0,0.0,730
E03571,0.0,0.0,302
E03572,0.0,0.0,730
E03573,0.0,0.3333333333333333,730
E03574,,0.3333333333333333,730
E03575,0.0,1.0,298
E03576,0.0,0.0,730
E03577,0.0,0.0,730
E03578,0.0,0.3333333333333333,730
E03579,0.0,0.0,730
E03580,0.0,0.0,454
E03581,1.0,0.0,330
E03582,0.0,0.0,730
E03583,0.0,0.6666666666666666,730
E03584,0.0,0.0,730
E03585,,0.6666666666666666,730
E03586,0.0,0.0,235
E03587,0.25,0.0,730
E03589,0.0,0.3333333333333333,730
E03590,,0.0,730
E03591,0.0,0.0,730
E03592,0.0,0.0,730
E03593,0.0,0.0,730
E03594,0.09090909090909091,0.0,730
E03595,0.0,0.3333333333333333,730
E03596,0.125,0.0,730
E03597,0.25,0.0,730
E03598,0.3333333333333333,0.0,730
E03599,,0.0,120
E03600,,0.5,485
E03601,0.0,0.3333333333333333,515
E03602,0.0,0.3333333333333333,625
E03603,,0.3333333333333333,730
E03604,0.0,0.3333333333333333,730
E03605,0.0,0.0,270
E03606,0.0,0.3333333333333333,730
E03607,,0.0,730
E03608,0.0,0.5,424
E03609,0.25,0.6666666666666666,730
E03610,0.0,0.3333333333333333,730
E03611,,0.0,730
E03612,0.0,0.3333333333333333,730
E03613,0.0,0.3333333333333333,730
E03614,0.0,0.0,730
E03615,0.0,0.0,730
E03616,,0.0,730
E03617,0.2,0.0,32
E03618,0.0,0.0,730
E03619,0.09090909090909091,0.5,334
E03621,0.16666666666666666,0.6666666666666666,730
E03622,0.0,0.0,730
E03623,0.16666666666666666,0.0,730
E03624,0.0,0.3333333333333333,730
E03625,0.0,0.0,730
E03626,0.25,0.0,730
E03627,0.0,0.0,730
E03628,0.0,0.0,730
E03629,0.0,0.0,730
E03630,0.0,0.3333333333333333,730
E03631,0.5,0.3333333333333333,730
E03633,0.0,0.0,730
E03634,0.0,0.0,730
E03635,0.0,0.0,730
E03636,0.1111111111111111,0.0,730
E03637,0.0,0.0,730
E03638,1.0,0.0,88
E03639,0.0,0.6666666666666666,730
E03640,0.14285714285714285,0.0,730
E03641,0.0,0.0,730
E03642,0.0,0.0,464
E03643,0.1111111111111111,0.0,109
E03644,0.0,0.0,730
E03648,0.0,0.0,730
E03649,0.0,0.0,730
E03650,0.0,0.3333333333333333,730
E03651,0.0,0.3333333333333333,730
E03652,0.0,0.0,730
E03653,0.0,0.0,494
E03655,0.0,0.3333333333333333,730
E03656,0.5,0.3333333333333333,730
E03657,0.0,0.0,730
E03658,0.5,0.0,730
E03659,0.5,0.3333333333333333,730
E03660,0.0,0.0,730
E03661,0.125,0.3333333333333333,730
E03662,0.14285714285714285,0.3333333333333333,730
E03663,0.0,0.3333333333333333,730
E03664,0.0,0.3333333333333333,730
E03665,0.0,0.0,730
E03666,0.09090909090909091,0.0,730
E03667,0.0,0.0,730
E03670,0.047619047619047616,0.0,730
E03671,0.0,0.0,730
E03672,0.09090909090909091,0.3333333333333333,730
E03673,0.0,0.3333333333333333,730
E03674,0.0,0.6666666666666666,730
E03675,0.0,0.0,730
E03676,0.0,0.0,730
E03677,0.0,0.0,730
E03678,0.0,0.0,730
E03679,0.125,0.0,730
E03680,0.5,0.0,361
E03681,0.25,0.0,730
E03682,0.0,0.0,438
E03683,0.0,0.0,730
E03684,0.0,0.0,730
E03685,,0.0,730
E03687,0.0,0.0,730
E03688,0.0,0.0,730
E03689,,0.0,730
E03690,0.0,0.3333333333333333,730
E03691,,0.0,730
E03692,0.125,0.0,730
E03693,0.0,0.0,730
E03694,0.15384615384615385,0.0,730
E03695,,0.0,730
E03696,0.25,0.0,730
E03697,0.0,0.0,730
E03698,0.0,0.0,730
E03699,0.0,0.0,730
E03700,,0.0,417
E03702,0.0,0.0,730
E03703,0.5,0.0,455
E03704,0.0,0.0,730
E03705,,0.3333333333333333,730
E03706,0.0,0.3333333333333333,730
E03707,0.0,0.0,730
E03708,0.0,0.0,88
E03709,0.0,0.3333333333333333,730
E03710,0.25,0.3333333333333333,730
E03711,,0.0,730
E03712,,0.3333333333333333,730
E03713,0.0,0.0,730
E03714,0.0,0.0,730
E03715,0.0,0.3333333333333333,730
E03716,0.0,0.0,730
E03717,0.07692307692307693,0.3333333333333333,730
E03718,0.0,0.0,53
E03719,0.05,0.0,730
E03720,0.0,0.0,730
E03722,0.3333333333333333,0.0,730
E03723,0.25,0.0,730
E03725,0.0,0.3333333333333333,730
E03726,0.0,0.0,730
E03727,0.0,0.0,730
E03728,0.14285714285714285,0.0,730
E03729,0.16666666666666666,0.0,730
E03730,0.07142857142857142,0.3333333333333333,730
E03731,0.1111111111111111,0.0,730
E03732,0.0,0.0,730
E03733,0.0,0.3333333333333333,730
E03734,0.0,0.3333333333333333,730
E03735,0.0,0.0,730
E03737,0.5,0.0,730
E03738,0.0,0.0,730
E03739,0.5,0.0,730
E03740,0.0,0.3333333333333333,730
E03741,0.0,0.0,730
E03742,0.0,0.0,730
E03743,0.0,0.0,108
E03744,0.0,0.3333333333333333,730
E03745,0.0,0.0,730
E03746,0.2,0.3333333333333333,730
E03747,0.5,0.0,730
E03749,0.0,0.0,730
E03751,0.0,0.0,730
E03753,0.5,0.0,730
E03755,0.0,0.0,730
E03756,0.0,0.3333333333333333,730
E03757,0.5,0.0,730
E03758,0.0,0.0,730
E03761,0.0,0.0,730
E03762,,0.0,730
E03763,0.14285714285714285,0.3333333333333333,730
E03765,0.0,0.0,730
E03766,,0.3333333333333333,730
E03767,,0.0,730
E03768,0.0,0.0,730
E03769,0.0,0.6666666666666666,730
E03770,0.0,0.0,396
E03771,0.0,0.0,730
E03772,0.0,0.0,730
E03773,0.0,0.0,730
E03774,0.0,0.0,730
E03775,0.0,0.3333333333333333,577
E03776,0.0,0.0,730
E03777,0.0,0.0,730
E03778,0.0,0.0,69
E03779,0.0,0.0,730
E03780,0.0,0.0,730
E03781,0.0,0.0,151
E03782,0.0,0.0,730
E03783,0.0,0.3333333333333333,730
E03784,0.0,0.0,730
E03785,0.0,0.0,730
E03786,0.0,0.0,730
E03788,0.0,0.3333333333333333,730
E03790,,0.0,730
E03791,1.0,0.0,730
E03792,0.0,0.0,730
E03793,0.5,0.0,730
E03794,0.0,0.0,730
E03795,0.0,0.0,730
E03796,0.0,0.3333333333333333,730
E03797,0.1111111111111111,0.6666666666666666,730
E03798,0.16666666666666666,0.0,730
E03799,0.2,0.0,730
E03800,0.0,0.3333333333333333,730
E03801,0.25,0.3333333333333333,730
E03802,0.6666666666666666,0.0,242
E03803,0.0,0.0,730
E03805,,0.3333333333333333,730
E03806,0.0,0.0,730
E03807,0.0,0.0,316
E03808,0.0,0.3333333333333333,730
E03809,0.0,0.0,730
E03810,0.15384615384615385,0.3333333333333333,730
E03811,0.0625,0.0,293
E03812,0.14285714285714285,0.6666666666666666,730
E03813,0.0,0.3333333333333333,730
E03814,0.0,0.0,730
E03815,0.0,0.0,730
E03816,0.0,0.0,730
E03817,0.0,0.3333333333333333,730
E03818,,0.3333333333333333,730
E03819,,0.0,730
E03820,0.3333333333333333,0.3333333333333333,730
E03821,0.0,0.0,730
E03822,,0.0,693
E03823,0.25,0.0,120
E03824,0.4,0.0,730
E03826,,0.0,730
E03827,0.08695652173913043,0.0,730
E03828,1.0,0.0,730
E03829,0.0,0.0,730
E03830,0.5,0.0,730
E03831,0.0,0.0,730
E03832,0.0,0.0,730
E03833,0.0,0.0,730
E03834,0.0,0.3333333333333333,730
E03835,0.0,0.0,730
E03837,0.25,0.0,730
E03838,0.0,0.0,130
E03839,,0.0,221
E03840,0.0,0.0,730
E03841,0.0,0.0,730
E03842,1.0,0.3333333333333333,730
E03843,0.0,0.3333333333333333,730
E03844,0.0,0.6666666666666666,730
E03845,0.0,0.0,730
E03846,,0.0,730
E03848,0.25,0.0,730
E03850,0.2,0.3333333333333333,730
E03851,0.0,0.0,730
E03852,0.0,0.0,730
E03853,0.0,0.0,730
E03854,0.0,0.3333333333333333,730
E03855,0.0,0.0,730
E03856,,0.0,730
E03857,0.0,0.0,730
E03858,0.2,0.0,730
E03859,0.0,0.0,730
E03860,,0.0,730
E03861,0.1,0.0,730
E03862,0.08333333333333333,0.0,730
E03863,,0.3333333333333333,730
E03864,0.0,0.0,730
E03865,0.0,0.3333333333333333,730
E03866,0.0,0.3333333333333333,730
E03867,0.0,0.3333333333333333,730
E03868,0.034482758620689655,0.0,730
E03869,0.0,0.0,730
E03870,0.0,0.3333333333333333,730
E03871,0.0,0.3333333333333333,730
E03872,0.0,0.0,730
E03874,0.0,0.0,730
E03875,0.0,0.0,730
E03876,0.0,0.3333333333333333,730
E03878,0.25,0.3333333333333333,730
E03879,,0.0,730
E03880,0.2222222222222222,0.0,730
E03881,1.0,0.3333333333333333,730
E03882,0.0,0.0,730
E03883,0.0,0.0,730
E03884,0.5,0.0,730
E03885,0.125,0.0,730
E03886,0.5,0.0,730
E03887,0.1111111111111111,0.0,730
E03888,0.5,0.3333333333333333,730
E03889,1.0,0.3333333333333333,730
E03890,0.0,0.0,730
E03891,0.25,0.0,730
E03892,0.0,0.3333333333333333,657
E03893,0.0,0.0,730
E03894,0.0,0.0,730
E03896,0.3333333333333333,0.3333333333333333,730
E03897,0.0,0.3333333333333333,730
E03898,0.0,0.0,730
E03899,0.0,0.0,730
E03900,0.2,0.0,730
E03901,0.0,0.3333333333333333,730
E03902,0.14285714285714285,0.0,730
E03905,0.0,0.0,730
E03906,0.0,0.3333333333333333,730
E03907,1.0,0.6666666666666666,730
E03908,,0.0,730
E03909,0.0,0.3333333333333333,730
E03910,,0.0,730
E03911,,0.0,730
E03912,1.0,0.0,730
E03913,0.0,0.3333333333333333,730
E03914,0.0,1.0,730
E03916,,0.0,730
E03917,0.0,0.0,730
E03919,0.5,0.0,730
E03920,,0.0,424
E03921,,0.3333333333333333,730
E03922,0.08695652173913043,0.0,730
E03923,0.0,0.0,730
E03924,0.5,0.3333333333333333,730
E03925,0.0,0.3333333333333333,730
E03926,0.0,0.3333333333333333,730
E03927,0.0,0.3333333333333333,730
E03928,1.0,0.3333333333333333,730
E03929,0.1,0.3333333333333333,730
E03930,0.0,0.0,730
E03931,0.16666666666666666,0.0,730
E03932,,0.3333333333333333,730
E03933,,0.0,730
E03935,0.0,0.0,730
E03936,0.0,0.0,730
E03937,0.0,0.3333333333333333,730
E03938,,0.3333333333333333,730
E03939,0.1,0.0,730
E03940,0.0,0.0,730
E03941,0.0,0.3333333333333333,730
E03942,,0.0,730
E03943,,0.0,730
E03945,0.0,0.3333333333333333,532
E03946,0.0,0.0,730
E03947,0.2,0.0,730
E03948,0.25,0.3333333333333333,730
E03949,0.5,0.0,730
E03950,1.0,0.0,485
E03951,0.0,0.0,730
E03952,,0.3333333333333333,730
E03953,0.1111111111111111,0.0,730
E03954,0.0,0.3333333333333333,730
E03955,0.0,0.0,730
E03956,0.3333333333333333,0.3333333333333333,730
E03957,1.0,0.6666666666666666,730
E03958,,0.3333333333333333,730
E03959,0.0,0.0,730
E03960,0.0,0.0,730
E03961,0.0,0.0,730
E03962,0.0,0.0,730
E03963,0.0,0.0,730
E03965,0.0,0.0,730
E03966,0.0,0.0,730
E03968,0.0,0.0,730
E03969,0.5,0.0,730
E03970,,0.5,320
E03971,0.11764705882352941,0.3333333333333333,730
E03972,,0.0,730
E03973,0.0,0.0,730
E03974,0.0,0.0,291
E03975,0.5,0.3333333333333333,730
E03976,0.0,0.3333333333333333,730
E03977,0.0,0.3333333333333333,730
E03978,0.0,0.0,730
E03979,,0.3333333333333333,730
E03980,0.0,0.0,730
E03981,0.5,0.6666666666666666,730
E03982,,1.0,288
E03983,0.0,0.3333333333333333,730
E03984,,0.0,730
E03985,0.25,0.0,183
E03986,0.0,0.0,730
E03987,0.0,0.3333333333333333,730
E03988,0.0,0.0,179
E03989,0.0,0.0,730
E03990,0.0,0.3333333333333333,730
E03992,0.0,0.0,730
E03994,0.0,0.3333333333333333,730
E03995,0.0,0.0,730
E03996,0.0,0.0,730
E03997,0.3333333333333333,0.0,730
E03998,0.0,0.0,666
E03999,0.2,0.0,730
E04000,0.0,0.3333333333333333,730
E04001,0.0,0.0,730
E04002,0.2,0.3333333333333333,730
E04004,0.3333333333333333,0.0,730
E04005,0.0,0.3333333333333333,730
E04006,,1.0,730
E04007,0.5,0.0,730
E04008,0.0,0.0,730
E04009,0.0,0.0,730
E04010,1.0,0.0,730
E04012,0.0,0.0,730
E04013,0.125,0.0,730
E04014,0.125,0.0,730
E04015,0.0,0.3333333333333333,730
E04016,,0.0,730
E04017,0.0,0.3333333333333333,730
E04018,0.0,0.0,730
E04019,0.0,0.3333333333333333,730
E04021,,0.0,730
E04022,0.0,0.0,730
E04023,,0.0,730
E04024,0.0,0.0,730
E04025,0.3333333333333333,0.3333333333333333,730
E04026,0.2,0.3333333333333333,730
E04027,,0.3333333333333333,730
E04028,0.045454545454545456,0.0,497
E04029,0.0,0.0,730
E04030,0.0,0.0,730
E04032,0.0,0.0,730
E04033,0.09090909090909091,0.3333333333333333,730
E04034,0.3333333333333333,0.0,730
E04035,1.0,0.0,730
E04036,0.0,0.0,730
E04037,0.0,0.3333333333333333,730
E04038,,0.0,730
E04039,0.5,0.0,730
E04040,0.0,0.0,730
E04041,0.3333333333333333,0.3333333333333333,730
E04043,,0.0,730
E04044,0.0,0.0,730
E04045,0.0,0.3333333333333333,730
E04046,0.0,0.0,730
E04047,0.0,0.3333333333333333,730
E04048,0.0,0.0,275
E04049,0.0,0.6666666666666666,730
E04051,0.0,0.3333333333333333,730
E04052,0.125,0.0,730
E04053,0.09090909090909091,0.0,730
E04054,0.0,0.0,730
E04055,0.0,0.0,730
E04056,0.027777777777777776,0.3333333333333333,730
E04057,0.0,0.3333333333333333,730
E04058,0.0,0.0,730
E04060,0.0,0.0,730
E04061,,0.3333333333333333,730
E04062,0.3333333333333333,0.0,235
E04063,0.0,0.3333333333333333,730
E04064,0.0,0.0,730
E04065,0.0,0.3333333333333333,730
E04066,0.0,0.0,730
E04067,0.0,0.0,730
E04068,0.0,0.0,730
E04069,1.0,0.0,730
E04070,,0.0,730
E04071,0.14285714285714285,0.6666666666666666,730
E04072,0.0,0.0,730
E04073,0.0,0.0,730
E04075,0.0,0.0,730
E04076,0.2,0.3333333333333333,730
E04077,0.0,0.3333333333333333,730
E04078,,0.6666666666666666,730
E04079,0.0,0.0,730
E04080,,0.3333333333333333,730
E04081,0.0,0.0,730
E04082,0.0,0.3333333333333333,730
E04083,0.0,0.0,730
E04084,0.5,0.0,730
E04085,0.0,0.0,730
E04086,0.0,0.5,379
E04087,0.0,0.0,175
E04088,0.0,0.0,244
E04089,,0.0,730
E04090,,0.0,730
E04091,0.25,0.6666666666666666,730
E04092,0.0,0.6666666666666666,730
E04093,1.0,0.0,730
E04094,0.0,0.0,730
E04095,,0.0,730
E04096,,0.3333333333333333,730
E04097,0.25,0.0,730
E04098,0.0,0.0,730
E04099,0.0,0.0,389
E04101,0.0,0.0,730
E04102,0.14285714285714285,0.6666666666666666,730
E04104,0.0,0.3333333333333333,730
E04105,0.0,0.3333333333333333,730
E04106,0.0,0.0,730
E04107,0.0,0.0,165
E04108,0.1,0.0,730
E04110,0.125,0.0,730
E04111,0.0,0.0,730
E04112,0.0,0.3333333333333333,730
E04113,1.0,0.3333333333333333,730
E04114,0.0,0.0,730
E04115,0.0,0.0,730
E04116,0.11764705882352941,0.0,730
E04117,0.0,0.6666666666666666,730
E04118,0.0,0.3333333333333333,730
E04119,0.0,0.3333333333333333,730
E04120,0.25,0.0,730
E04121,0.0,0.3333333333333333,730
E04122,0.0,0.0,207
E04123,0.0,0.3333333333333333,730
E04124,0.0,0.3333333333333333,730
E04125,0.1,0.0,730
E04126,0.0,0.3333333333333333,730
E04127,0.0,0.0,515
E04128,0.0,0.3333333333333333,730
E04129,0.0,0.3333333333333333,730
E04130,0.0,0.0,730
E04131,0.0,0.0,730
E04132,0.0,0.3333333333333333,730
E04133,,0.3333333333333333,730
E04135,0.07692307692307693,0.3333333333333333,730
E04136,0.0,0.0,730
E04137,0.0,0.0,730
E04138,0.0,0.6666666666666666,730
E04139,0.0,0.3333333333333333,730
E04140,0.25,0.3333333333333333,730
E04141,0.0,0.0,730
E04142,,0.0,730
E04143,0.0,0.3333333333333333,730
E04144,0.0,0.0,730
E04145,0.3333333333333333,0.0,730
E04146,0.0,0.0,730
E04147,0.0,0.3333333333333333,585
E04148,,0.3333333333333333,730
E04149,,0.3333333333333333,730
E04150,0.0,0.0,730
E04151,0.0,0.0,730
E04152,0.0,0.3333333333333333,730
E04153,0.05263157894736842,0.0,730
E04154,,0.0,730
E04155,0.0,0.3333333333333333,730
E04156,0.0,0.0,730
E04158,0.0,0.0,730
E04159,0.0,0.0,730
E04160,0.0,1.0,396
E04161,0.0,0.0,730
E04162,0.0,0.0,730
E04163,0.1111111111111111,0.3333333333333333,730
E04164,0.0,0.0,730
E04166,0.15384615384615385,0.0,730
E04167,0.0,0.0,730
E04168,0.0,0.0,730
E04169,0.0,0.0,730
E04170,0.0,0.0,730
E04171,0.0,0.0,730
E04172,0.0,0.6666666666666666,730
E04173,0.6666666666666666,0.0,730
E04174,0.0,0.6666666666666666,730
E04175,,0.0,730
E04176,,0.3333333333333333,730
E04177,0.0,0.0,730
E04180,0.0,0.0,730
E04181,0.0,0.0,730
E04182,,0.0,730
E04183,0.2,0.0,730
E04184,0.07142857142857142,0.0,730
E04185,0.0,0.3333333333333333,730
E04186,0.0,0.3333333333333333,730
E04187,0.125,0.0,730
E04189,0.5,0.3333333333333333,730
E04190,0.25,0.3333333333333333,730
E04192,0.0,0.0,730
E04193,,0.0,730
E04194,0.0,0.0,730
E04195,0.0,0.0,571
E04196,0.0,0.0,730
E04197,0.0,0.3333333333333333,730
E04198,0.2,0.3333333333333333,730
E04199,0.1,0.0,730
E04200,,0.0,515
E04201,0.0,0.0,730
E04202,0.0,0.0,730
E04203,0.0,0.0,730
E04204,,0.3333333333333333,730
E04205,0.0,0.0,730
E04207,0.125,0.0,730
E04208,0.0,0.3333333333333333,730
E04209,,0.3333333333333333,730
E04211,0.0,0.0,730
E04213,,0.3333333333333333,730
E04214,0.0,0.3333333333333333,730
E04215,,0.0,730
E04216,0.125,0.0,730
E04217,0.0,0.3333333333333333,730
E04218,0.0,0.0,730
E04219,0.0,0.0,730
E04220,,0.3333333333333333,730
E04221,0.0,0.3333333333333333,730
E04222,1.0,0.0,730
E04223,,0.0,326
E04224,0.0,0.3333333333333333,730
E04225,0.0,0.0,730
E04226,,0.0,730
E04227,,0.0,730
E04228,0.0,0.0,74
E04229,0.047619047619047616,0.3333333333333333,515
E04230,0.0,0.3333333333333333,730
E04231,0.0,0.0,730
E04232,0.25,0.3333333333333333,730
E04233,0.25,0.0,730
E04234,0.25,0.3333333333333333,730
E04235,,0.0,730
E04236,0.0,0.0,730
E04237,0.0,0.3333333333333333,730
E04238,,0.0,730
E04239,0.3333333333333333,0.0,730
E04240,0.0,0.0,730
E04241,0.0,0.6666666666666666,730
E04242,0.0,0.0,730
E04243,0.3333333333333333,0.3333333333333333,730
E04244,0.0,0.0,730
E04245,0.5,0.3333333333333333,730
E04246,0.0,0.3333333333333333,730
E04247,0.0,1.0,221
E04248,0.16666666666666666,0.0,730
E04249,0.0,0.0,730
E04250,0.0,0.0,730
E04251,0.5,1.0,58
E04252,0.5,0.0,730
E04253,0.0,0.0,730
E04254,0.05,0.0,730
E04255,,0.0,730
E04257,,0.3333333333333333,730
E04258,0.0,0.0,730
E04259,0.0,0.6666666666666666,730
E04261,0.0,0.0,730
E04262,0.0,0.0,730
E04263,0.3333333333333333,0.0,730
E04264,0.0,0.0,730
E04265,0.0,0.0,730
E04266,0.0,0.0,730
E04267,0.0,0.0,730
E04269,0.05,0.3333333333333333,730
E04270,0.1,0.0,730
E04271,0.2,0.3333333333333333,730
E04272,,0.3333333333333333,730
E04273,0.0,0.0,730
E04274,1.0,0.0,730
E04275,0.3333333333333333,0.3333333333333333,730
E04276,0.0,0.0,730
E04277,,0.3333333333333333,730
E04278,0.0,0.0,730
E04279,0.2857142857142857,0.0,730
E04280,0.0,0.0,730
E04282,0.0,0.0,730
E04285,,0.0,77
E04286,0.0,0.3333333333333333,730
E04287,0.0,0.0,730
E04288,0.0,0.3333333333333333,730
E04289,0.09090909090909091,0.3333333333333333,730
E04290,0.0,0.0,81
E04291,0.0,0.6666666666666666,730
E04292,,0.0,730
E04293,,0.0,730
E04294,0.0,0.0,730
E04295,0.0,0.0,88
E04296,0.0,0.6666666666666666,730
E04297,,0.5,467
E04298,0.25,0.0,730
E04299,0.0,0.0,730
E04300,1.0,0.0,730
E04301,0.1111111111111111,0.0,730
E04302,0.25,0.0,730
E04303,0.0,0.0,273
E04304,0.0,0.0,730
E04305,0.0,0.0,730
E04306,0.0,0.3333333333333333,730
E04307,,0.0,730
E04308,0.0,0.3333333333333333,730
E04309,0.3333333333333333,0.0,730
E04310,,0.0,730
E04311,0.0,0.0,730
E04312,0.0,0.0,730
E04313,0.0,0.0,730
E04314,0.0,0.0,730
E04315,0.0,0.0,730
E04317,0.5,0.0,730
E04318,0.0,0.0,730
E04319,0.0,0.0,730
E04320,0.0,0.0,730
E04321,0.0,0.0,730
E04322,0.0,0.0,730
E04323,0.0,0.0,730
E04324,0.3333333333333333,0.0,730
E04325,0.0,0.0,730
E04326,0.0,0.3333333333333333,730
E04327,,0.0,512
E04328,0.0,0.6666666666666666,730
E04329,0.0,0.3333333333333333,730
E04330,0.0,0.3333333333333333,730
E04331,0.0,0.0,730
E04332,,0.0,730
E04333,0.0,0.3333333333333333,730
E04334,0.5,0.3333333333333333,730
E04335,0.25,0.0,730
E04336,0.0,0.0,730
E04337,0.0,0.0,730
E04338,0.2,0.0,730
E04339,0.0,0.0,730
E04340,0.0,0.0,730
E04341,0.5,0.3333333333333333,730
E04342,0.0,0.3333333333333333,730
E04343,0.0,0.3333333333333333,730
E04344,0.0,0.0,730
E04346,0.0,0.3333333333333333,730
E04347,0.25,0.0,293
E04348,0.0,0.0,730
E04349,0.0,0.0,730
E04350,0.0,0.3333333333333333,730
E04351,0.0,0.3333333333333333,730
E04352,0.0,0.0,730
E04353,0.0,0.0,730
E04354,,0.0,730
E04355,0.5,0.0,730
E04356,0.0,0.3333333333333333,730
E04357,0.0,0.3333333333333333,730
E04358,0.0,0.3333333333333333,730
E04360,0.0,0.0,730
E04361,0.0,0.0,730
E04362,0.0,0.0,730
E04363,0.16666666666666666,0.0,730
E04364,0.75,0.0,730
E04365,0.0,0.0,502
E04366,0.4,0.3333333333333333,730
E04367,,0.3333333333333333,730
E04368,0.3333333333333333,0.0,730
E04369,0.0,0.3333333333333333,730
E04370,,0.0,333
E04371,0.0,0.0,730
E04373,0.0,0.0,730
E04374,0.0,0.0,192
E04375,0.0,0.0,730
E04376,0.0,0.0,730
E04377,0.0,0.0,362
E04378,,0.0,730
E04379,0.0,0.0,730
E04380,0.0,0.3333333333333333,730
E04381,0.0,0.3333333333333333,730
E04382,0.0,0.6666666666666666,730
E04383,,0.0,730
E04385,0.0,0.3333333333333333,730
E04386,0.0,0.3333333333333333,730
E04387,0.0,0.0,730
E04388,0.0,0.0,730
E04391,,0.0,515
E04392,0.25,1.0,62
E04393,0.0,0.6666666666666666,730
E04394,0.0,0.3333333333333333,730
E04396,0.25,0.0,730
E04397,0.0,0.0,730
E04398,0.15384615384615385,0.0,730
E04399,0.0,0.0,730
E04401,0.0,0.0,730
E04402,0.0,0.0,730
E04403,0.0,0.3333333333333333,730
E04404,0.0,0.0,730
E04405,0.0,0.3333333333333333,730
E04406,0.0,0.0,730
E04407,0.0,0.3333333333333333,730
E04408,0.125,0.3333333333333333,646
E04409,,0.0,730
E04410,0.0,0.3333333333333333,546
E04411,0.0,0.3333333333333333,730
E04412,0.0,0.0,81
E04413,0.0,0.3333333333333333,730
E04415,0.25,0.3333333333333333,730
E04416,0.2,0.0,730
E04417,0.0,0.3333333333333333,730
E04418,,0.0,730
E04419,0.0,0.0,730
E04420,0.0,0.0,730
E04421,,0.0,730
E04423,0.0,0.0,730
E04424,0.0,0.6666666666666666,730
E04425,0.0,0.0,730
E04426,0.25,0.0,730
E04427,0.2,0.3333333333333333,730
E04428,0.2,0.0,730
E04430,0.2222222222222222,0.0,730
E04431,0.0,0.0,730
E04433,0.0,0.0,730
E04434,0.0,0.3333333333333333,730
E04435,0.0,0.0,730
E04436,0.3333333333333333,0.3333333333333333,730
E04437,0.0,0.6666666666666666,730
E04438,0.0,0.3333333333333333,730
E04439,,0.3333333333333333,730
E04440,0.0,0.0,730
E04441,0.0,0.3333333333333333,730
E04442,0.5,0.3333333333333333,730
E04443,0.0,0.0,730
E04445,0.25,0.0,730
E04446,0.0,0.3333333333333333,730
E04447,,0.0,730
E04449,0.027777777777777776,0.0,730
E04450,0.0,0.0,730
E04451,0.0,0.0,730
E04452,0.0,0.0,730
E04453,0.09090909090909091,0.3333333333333333,730
E04455,0.0,0.3333333333333333,730
E04456,0.0,0.0,730
E04457,0.2,0.0,730
E04458,,0.3333333333333333,730
E04459,0.5,0.0,730
E04460,,0.0,730
E04462,0.1111111111111111,0.3333333333333333,730
E04463,0.0,0.0,730
E04464,0.0,0.0,730
E04465,1.0,0.5,497
E04466,0.0,0.0,730
E04467,0.25,0.0,730
E04469,0.0,0.3333333333333333,730
E04470,,0.0,730
E04471,0.0,0.0,730
E04472,0.14285714285714285,0.0,730
E04473,0.0,0.0,730
E04474,0.3333333333333333,0.0,730
E04475,0.0,0.3333333333333333,730
E04476,0.0,0.0,730
E04477,0.0,0.0,730
E04478,0.15384615384615385,0.3333333333333333,730
E04479,0.027777777777777776,0.0,730
E04480,0.0,0.3333333333333333,730
E04481,0.0,0.0,730
E04482,,0.0,730
E04483,0.0,0.0,730
E04484,0.07692307692307693,0.3333333333333333,606
E04485,0.0,0.0,730
E04486,0.0,0.6666666666666666,730
E04487,0.0,0.0,730
E04488,,0.0,730
E04489,0.09090909090909091,0.3333333333333333,730
E04490,,0.3333333333333333,730
E04491,0.5,0.0,730
E04492,1.0,0.3333333333333333,730
E04493,0.0,0.0,730
E04494,,0.0,730
E04495,0.0,0.0,730
E04496,0.0,0.0,730
E04497,0.0,1.0,32
E04498,0.5,0.0,730
E04499,0.0,0.3333333333333333,730
E04500,,0.3333333333333333,730
E04501,0.3333333333333333,0.0,730
E04502,0.0,0.3333333333333333,730
E04503,0.0,0.0,730
E04504,,0.0,730
E04505,0.0,0.3333333333333333,730
E04506,0.3333333333333333,0.3333333333333333,730
E04507,0.0,0.3333333333333333,730
E04508,0.0,0.0,730
E04509,,0.0,600
E04510,,0.0,730
E04511,0.125,0.0,730
E04512,0.0,0.3333333333333333,730
E04513,0.0,0.0,730
E04514,0.0,0.0,730
E04515,0.0,0.3333333333333333,730
E04516,0.0,0.3333333333333333,730
E04517,0.0,0.0,730
E04518,0.0,0.0,730
E04519,0.4,0.6666666666666666,730
E04520,0.6666666666666666,0.0,730
E04521,0.25,0.3333333333333333,730
E04522,0.0,0.3333333333333333,730
E04523,0.0,0.0,730
E04524,0.2,0.3333333333333333,730
E04525,0.0,0.3333333333333333,730
E04526,0.0,0.0,730
E04527,0.0,0.3333333333333333,730
E04528,,0.3333333333333333,730
E04529,0.0,0.0,730
E04530,1.0,0.0,730
E04531,0.0,0.6666666666666666,730
E04532,0.0,0.0,730
E04533,0.0,0.0,730
E04534,0.0,0.0,730
E04535,0.0,0.0,730
E04537,0.0,0.3333333333333333,730
E04538,0.0,0.3333333333333333,730
E04539,0.0,0.0,730
E04540,0.0,0.3333333333333333,730
E04541,0.0,0.0,730
E04542,0.0,0.3333333333333333,730
E04543,0.0,0.3333333333333333,730
E04544,0.0,0.0,487
E04545,,0.3333333333333333,730
E04546,0.07142857142857142,0.0,730
E04547,0.0,0.0,730
E04548,,0.3333333333333333,730
E04549,0.5,0.0,730
E04550,0.0,0.0,730
E04551,0.0,0.0,730
E04553,0.3333333333333333,0.0,730
E04554,0.0,0.0,80
E04555,0.0,0.3333333333333333,730
E04557,0.0,0.0,730
E04558,0.0,0.3333333333333333,730
E04559,0.0,1.0,242
E04560,1.0,0.0,730
E04561,0.0,0.0,730
E04562,0.0,0.0,730
E04563,0.0,0.0,730
E04564,0.25,0.0,730
E04565,0.0,0.0,730
E04566,0.0,0.0,730
E04567,0.0,0.3333333333333333,730
E04568,0.0,0.6666666666666666,730
E04569,,0.0,368
E04570,0.0,0.0,730
E04571,1.0,0.0,730
E04572,0.0,0.0,730
E04573,0.0,0.3333333333333333,730
E04575,0.0,0.0,730
E04576,0.0,0.0,730
E04577,0.25,0.0,730
E04578,0.0,0.0,730
E04579,0.0,0.3333333333333333,730
E04580,0.0,0.3333333333333333,730
E04582,0.0,0.0,730
E04584,0.0,0.0,730
E04585,0.0,0.3333333333333333,730
E04586,0.0,0.3333333333333333,730
E04587,0.2,0.3333333333333333,730
E04588,0.0,0.0,730
E04591,0.0,0.0,730
E04592,0.0,0.0,730
E04593,0.0,0.0,730
E04594,0.0,0.0,730
E04595,0.027777777777777776,0.0,730
E04596,0.0,0.0,229
E04597,0.0,0.3333333333333333,730
E04598,0.3333333333333333,0.0,730
E04599,0.0,0.0,730
E04600,0.0,0.0,730
E04601,,0.6666666666666666,730
E04602,0.0,0.0,730
E04603,0.0,0.0,730
E04604,0.0,0.3333333333333333,730
E04606,0.0,0.3333333333333333,730
E04607,0.0,0.3333333333333333,730
E04608,0.0,0.3333333333333333,730
E04609,0.0,0.0,730
E04610,0.0,0.0,730
E04611,0.3333333333333333,0.3333333333333333,730
E04612,0.0,0.0,730
E04613,0.0,0.0,730
E04614,0.1111111111111111,0.3333333333333333,730
E04617,0.0,0.0,730
E04618,0.0,0.0,730
E04619,0.0,0.0,730
E04620,0.06666666666666667,0.0,730
E04621,0.0,0.0,730
E04622,0.0,0.0,730
E04623,0.16666666666666666,0.6666666666666666,730
E04624,0.0,0.0,730
E04625,0.0,0.0,730
E04626,0.0,0.0,730
E04627,0.0,0.0,730
E04628,0.2,0.0,730
E04629,0.0,0.0,730
E04631,0.125,0.0,730
E04632,0.0,0.3333333333333333,730
E04633,0.0,0.3333333333333333,730
E04634,0.0,0.3333333333333333,730
E04635,0.0,0.3333333333333333,730
E04637,0.0,0.0,730
E04638,,0.0,304
E04639,0.0,0.0,730
E04640,0.0,0.3333333333333333,730
E04641,0.09090909090909091,0.0,730
E04642,0.5,0.3333333333333333,730
E04643,,0.0,730
E04644,0.0,0.3333333333333333,730
E04645,,0.0,730
E04646,0.0,0.0,730
E04647,0.5,0.3333333333333333,543
E04648,0.16666666666666666,0.0,730
E04649,0.0,0.0,730
E04650,0.0,0.3333333333333333,730
E04651,0.0,0.0,730
E04652,0.1111111111111111,0.3333333333333333,730
E04654,0.25,0.3333333333333333,730
E04656,0.0,0.0,730
E04657,0.3333333333333333,0.0,730
E04658,,0.0,730
E04659,0.25,0.0,730
E04660,1.0,0.0,730
E04661,0.0,0.3333333333333333,730
E04662,0.0,0.3333333333333333,730
E04664,0.0,0.0,730
E04665,0.0,0.0,730
E04666,0.0,0.0,730
E04667,0.0,0.0,730
E04668,0.0,0.0,730
E04669,0.0,0.0,730
E04670,0.5,0.0,730
E04671,0.5,0.0,730
E04672,0.3333333333333333,0.3333333333333333,730
E04673,0.0,0.3333333333333333,730
E04674,0.0,0.0,652
E04675,0.0,0.0,730
E04676,0.5,0.3333333333333333,730
E04678,0.0,0.0,730
E04679,,0.3333333333333333,730
E04680,0.0,0.0,46
E04681,0.0,0.0,730
E04682,0.0,0.0,39
E04683,0.0,0.0,730
E04686,0.0,0.0,730
E04687,0.0,0.3333333333333333,730
E04688,0.0,0.6666666666666666,730
E04689,0.0,0.3333333333333333,501
E04690,0.0,0.3333333333333333,730
E04691,0.16666666666666666,0.0,730
E04692,0.0,0.0,730
E04693,0.0,0.0,730
E04695,0.0,0.0,730
E04696,0.2857142857142857,0.0,730
E04697,0.0,0.3333333333333333,730
E04698,0.0,0.0,730
E04699,0.0,0.0,730
E04700,0.0,0.0,730
E04701,0.0,1.0,120
E04702,0.0,0.3333333333333333,730
E04703,0.0,0.0,730
E04704,1.0,0.0,730
E04705,0.0,0.0,423
E04706,0.0,0.3333333333333333,730
E04707,0.3333333333333333,0.0,730
E04708,0.0,0.0,730
E04709,0.0,0.0,730
E04710,,0.3333333333333333,730
E04711,0.0,0.0,254
E04712,0.0,0.6666666666666666,730
E04713,0.25,0.3333333333333333,730
E04714,0.0,0.0,730
E04715,0.0,0.0,730
E04716,0.0,0.5,452
E04718,1.0,0.0,730
E04719,,0.3333333333333333,730
E04720,0.5,0.3333333333333333,730
E04721,0.0,0.0,730
E04722,,0.0,145
E04723,0.0,0.3333333333333333,730
E04724,0.0,0.3333333333333333,730
E04725,,0.0,249
E04726,0.0,0.0,730
E04727,,0.0,730
E04728,,0.6666666666666666,730
E04729,,0.0,730
E04730,0.0,0.6666666666666666,730
E04731,0.0,0.3333333333333333,730
E04732,0.0,0.0,730
E04733,0.6666666666666666,0.0,730
E04734,0.09090909090909091,0.6666666666666666,730
E04735,0.0,0.3333333333333333,669
E04736,0.0,0.0,730
E04737,0.0,0.0,730
E04738,0.0,0.0,730
E04739,0.0,0.0,730
E04740,0.25,0.0,606
E04741,0.0,0.0,730
E04742,0.0,0.3333333333333333,730
E04743,0.0,0.0,730
E04744,0.0,0.0,730
E04745,0.0,0.0,730
E04746,0.0,0.3333333333333333,730
E04747,0.1,0.3333333333333333,730
E04748,0.0,0.0,730
E04750,0.1111111111111111,0.0,730
E04751,0.2857142857142857,0.0,730
E04752,0.0,0.0,730
E04753,0.0,0.3333333333333333,730
E04754,0.0,0.0,730
E04755,0.0,0.0,730
E04756,0.0,0.0,730
E04757,0.0,0.0,730
E04758,0.0,0.0,730
E04759,0.0,0.3333333333333333,730
E04760,0.25,0.3333333333333333,730
E04761,0.0,0.0,730
E04762,0.0,0.0,730
E04763,0.0,0.0,730
E04764,,0.3333333333333333,730
E04765,0.0,0.0,730
E04766,0.0,0.0,730
E04767,0.0,0.0,730
E04768,0.0,0.0,730
E04769,0.0,0.0,179
E04770,0.0,0.0,730
E04771,0.0,0.0,730
E04772,0.0,0.6666666666666666,730
E04773,0.0,0.3333333333333333,730
E04774,,0.0,730
E04776,0.0,0.0,730
E04777,0.5,0.0,730
E04778,0.0,0.0,730
E04779,0.0,0.0,730
E04780,0.14285714285714285,0.3333333333333333,730
E04781,0.0,0.0,730
E04782,0.125,0.0,730
E04783,0.5,0.0,730
E04784,0.0,0.0,730
E04785,0.0,0.3333333333333333,730
E04786,0.0,0.0,730
E04787,0.0,0.0,730
E04788,0.0,0.0,730
E04789,0.0,0.0,730
E04790,0.5,0.0,730
E04791,0.08333333333333333,0.0,730
E04792,0.0,0.0,730
E04793,0.5,0.0,172
E04794,0.0,0.0,730
E04795,,0.0,730
E04796,0.0,0.0,730
E04797,,0.0,730
E04798,0.0,0.6666666666666666,730
E04799,0.0,0.0,730
E04801,0.0,0.3333333333333333,730
E04802,0.06666666666666667,0.0,730
E04803,,0.0,730
E04804,0.0,0.0,730
E04805,0.5,1.0,730
E04806,0.0,0.0,730
E04807,0.0,0.0,730
E04808,0.0,0.0,730
E04809,0.0,0.0,410
E04810,0.0,0.0,730
E04811,0.25,0.0,730
E04812,0.0,0.3333333333333333,730
E04813,0.5,0.0,730
E04814,0.16666666666666666,0.0,730
E04815,0.3333333333333333,0.0,730
E04816,0.0,0.0,730
E04817,0.5,0.0,730
E04818,0.3333333333333333,0.0,730
E04820,,0.0,730
E04821,0.0,0.0,730
E04822,0.0,0.3333333333333333,730
E04823,0.25,0.3333333333333333,730
E04824,0.0,0.0,730
E04827,0.0,0.3333333333333333,730
E04828,,0.0,730
E04829,,0.0,730
E04830,0.0,0.0,730
E04832,0.0,0.0,730
E04833,0.0,0.0,730
E04834,0.0,0.0,730
E04835,0.0,0.0,301
E04836,1.0,0.3333333333333333,730
E04837,0.0,0.3333333333333333,730
E04838,,0.0,730
E04839,0.0,0.3333333333333333,730
E04840,0.2,0.0,730
E04842,,0.0,730
E04843,,0.0,730
E04844,0.0,0.0,730
E04845,0.0,0.0,730
E04846,,0.0,730
E04847,,0.0,730
E04848,0.0,0.3333333333333333,730
E04850,0.0,0.0,730
E04851,0.0,0.0,730
E04852,0.0,0.0,280
E04853,0.0,0.6666666666666666,730
E04854,0.0,0.3333333333333333,730
E04855,0.0,0.0,730
E04856,0.0,0.0,730
E04857,0.0,0.0,730
E04859,0.3333333333333333,0.3333333333333333,730
E04860,0.2857142857142857,0.3333333333333333,730
E04861,0.0,0.3333333333333333,730
E04862,0.0,0.0,212
E04863,0.0,0.0,730
E04864,0.0,0.0,730
E04865,0.0,0.0,75
E04866,0.0,0.0,730
E04867,0.0,0.0,730
E04868,0.0,0.0,730
E04869,0.0,0.3333333333333333,730
E04870,,0.0,730
E04871,0.16666666666666666,0.0,730
E04872,0.0,0.3333333333333333,730
E04873,0.0,0.0,730
E04874,0.0,0.0,730
E04875,0.0,0.0,730
E04876,0.0,0.5,412
E04877,0.0,0.0,730
E04878,0.125,0.3333333333333333,730
E04879,,0.0,730
E04880,0.0,0.0,730
E04881,0.0,0.3333333333333333,730
E04882,0.0,0.0,730
E04884,0.0,0.0,629
E04885,0.0,0.0,730
E04886,0.0,0.0,730
E04887,0.0,0.3333333333333333,730
E04889,0.0,0.0,730
E04891,,0.0,730
E04892,1.0,0.0,730
E04893,0.0,0.0,342
E04896,0.0,0.0,730
E04897,1.0,0.0,730
E04898,0.0,0.0,730
E04899,0.0,0.0,730
E04900,0.0,0.6666666666666666,730
E04902,0.0,0.0,730
E04904,0.0,0.0,730
E04905,,0.0,212
E04906,,0.0,730
E04907,0.125,0.0,730
E04908,0.18181818181818182,0.0,730
E04909,0.0,0.0,730
E04910,0.0,0.0,730
E04911,0.0,0.0,730
E04912,0.0,0.0,730
E04913,0.0,0.3333333333333333,730
E04914,0.0,0.3333333333333333,730
E04915,0.5,0.0,730
E04916,0.0,0.0,730
E04917,0.0,0.3333333333333333,730
E04918,0.16666666666666666,0.0,730
E04919,0.0,0.3333333333333333,730
E04920,0.125,0.3333333333333333,730
E04921,0.0,0.0,505
E04922,0.0,0.3333333333333333,730
E04923,,0.0,730
E04924,0.0,0.0,730
E04925,0.0,0.0,730
E04926,0.0,0.6666666666666666,730
E04927,0.3333333333333333,0.0,730
E04929,0.0,0.3333333333333333,730
E04930,,0.0,730
E04931,0.2,0.3333333333333333,730
E04932,0.0,0.3333333333333333,730
E04933,0.2222222222222222,0.0,730
E04934,0.14285714285714285,0.0,730
E04935,0.1111111111111111,0.0,730
E04936,0.0,0.0,730
E04937,0.0,0.3333333333333333,730
E04938,0.0,0.3333333333333333,730
E04939,,0.6666666666666666,730
E04940,0.0,0.0,730
E04941,,1.0,151
E04942,,0.0,730
E04943,0.09090909090909091,0.0,730
E04944,0.0,0.0,59
E04946,0.0,0.0,730
E04947,0.0,0.0,730
E04948,0.125,0.6666666666666666,730
E04949,0.0,0.3333333333333333,730
E04951,0.5,0.0,730
E04952,0.0,0.3333333333333333,730
E04953,0.0,0.0,617
E04954,0.08333333333333333,0.3333333333333333,730
E04955,0.0,0.0,730
E04956,0.0,0.3333333333333333,730
E04957,0.0,0.0,730
E04958,,0.0,730
E04959,0.0,0.0,730
E04960,,0.3333333333333333,730
E04961,0.25,0.0,730
E04962,0.25,0.3333333333333333,730
E04963,0.0,0.3333333333333333,730
E04964,0.0,0.0,730
E04965,,0.3333333333333333,730
E04966,0.0,0.0,730
E04967,0.0,0.3333333333333333,730
E04968,0.5,0.6666666666666666,730
E04969,0.0,0.3333333333333333,730
E04970,0.3333333333333333,0.3333333333333333,730
E04972,0.0,0.6666666666666666,730
E04973,0.0,0.0,730
E04974,0.0,0.0,730
E04975,0.0,0.0,730
E04976,0.0,0.3333333333333333,730
E04977,0.0,0.3333333333333333,606
E04979,0.0,0.0,730
E04980,0.0,0.3333333333333333,730
E04981,0.6666666666666666,0.0,730
E04983,0.0,0.3333333333333333,730
E04985,,0.3333333333333333,730
E04986,0.0,0.0,730
E04987,0.2,0.3333333333333333,730
E04988,0.0,0.0,730
E04990,0.0,0.0,730
E04991,0.0,0.0,730
E04992,0.0,0.0,730
E04993,0.0,0.0,730
E04994,1.0,0.0,730
E04995,0.2,0.0,730
E04996,0.0,1.0,151
E04997,0.0,0.0,730
E04998,0.0,0.0,730
E04999,0.0,0.0,730
E05000,0.0,0.0,730
E05002,0.0,0.0,730
E05003,,0.0,730
E05004,0.0,0.0,730
E05005,0.0,0.0,730
E05007,0.125,0.0,730
E05008,0.0,0.0,730
E05009,0.0,0.6666666666666666,730
E05010,0.0,0.0,373
E05011,0.0,0.0,730
E05013,0.05,0.3333333333333333,730
E05014,0.0,0.6666666666666666,662
E05015,0.0,0.3333333333333333,730
E05016,,0.0,730
E05017,0.0,0.0,730
E05018,0.0,0.3333333333333333,730
E05019,0.0,0.3333333333333333,730
E05020,0.0,0.3333333333333333,730
E05021,0.16666666666666666,0.0,730
E05022,0.125,0.0,730
E05023,0.08333333333333333,0.0,730
E05024,0.0,0.0,730
E05025,0.0,0.0,730
E05026,0.1111111111111111,0.0,730
E05028,,0.3333333333333333,730
E05029,0.0,0.3333333333333333,730
E05030,0.0,0.0,614
E05032,0.0,0.0,730
E05033,0.0,0.3333333333333333,730
E05035,0.5,0.0,730
E05036,,0.0,530
E05037,0.0,0.0,730
E05038,0.5,0.3333333333333333,608
E05040,0.5,0.0,730
E05041,0.0,0.3333333333333333,730
E05042,0.0,0.0,730
E05044,0.3333333333333333,0.0,730
E05045,0.6666666666666666,0.0,473
E05046,0.0,0.0,730
E05047,0.0,0.3333333333333333,730
E05048,0.0,0.0,676
E05049,0.3333333333333333,0.6666666666666666,730
E05050,0.6666666666666666,0.3333333333333333,730
E05051,0.2,0.0,730
E05052,0.0,0.6666666666666666,730
E05053,0.25,0.0,730
E05054,,0.3333333333333333,730
E05055,0.0,0.0,109
E05056,0.0,0.3333333333333333,503
E05057,0.16666666666666666,0.3333333333333333,730
E05058,0.0,0.3333333333333333,683
E05059,0.0,0.0,730
E05060,1.0,0.3333333333333333,730
E05061,0.0,0.3333333333333333,730
E05062,0.0,0.0,730
E05063,0.1111111111111111,0.0,257
E05064,0.3333333333333333,0.5,482
E05065,0.3333333333333333,0.0,730
E05066,0.0,0.0,730
E05067,0.0,0.3333333333333333,730
E05068,0.0,0.0,730
E05069,0.2,0.3333333333333333,730
E05070,,0.0,730
E05071,0.0,0.3333333333333333,730
E05073,,0.0,730
E05074,0.0,0.0,730
E05075,,0.6666666666666666,730
E05076,,0.3333333333333333,730
E05077,,0.0,730
E05078,0.0,0.0,730
E05079,0.0,0.0,730
E05080,0.0,0.6666666666666666,730
E05081,0.0,0.0,730
E05082,0.0,0.0,730
E05083,0.0,0.0,730
E05085,0.0,0.0,235
E05086,0.0,0.3333333333333333,730
E05087,0.5,0.3333333333333333,730
E05088,0.0,0.0,730
E05089,0.0,0.3333333333333333,730
E05090,0.25,0.0,730
E05091,0.0,0.0,730
E05092,0.0,0.0,730
E05094,0.3333333333333333,0.3333333333333333,730
E05095,0.0,0.3333333333333333,730
E05096,0.0,0.0,730
E05097,0.0,0.0,730
E05098,0.0,0.3333333333333333,730
E05099,0.25,0.0,730
E05100,0.0,0.6666666666666666,730
E05101,0.0,0.3333333333333333,730
E05102,0.14285714285714285,0.0,730
E05103,0.0,0.0,730
E05104,0.0,0.0,424
E05105,0.0,0.3333333333333333,730
E05106,,0.0,730
E05107,0.0,0.3333333333333333,730
E05108,0.5,0.0,730
E05109,,0.0,730
E05110,0.0,0.3333333333333333,730
E05111,0.0,0.6666666666666666,730
E05112,0.375,0.3333333333333333,730
E05114,0.0,0.3333333333333333,730
E05115,0.0,0.0,305
E05116,0.0,0.0,730
E05117,0.0,0.0,730
E05118,0.0,0.3333333333333333,730
E05119,0.0,0.0,730
E05120,0.25,0.0,730
E05121,0.1111111111111111,0.3333333333333333,730
E05122,0.0,0.0,730
E05123,0.0,0.0,730
E05124,0.0,0.0,730
E05125,0.0,0.0,730
E05126,0.2,0.3333333333333333,730
E05127,0.5,0.0,730
E05128,0.0,0.0,730
E05129,0.25,0.0,730
E05130,0.0,0.0,730
E05131,0.0,0.0,730
E05132,0.2,0.0,730
E05133,0.0,0.0,730
E05134,0.6666666666666666,0.0,730
E05135,0.0,0.0,730
E05136,0.0,0.3333333333333333,730
E05137,0.0,0.0,730
E05139,0.0,0.0,730
E05140,0.0,0.0,730
E05141,0.0,0.0,730
E05142,0.0,0.0,730
E05144,0.0,0.3333333333333333,730
E05145,0.0,0.3333333333333333,730
E05146,0.0,0.0,730
E05147,1.0,0.3333333333333333,730
E05148,0.0,0.0,730
E05149,0.1111111111111111,0.0,730
E05150,0.0,0.3333333333333333,730
E05151,0.0,0.0,730
E05152,0.25,0.0,396
E05153,0.5,0.3333333333333333,730
E05154,0.0,0.0,730
E05155,0.0,0.0,730
E05156,,0.0,730
E05157,0.0,0.0,730
E05158,0.0,0.0,730
E05159,0.0,0.0,730
E05160,0.0,0.0,730
E05161,0.0,0.0,730
E05162,0.0,0.3333333333333333,730
E05163,0.0,0.0,730
E05164,,0.0,730
E05166,0.0,0.0,730
E05167,0.0,0.0,730
E05168,0.1,0.3333333333333333,730
E05170,,0.3333333333333333,730
E05171,0.16666666666666666,0.3333333333333333,730
E05172,0.0,0.0,730
E05173,0.0,0.0,730
E05174,0.0,0.0,730
E05175,0.0,0.0,730
E05176,0.0,0.3333333333333333,730
E05177,0.0,0.0,730
E05178,0.0,0.0,730
E05179,0.2,0.0,730
E05180,0.0,0.3333333333333333,730
E05181,0.2,0.0,730
E05182,0.0,0.0,730
E05183,0.0,0.0,152
E05184,0.0,0.6666666666666666,730
E05185,0.2,0.3333333333333333,730
E05186,1.0,0.0,730
E05187,0.0,0.3333333333333333,730
E05188,,0.0,730
E05189,0.0,0.0,730
E05190,,0.3333333333333333,730
E05191,,0.0,730
E05192,0.0,0.3333333333333333,730
E05193,0.0,0.0,730
E05194,0.0,0.0,133
E05195,0.0,0.0,730
E05196,0.0,0.3333333333333333,730
E05197,,0.6666666666666666,730
E05198,0.05,0.0,730
E05200,0.0,0.0,730
E05203,0.0,0.0,730
E05204,0.1,0.3333333333333333,730
E05205,0.1,0.0,730
E05206,0.0,0.0,730
E05207,0.0,0.0,730
E05208,0.1,0.3333333333333333,730
E05210,0.0,0.0,730
E05211,,0.0,730
E05212,0.5,0.3333333333333333,730
E05213,0.0,0.0,730
E05214,0.0,0.3333333333333333,730
E05215,0.0,0.0,120
E05216,,0.0,730
E05217,0.125,0.3333333333333333,730
E05218,0.0,0.0,730
E05219,0.0,0.0,730
E05221,0.0,0.0,730
E05222,0.09090909090909091,0.0,730
E05223,0.0,0.0,730
E05224,0.2,0.0,730
E05225,0.3333333333333333,0.0,730
E05226,0.0,0.0,730
E05227,0.5,0.0,730
E05228,0.1,0.0,730
E05229,0.0,0.6666666666666666,730
E05231,0.0,0.3333333333333333,730
E05233,0.2857142857142857,0.3333333333333333,730
E05234,0.5,0.0,228
E05235,0.0,0.3333333333333333,730
E05236,,0.0,546
E05238,0.0,0.0,730
E05239,0.0,0.0,730
E05241,0.0,0.6666666666666666,730
E05242,0.0,0.0,666
E05243,0.125,0.0,730
E05245,0.0,0.3333333333333333,730
E05246,0.0,0.0,730
E05247,0.14285714285714285,0.0,730
E05248,0.0,0.0,730
E05249,0.0,0.0,730
E05250,0.2,0.3333333333333333,730
E05252,1.0,0.0,730
E05253,0.16666666666666666,0.0,730
E05254,0.1,0.0,730
E05255,0.25,0.0,730
E05256,0.0,0.0,730
E05257,0.0,0.0,730
E05258,,0.0,730
E05259,0.0,0.3333333333333333,730
E05260,0.0,0.0,730
E05261,0.3333333333333333,0.0,730
E05262,0.0,0.3333333333333333,730
E05263,,0.0,730
E05264,0.0,0.0,730
E05265,0.3333333333333333,0.5,459
E05266,0.0,0.0,730
E05267,0.0,1.0,273
E05268,0.0,0.0,730
E05269,0.0,0.3333333333333333,730
E05270,0.0,0.0,730
E05271,0.0,0.0,730
E05272,0.0,0.3333333333333333,638
E05273,0.16666666666666666,0.0,730
E05274,0.0,0.0,329
E05275,0.0,0.0,730
E05276,1.0,0.0,693
E05277,0.0,0.0,730
E05278,,0.0,730
E05279,0.0,0.0,676
E05280,0.08333333333333333,0.3333333333333333,730
E05281,0.0,0.3333333333333333,730
E05282,0.0,0.0,730
E05283,0.0,0.0,730
E05284,0.0,0.0,730
E05285,0.0,0.3333333333333333,730
E05286,0.0,0.0,730
E05287,0.07142857142857142,0.0,730
E05288,0.0,0.6666666666666666,730
E05290,0.0,0.3333333333333333,730
E05291,0.0,0.0,730
E05292,0.0,0.0,661
E05293,0.0,0.0,730
E05294,0.0,0.3333333333333333,730
E05295,0.0,0.3333333333333333,730
E05296,0.0,0.0,730
E05298,0.0,0.0,730
E05299,0.0,0.0,730
E05300,,0.3333333333333333,730
E05301,0.25,0.0,730
E05302,,0.0,730
E05303,0.0,0.0,730
E05304,0.0,0.3333333333333333,730
E05305,0.0,0.3333333333333333,730
E05306,0.0,0.3333333333333333,730
E05308,0.0,0.0,730
E05309,,0.0,730
E05310,0.0,0.0,730
E05311,0.0,0.6666666666666666,730
E05312,0.2,0.0,730
E05313,0.3333333333333333,0.0,730
E05315,0.08333333333333333,0.0,730
E05316,0.5,1.0,730
E05317,0.25,0.0,730
E05318,0.0,0.0,396
E05319,,0.3333333333333333,730
E05320,0.0,0.0,730
E05322,0.0,0.0,730
E05323,0.0,0.3333333333333333,730
E05324,0.14285714285714285,0.0,730
E05325,0.0,0.0,730
E05326,0.0,0.0,407
E05327,0.0,0.0,730
E05328,,0.0,730
E05329,0.25,0.3333333333333333,730
E05330,,0.0,730
E05331,0.0,0.0,730
E05332,0.0,0.0,730
E05335,0.0,0.0,730
E05336,0.0,0.0,730
E05337,,0.0,730
E05338,0.0,0.3333333333333333,730
E05339,,0.0,730
E05340,,0.0,606
E05341,0.0,0.0,730
E05342,0.0,0.3333333333333333,730
E05343,,0.6666666666666666,730
E05344,0.0,0.0,730
E05345,0.0,0.3333333333333333,730
E05346,0.0,0.0,730
E05347,0.0,0.0,730
E05348,0.0,0.3333333333333333,730
E05349,0.14285714285714285,0.3333333333333333,730
E05350,0.0,0.6666666666666666,730
E05351,0.3333333333333333,0.0,730
E05352,0.0,0.0,730
E05353,0.0,0.3333333333333333,730
E05354,0.125,0.0,730
E05355,0.0,0.0,730
E05356,0.0,0.0,730
E05358,0.0,0.3333333333333333,730
E05359,0.0,0.6666666666666666,730
E05360,0.0,0.6666666666666666,730
E05361,,0.6666666666666666,730
E05362,0.25,0.0,730
E05364,0.0,0.0,730
E05366,0.0,0.3333333333333333,730
E05368,0.0,0.0,155
E05369,0.0,0.0,730
E05370,0.0,0.3333333333333333,730
E05371,,0.0,482
E05372,1.0,0.0,730
E05373,,0.0,59
E05374,0.0,0.0,730
E05375,0.0,0.3333333333333333,730
E05377,0.0,0.3333333333333333,730
E05378,1.0,0.0,730
E05379,,0.3333333333333333,730
E05380,0.09090909090909091,0.0,730
E05381,0.0,0.0,730
E05382,0.0,0.3333333333333333,730
E05383,0.0,0.3333333333333333,730
E05384,0.0,0.0,730
E05385,0.0,0.0,730
E05386,0.5,0.3333333333333333,730
E05387,0.0,0.3333333333333333,730
E05388,0.0,0.0,730
E05389,0.0,0.3333333333333333,730
E05390,,0.0,730
E05391,0.0,0.0,730
E05392,0.2,0.0,730
E05393,0.0,0.0,730
E05394,0.0,0.0,730
E05395,0.0,0.3333333333333333,730
E05396,0.0,1.0,730
E05398,0.0,0.3333333333333333,730
E05399,0.0,0.0,730
E05400,0.14285714285714285,0.0,163
E05401,0.0,0.3333333333333333,730
E05402,0.0,0.0,270
E05403,0.0,0.0,730
E05404,0.0,0.3333333333333333,730
E05406,,0.0,730
E05407,0.0,0.3333333333333333,730
E05408,0.125,0.0,730
E05409,,0.0,396
E05410,0.0,0.3333333333333333,730
E05411,0.0,0.3333333333333333,730
E05412,0.5,0.0,730
E05414,0.0,0.0,730
E05415,0.0,0.3333333333333333,730
E05416,0.09090909090909091,0.3333333333333333,730
E05418,0.0,0.0,730
E05419,0.25,0.0,730
E05420,0.0,0.3333333333333333,504
E05421,0.25,0.0,730
E05422,0.0,0.0,730
E05423,0.0,0.0,730
E05424,0.0,0.0,730
E05425,,0.0,730
E05426,0.0,0.0,730
E05427,0.2,0.0,730
E05428,0.0,0.0,730
E05429,0.0,0.0,730
E05430,0.0,0.3333333333333333,730
E05431,0.0,0.0,730
E05432,0.0,0.0,730
E05433,,0.0,730
E05434,0.1,0.0,730
E05435,0.0,0.0,620
E05436,0.0,0.0,606
E05439,0.0,0.6666666666666666,577
E05441,0.0,0.0,730
E05442,0.0,0.3333333333333333,730
E05443,0.0,0.0,730
E05444,0.2,0.3333333333333333,730
E05445,0.0,0.0,730
E05446,0.0,0.3333333333333333,730
E05447,0.3333333333333333,0.0,730
E05448,0.25,0.0,730
E05449,0.0,0.0,730
E05450,0.0,0.3333333333333333,730
E05451,0.25,0.3333333333333333,730
E05452,0.0,0.3333333333333333,730
E05453,0.0,0.0,730
E05454,0.0,0.0,730
E05455,0.25,0.0,730
E05456,0.0,0.0,730
E05457,0.0,0.0,730
E05458,0.0,0.3333333333333333,730
E05459,0.14285714285714285,0.0,426
E05460,0.0,0.0,730
E05462,0.0,0.0,730
E05465,0.3333333333333333,0.0,730
E05466,0.0,0.0,730
E05467,0.0,0.6666666666666666,730
E05468,0.0,0.0,730
E05469,0.0,0.3333333333333333,730
E05470,0.0,0.6666666666666666,730
E05471,0.0,0.3333333333333333,730
E05472,0.0,0.3333333333333333,597
E05473,0.0,0.0,730
E05474,0.0,0.0,730
E05475,0.3333333333333333,0.6666666666666666,730
E05476,0.0,0.3333333333333333,730
E05477,0.0,0.0,730
E05478,0.0,0.0,730
E05479,0.0,0.3333333333333333,544
E05480,0.0,0.0,730
E05481,0.0,0.0,730
E05482,0.0,0.0,730
E05484,0.0,0.3333333333333333,730
E05485,0.0,0.3333333333333333,730
E05486,0.0,0.0,730
E05487,0.0,0.0,730
E05488,1.0,0.3333333333333333,730
E05489,0.0,0.0,730
E05490,0.0,0.0,730
E05491,0.5,0.0,730
E05492,0.0,0.3333333333333333,730
E05493,0.0,0.3333333333333333,730
E05494,0.0,0.3333333333333333,730
E05496,0.0,1.0,730
E05497,0.0,0.0,648
E05498,0.0,0.0,730
E05499,0.0,0.6666666666666666,730
E05500,0.2,0.0,730
E05501,0.0,0.3333333333333333,730
E05502,0.0,0.3333333333333333,730
E05503,0.3333333333333333,0.3333333333333333,730
E05504,0.0,0.0,730
E05505,,0.3333333333333333,730
E05506,,0.0,730
E05507,0.0,0.0,730
E05508,0.5,0.0,730
E05509,0.0,0.3333333333333333,730
E05511,0.5,0.3333333333333333,730
E05512,0.0,0.0,730
E05514,0.0,0.3333333333333333,730
E05515,0.0,0.0,730
E05516,0.0,0.0,730
E05517,0.0,0.3333333333333333,730
E05518,0.0,0.0,390
E05519,0.25,0.0,130
E05521,0.0,0.0,730
E05522,0.3333333333333333,0.0,730
E05523,0.14285714285714285,0.3333333333333333,730
E05524,0.16666666666666666,0.0,730
E05525,0.0,0.0,730
E05526,0.0,0.3333333333333333,730
E05527,0.0,0.0,730
E05531,0.13333333333333333,0.3333333333333333,730
E05532,0.0,0.6666666666666666,730
E05533,0.0,0.3333333333333333,730
E05534,0.0,0.3333333333333333,730
E05535,,0.0,730
E05536,0.034482758620689655,0.0,730
E05538,0.25,0.0,730
E05539,0.0,0.0,730
E05541,0.2857142857142857,0.0,730
E05542,0.0,0.0,730
E05543,0.3333333333333333,0.0,730
E05544,0.25,0.3333333333333333,730
E05545,0.0,0.0,130
E05547,0.0,0.0,730
E05548,0.0,0.3333333333333333,730
E05549,,0.3333333333333333,730
E05550,0.0,0.3333333333333333,730
E05551,0.0,0.3333333333333333,730
E05552,0.0,0.0,730
E05553,0.0,0.3333333333333333,730
E05554,0.0,0.0,730
E05555,0.25,0.0,730
E05556,0.0,0.3333333333333333,730
E05557,0.0,0.0,730
E05559,0.0,0.0,730
E05560,0.0,0.0,730
E05561,,0.0,730
E05562,,1.0,117
E05563,0.0,0.0,730
E05564,0.0,0.0,424
E05565,0.0,0.3333333333333333,730
E05566,0.0,0.0,88
E05567,0.0,0.0,730
E05569,0.3333333333333333,0.0,730
E05570,0.0,0.0,730
E05571,0.0,0.0,730
E05572,0.0,0.0,730
E05573,0.5,0.0,730
E05574,0.09090909090909091,0.3333333333333333,730
E05576,,0.0,730
E05577,0.0,0.0,730
E05578,0.2,0.0,730
E05579,0.0,0.3333333333333333,730
E05580,0.25,0.0,730
E05581,0.0,0.0,730
E05582,0.0,0.0,730
E05583,0.3333333333333333,0.3333333333333333,730
E05584,0.0,0.3333333333333333,730
E05585,0.3333333333333333,0.0,730
E05586,0.3333333333333333,0.0,730
E05587,0.0,0.0,730
E05588,0.0,0.0,730
E05590,,0.0,730
E05591,,0.3333333333333333,730
E05592,0.25,0.0,730
E05593,0.0,0.0,730
E05595,0.0,0.0,730
E05596,,0.0,730
E05600,0.0,0.0,730
E05601,0.11764705882352941,0.0,730
E05602,0.0,0.0,567
E05603,,0.3333333333333333,730
E05605,0.0,0.0,730
E05606,0.0,0.0,730
E05607,0.0,0.0,676
E05608,,0.3333333333333333,730
E05609,0.0,0.0,730
E05610,0.0,0.0,730
E05611,,0.0,730
E05612,0.0,0.0,730
E05613,0.0,0.0,730
E05614,0.125,0.0,730
E05615,0.15384615384615385,0.0,730
E05616,0.0,0.0,730
E05617,0.14285714285714285,0.0,730
E05618,0.0,0.0,730
E05619,0.0,0.0,730
E05621,,0.0,45
E05622,0.0,0.0,730
E05623,0.0,0.3333333333333333,730
E05624,0.125,0.0,730
E05625,0.0,0.3333333333333333,730
E05626,0.05,0.0,730
E05627,0.2,0.6666666666666666,730
E05629,,0.3333333333333333,730
E05630,0.2,0.0,730
E05631,0.0,0.0,730
E05632,0.16666666666666666,0.3333333333333333,730
E05633,0.0,0.0,577
E05634,0.0,0.0,730
E05635,0.5,0.3333333333333333,730
E05636,0.2,0.0,730
E05637,0.0,0.3333333333333333,730
E05638,0.5,0.0,730
E05639,0.0,0.0,730
E05640,0.0,0.0,730
E05641,0.0,0.0,730
E05642,0.2,0.0,730
E05643,0.0,0.0,730
E05644,0.1111111111111111,0.0,730
E05645,0.0,0.0,730
E05646,,0.3333333333333333,730
E05647,0.0,0.6666666666666666,730
E05648,0.4,0.0,730
E05649,0.0,0.3333333333333333,730
E05650,,0.0,730
E05651,0.2,0.0,730
E05653,0.0,0.0,730
E05654,0.0,0.0,730
E05655,0.0,0.0,730
E05656,0.3333333333333333,0.0,226
E05657,0.0,0.0,730
E05658,0.0,0.0,730
E05660,,0.0,730
E05661,0.0,0.3333333333333333,730
E05662,0.0,0.0,730
E05663,0.0,0.0,462
E05664,0.0,0.3333333333333333,730
E05665,0.0,0.0,326
E05666,0.0,0.0,730
E05667,0.0,0.6666666666666666,730
E05668,,0.3333333333333333,730
E05670,0.0,0.0,730
E05671,0.0,0.0,730
E05672,0.14285714285714285,0.0,730
E05673,0.0,0.3333333333333333,730
E05674,0.0,0.0,730
E05675,0.5,0.0,730
E05676,0.0,0.0,730
E05677,1.0,0.0,487
E05678,0.0,0.3333333333333333,730
E05679,0.0,0.3333333333333333,730
E05681,0.0,0.3333333333333333,730
E05682,0.0,0.3333333333333333,730
E05683,0.0,0.0,730
E05684,0.0,0.0,488
E05685,0.3333333333333333,0.0,730
E05686,0.2,0.0,730
E05687,,0.3333333333333333,730
E05688,0.0,0.0,730
E05689,0.0,0.0,730
E05690,0.0,0.0,730
E05691,0.0,0.0,515
E05692,0.0,0.0,730
E05693,0.0,0.0,730
E05696,,0.3333333333333333,730
E05698,1.0,0.0,730
E05699,0.0,0.0,730
E05700,0.2,0.3333333333333333,730
E05701,0.0,0.0,697
E05703,0.0,0.0,730
E05704,0.0,0.0,730
E05705,0.0,0.0,730
E05706,,0.6666666666666666,730
E05707,,0.0,730
E05708,0.0,0.0,730
E05709,0.0,0.3333333333333333,730
E05710,0.0,0.0,730
E05711,0.0,0.0,730
E05712,0.2222222222222222,0.0,730
E05713,0.0,0.3333333333333333,730
E05714,0.0,0.5,320
E05715,1.0,0.0,730
E05716,0.0,0.0,123
E05717,0.0,0.0,730
E05718,,0.0,730
E05719,0.0,0.0,730
E05720,0.0,0.0,730
E05721,0.0,0.0,730
E05723,0.0,0.0,730
E05726,0.0,0.0,730
E05727,0.06666666666666667,0.0,730
E05728,0.16666666666666666,0.0,151
E05729,0.0,1.0,730
E05730,0.0,0.0,730
E05731,,0.6666666666666666,730
E05732,0.3333333333333333,0.0,730
E05733,0.0,0.0,730
E05734,,0.0,74
E05735,0.0,0.0,730
E05736,0.1111111111111111,0.0,730
E05737,,0.0,137
E05738,0.0,0.0,730
E05739,0.13333333333333333,0.0,730
E05740,0.0,0.3333333333333333,730
E05741,0.0,0.3333333333333333,730
E05743,0.0,0.0,730
E05744,0.0,0.6666666666666666,730
E05745,0.25,0.0,730
E05747,0.0,0.0,730
E05748,0.0,0.3333333333333333,730
E05749,,0.3333333333333333,730
E05751,0.0,0.3333333333333333,730
E05752,0.0,0.3333333333333333,730
E05753,,0.3333333333333333,730
E05754,0.0,0.0,730
E05755,0.0,0.0,730
E05756,0.5,0.3333333333333333,730
E05757,0.0,0.0,730
E05758,0.0,0.0,730
E05759,,0.0,730
E05760,0.5,0.0,730
E05761,0.25,0.0,730
E05762,0.3333333333333333,0.0,730
E05763,,0.0,569
E05764,0.0,0.3333333333333333,730
E05765,0.0,0.3333333333333333,730
E05766,0.0,0.0,730
E05767,0.3333333333333333,0.0,730
E05768,0.0,0.0,730
E05769,0.2,0.0,730
E05770,0.0,0.0,730
E05771,0.0,0.0,730
E05772,,0.0,730
E05773,0.0,0.0,730
E05774,0.0,0.0,207
E05775,0.0,0.3333333333333333,730
E05777,0.0,0.0,730
E05778,0.0,0.3333333333333333,730
E05779,0.0,0.0,730
E05780,0.0,0.0,730
E05781,1.0,0.0,730
E05782,0.2,0.0,730
E05783,0.0,0.0,730
E05784,,0.3333333333333333,730
E05785,0.0,0.0,730
E05786,0.0,0.3333333333333333,730
E05787,0.0,0.3333333333333333,730
E05788,1.0,0.0,730
E05789,0.0,0.0,730
E05790,0.0,0.0,730
E05791,0.0,0.0,730
E05793,,0.6666666666666666,730
E05794,,0.0,730
E05796,0.0,0.0,730
E05797,0.0,0.0,730
E05799,0.0,0.3333333333333333,730
E05800,0.25,0.3333333333333333,730
E05801,0.1111111111111111,0.0,730
E05802,0.0,0.0,197
E05804,0.2,0.0,730
E05805,0.0,0.3333333333333333,730
E05806,0.0,0.0,730
E05807,0.25,0.0,730
E05808,0.0,0.0,730
E05809,0.2,0.0,730
E05810,0.14285714285714285,0.0,730
E05812,0.0,0.0,730
E05813,0.1111111111111111,0.6666666666666666,730
E05814,0.14285714285714285,0.3333333333333333,730
E05815,0.0,0.3333333333333333,730
E05816,0.0,0.3333333333333333,730
E05817,0.3333333333333333,0.0,730
E05818,,0.0,730
E05819,0.05,0.0,730
E05820,0.14285714285714285,0.3333333333333333,730
E05821,0.0,0.0,730
E05822,0.14285714285714285,0.0,730
E05823,0.25,0.3333333333333333,730
E05824,0.0,0.3333333333333333,634
E05825,1.0,0.0,730
E05826,0.3333333333333333,0.3333333333333333,730
E05827,0.16666666666666666,0.0,730
E05829,,0.0,730
E05830,0.0,0.3333333333333333,730
E05831,,1.0,730
E05832,0.0,0.0,730
E05833,0.0,0.0,730
E05834,0.1,0.0,730
E05835,0.0,0.3333333333333333,730
E05836,0.0,0.3333333333333333,730
E05837,0.0,0.0,730
E05838,0.0,0.0,730
E05839,0.0,0.0,730
E05840,0.0,0.0,730
E05841,0.0,0.0,730
E05843,0.0,0.0,730
E05844,0.3333333333333333,0.3333333333333333,730
E05845,0.3333333333333333,0.6666666666666666,730
E05846,0.0,0.3333333333333333,730
E05847,0.0,0.0,730
E05848,0.2,0.0,730
E05849,,0.3333333333333333,730
E05850,0.15384615384615385,0.0,730
E05852,0.0,0.3333333333333333,730
E05853,0.0,0.6666666666666666,730
E05854,0.0,0.3333333333333333,730
E05855,,0.0,730
E05856,0.0,0.3333333333333333,730
E05859,,0.0,730
E05860,,0.3333333333333333,730
E05861,0.0,0.0,730
E05862,0.07692307692307693,0.0,263
E05863,0.0,0.3333333333333333,730
E05865,0.0,0.0,730
E05866,0.0,0.3333333333333333,730
E05867,0.0,0.0,88
E05868,0.0,0.3333333333333333,730
E05869,0.0,0.0,730
E05871,0.0,0.0,730
E05872,0.2,0.0,730
E05873,0.0,0.0,730
E05874,0.0,0.0,730
E05875,0.1111111111111111,0.0,730
E05876,0.0,0.0,730
E05877,0.25,0.0,730
E05878,0.0,0.3333333333333333,730
E05879,0.0,0.5,410
E05880,0.05,0.3333333333333333,730
E05881,0.0,0.3333333333333333,730
E05882,0.0,0.0,730
E05883,0.0,0.0,730
E05884,0.0,0.0,730
E05885,0.5,0.0,375
E05886,0.0,0.0,730
E05887,0.0,0.0,730
E05888,1.0,0.3333333333333333,730
E05889,0.0,0.0,730
E05890,0.0,0.0,730
E05891,,0.0,570
E05892,,0.0,730
E05893,0.0,0.0,730
E05894,0.0,0.0,730
E05895,0.3333333333333333,0.3333333333333333,730
E05897,0.0,0.0,730
E05898,0.0,0.6666666666666666,730
E05899,0.0,0.0,730
E05900,0.0,0.3333333333333333,730
E05901,0.0,0.3333333333333333,564
E05902,0.0,0.3333333333333333,730
E05903,0.0,0.0,730
E05904,0.0,0.3333333333333333,730
E05905,0.0,0.0,730
E05906,0.0,0.0,165
E05908,0.0,0.0,730
E05909,0.16666666666666666,0.3333333333333333,730
E05910,0.0,0.3333333333333333,730
E05911,0.0,0.0,730
E05912,0.375,0.0,730
E05913,0.09090909090909091,0.0,730
E05914,0.0,0.3333333333333333,730
E05915,0.0,0.6666666666666666,730
E05916,0.4,0.3333333333333333,730
E05917,0.0,0.0,730
E05918,0.0,0.3333333333333333,730
E05919,0.0,0.3333333333333333,669
E05920,0.0,0.0,730
E05922,0.0,0.3333333333333333,730
E05923,,0.0,438
E05924,0.0,0.0,730
E05925,,0.0,730
E05926,0.0,0.0,730
E05927,0.16666666666666666,0.0,730
E05928,0.0,0.0,730
E05929,0.0,0.0,730
E05930,0.5,0.0,730
E05931,0.5,0.5,478
E05932,0.0,0.0,730
E05933,,0.0,730
E05935,0.0,0.3333333333333333,730
E05936,0.3333333333333333,0.3333333333333333,730
E05938,0.0,0.0,730
E05939,0.16666666666666666,0.0,730
E05940,,0.0,730
E05941,0.0,0.0,730
E05942,0.0,0.0,730
E05943,0.5,0.0,730
E05944,,0.0,273
E05945,0.034482758620689655,0.3333333333333333,730
E05946,0.0,0.0,730
E05947,0.0,0.0,730
E05948,0.0,0.0,730
E05951,0.5,0.0,730
E05952,0.0,0.0,730
E05953,,0.0,730
E05954,0.14285714285714285,0.0,730
E05956,0.5,0.0,730
E05957,0.3333333333333333,0.0,730
E05958,0.0,1.0,107
E05959,0.027777777777777776,0.3333333333333333,730
E05960,0.0,0.3333333333333333,730
E05961,0.0,0.0,730
E05962,0.0,0.0,730
E05963,0.0,0.0,730
E05964,,0.3333333333333333,730
E05965,0.25,0.3333333333333333,730
E05967,0.0,0.0,730
E05968,0.14285714285714285,0.0,730
E05969,0.0,0.0,730
E05970,1.0,0.0,730
E05971,0.0,0.0,730
E05972,0.4,0.0,730
E05973,0.125,0.0,730
E05974,0.0,0.0,730
E05975,0.0,0.3333333333333333,730
E05976,0.0,0.0,730
E05977,0.0,0.3333333333333333,730
E05978,0.0,0.3333333333333333,730
E05979,0.0,0.0,730
E05980,0.5,0.0,730
E05981,0.0,0.0,730
E05983,0.0,0.3333333333333333,730
E05984,0.0,0.0,730
E05987,0.0,0.3333333333333333,730
E05989,0.0,0.0,730
E05990,0.25,0.0,730
E05991,0.0,0.0,730
E05992,0.0,0.0,730
E05993,0.0,0.0,730
E05995,0.0,0.0,730
E05996,0.3333333333333333,0.0,730
E05997,1.0,0.3333333333333333,730
E05999,,0.0,730
E06000,0.0,0.0,730
E06001,,0.0,730
E06002,0.0,0.3333333333333333,730
E06003,0.0,0.0,730
E06004,0.0,0.6666666666666666,730
E06005,0.0,0.3333333333333333,730
E06006,0.0,0.0,730
E06008,0.0,0.0,730
E06009,,0.0,730
E06010,0.0,0.3333333333333333,730
E06011,0.0,0.0,730
E06012,0.0,0.0,730
E06013,,0.0,730
E06014,0.0,0.0,730
E06015,0.2222222222222222,0.0,730
E06016,0.0,0.0,730
E06017,0.0,0.3333333333333333,730
E06018,0.0,0.0,730
E06019,0.0,0.3333333333333333,730
E06020,0.0,0.3333333333333333,730
E06021,0.0,0.0,730
E06022,0.25,0.0,730
E06024,0.0,0.0,730
E06025,0.0,0.0,730
E06026,0.0,0.0,730
E06027,,0.0,730
E06028,,0.0,730
E06029,0.0,0.0,730
E06030,0.0,0.3333333333333333,730
E06031,0.0,0.0,396
E06032,0.14285714285714285,0.0,730
E06033,0.0,0.0,36
E06034,0.0,0.0,730
E06035,0.0,0.3333333333333333,730
E06036,0.0,0.0,730
E06037,0.3333333333333333,0.0,497
E06038,0.0,0.0,730
E06039,0.0,0.0,730
E06040,0.08695652173913043,0.0,730
E06041,0.0,0.0,730
E06042,0.0,0.0,730
E06043,0.25,0.0,402
E06044,0.08695652173913043,0.0,730
E06045,0.0,0.0,151
E06046,0.07692307692307693,0.0,730
E06047,0.09090909090909091,0.3333333333333333,730
E06048,0.0,0.0,32
E06049,0.0,0.0,730
E06050,0.0,0.3333333333333333,730
E06052,0.6666666666666666,0.0,730
E06053,0.0,0.0,730
E06054,0.1111111111111111,0.0,730
E06055,0.0,0.3333333333333333,730
E06056,0.2,0.0,730
E06057,0.0,0.0,730
E06058,0.07692307692307693,0.0,730
E06059,0.14285714285714285,0.0,730
E06060,,0.3333333333333333,730
E06061,0.0,0.0,730
E06062,,0.3333333333333333,730
E06063,0.5,0.0,730
E06064,,0.0,730
E06065,0.08333333333333333,0.0,730
E06066,1.0,0.0,730
E06067,0.16666666666666666,0.0,730
E06068,0.0,0.0,730
E06069,0.0,0.3333333333333333,730
E06070,0.0,0.0,730
E06071,0.0,0.0,730
E06072,0.1,0.0,730
E06073,0.0,0.3333333333333333,730
E06074,0.0,0.3333333333333333,730
E06075,0.0,0.0,636
E06076,0.0,0.0,450
E06077,0.3333333333333333,0.6666666666666666,730
E06078,0.0,0.0,730
E06079,0.0,0.0,473
E06080,0.2,0.0,730
E06081,0.3333333333333333,0.3333333333333333,591
E06083,0.0,0.0,730
E06084,0.0,0.3333333333333333,730
E06085,0.027777777777777776,0.3333333333333333,730
E06086,0.0,0.0,730
E06087,,0.3333333333333333,730
E06088,0.0,0.3333333333333333,730
E06089,0.0,0.0,730
E06090,0.3333333333333333,0.0,730
E06091,0.0,0.0,730
E06093,0.0,0.0,730
E06094,0.2857142857142857,0.3333333333333333,730
E06096,0.0,0.0,730
E06097,0.0,0.0,730
E06098,0.0,0.0,145
E06099,0.0,0.0,730
E06100,0.06666666666666667,0.0,730
E06101,0.0,0.3333333333333333,730
E06103,0.0,0.0,730
E06104,0.0,0.0,730
E06106,0.14285714285714285,0.0,730
E06107,0.0,0.3333333333333333,730
E06108,0.0,0.0,730
E06109,0.0,0.3333333333333333,730
E06110,,0.0,730
E06111,0.0,0.3333333333333333,730
E06112,0.0,0.0,730
E06113,,0.0,730
E06114,0.0,0.0,730
E06115,0.0,0.0,730
E06116,0.0,0.3333333333333333,730
E06117,0.2857142857142857,0.0,730
E06118,0.0,0.3333333333333333,730
E06119,0.5,0.3333333333333333,730
E06120,0.3333333333333333,0.0,730
E06121,0.0,0.0,730
E06122,0.0,0.3333333333333333,730
E06123,0.0,0.3333333333333333,730
E06124,0.0,0.3333333333333333,730
E06125,0.1111111111111111,0.0,730
E06128,0.0,0.0,730
E06129,0.16666666666666666,0.0,730
E06130,0.0,0.3333333333333333,730
E06131,0.0,0.3333333333333333,730
E06132,0.0,0.3333333333333333,588
E06133,0.0,0.0,418
E06135,0.0,0.0,730
E06136,0.0,0.3333333333333333,730
E06137,0.0,0.6666666666666666,606
E06138,0.0,0.0,730
E06139,0.0,0.0,730
E06140,0.0,0.0,730
E06141,,0.0,95
E06142,0.0,0.0,730
E06143,0.5,0.3333333333333333,730
E06144,0.0,0.0,730
E06147,0.3333333333333333,0.0,730
E06148,,0.0,730
E06149,0.0,0.0,730
E06150,0.058823529411764705,0.0,53
E06151,0.0,0.0,730
E06152,0.0,0.3333333333333333,730
E06153,0.0,0.0,730
E06154,0.0,0.0,445
E06155,,0.0,46
E06156,0.0,0.0,730
E06157,0.0,0.0,730
E06158,0.5,0.0,730
E06159,0.0,0.0,730
E06160,0.0,0.0,730
E06161,,0.0,730
E06162,0.0,0.0,730
E06163,1.0,0.0,730
E06164,,0.0,730
E06165,0.0,0.0,730
E06167,0.0,0.6666666666666666,730
E06168,0.3333333333333333,0.0,730
E06169,0.07692307692307693,0.0,319
E06170,0.0,0.3333333333333333,730
E06171,0.0,0.0,730
E06172,0.0,0.0,730
E06173,0.2222222222222222,0.3333333333333333,730
E06174,0.5,0.0,730
E06175,0.08333333333333333,0.3333333333333333,730
E06176,0.125,0.0,730
E06178,0.6666666666666666,0.3333333333333333,730
E06180,0.0,0.6666666666666666,730
E06181,0.14285714285714285,0.0,730
E06182,,1.0,85
E06183,0.0,0.0,730
E06184,0.5,0.0,330
E06185,0.0,0.0,730
E06186,0.0,0.0,730
E06187,0.0,0.3333333333333333,730
E06189,0.0,0.0,730
E06190,0.0,0.0,730
E06191,0.0,1.0,221
E06192,0.1111111111111111,0.0,730
E06193,0.2,0.0,730
E06194,0.2,0.0,730
E06195,0.11764705882352941,0.3333333333333333,730
E06196,0.25,0.3333333333333333,730
E06197,0.0,0.3333333333333333,730
E06198,0.2,0.0,730
E06199,0.0,0.6666666666666666,730
E06200,,0.0,184
E06201,0.0,0.3333333333333333,730
E06202,0.0,0.0,730
E06203,0.25,0.0,730
E06204,0.09090909090909091,0.3333333333333333,730
E06205,0.0,0.0,730
E06206,0.0,0.0,730
E06207,0.0,0.0,730
E06208,,0.0,730
E06209,,0.0,730
E06210,0.0,0.0,590
E06211,0.0,0.0,730
E06212,0.0,0.3333333333333333,730
E06213,0.0,0.3333333333333333,730
E06215,0.0,0.0,67
E06216,0.14285714285714285,0.0,730
E06217,0.0,0.0,730
E06218,0.125,0.3333333333333333,730
E06221,0.0,0.6666666666666666,730
E06222,0.0,0.0,730
E06223,0.0,0.3333333333333333,730
E06224,0.08333333333333333,0.0,730
E06225,0.0,0.0,730
E06226,0.0,0.0,730
E06227,0.0,0.0,730
E06229,0.0,0.3333333333333333,730
E06230,0.06666666666666667,0.0,730
E06231,,0.0,172
E06232,,0.3333333333333333,730
E06233,0.0,0.0,730
E06234,0.125,0.3333333333333333,730
E06235,,0.3333333333333333,730
E06236,0.0,0.0,730
E06237,0.0,0.0,730
E06238,0.0,0.0,730
E06239,0.0,0.0,730
E06240,0.0,0.0,425
E06242,0.0,0.0,730
E06243,0.1,0.3333333333333333,730
E06244,,0.3333333333333333,730
E06245,0.0,0.3333333333333333,730
E06246,0.0,0.0,730
E06247,0.0,0.3333333333333333,730
E06248,0.2,0.0,730
E06250,0.1111111111111111,0.0,730
E06251,0.0,0.3333333333333333,514
E06252,0.0,0.0,730
E06256,0.0,0.0,730
E06257,0.0,0.0,730
E06258,0.0,0.0,730
E06259,0.0,0.0,730
E06260,0.0,0.0,730
E06261,0.0,0.0,730
E06262,0.0,0.0,32
E06263,,0.0,730
E06265,0.0,0.0,730
E06266,0.3333333333333333,0.0,730
E06268,0.0,0.0,730
E06269,0.25,0.0,730
E06270,,0.0,730
E06271,0.25,0.0,730
E06272,0.0,0.0,730
E06273,0.0,0.0,730
E06274,0.0,0.0,730
E06275,0.0,0.3333333333333333,730
E06276,0.0,0.3333333333333333,730
E06277,0.0,0.0,730
E06278,0.0,0.3333333333333333,730
E06279,0.0,0.0,730
E06281,0.0,0.3333333333333333,730
E06282,0.0,0.0,730
E06283,,0.0,730
E06284,,0.0,730
E06285,0.25,0.0,730
E06286,0.0,0.0,730
E06288,0.0,0.0,730
E06289,0.0,0.0,440
E06290,0.0,0.3333333333333333,730
E06291,0.5,0.3333333333333333,730
E06292,0.5,0.0,730
E06293,0.0,0.0,730
E06294,0.0,0.3333333333333333,577
E06295,0.0,0.6666666666666666,674
E06296,0.0,0.6666666666666666,730
E06297,0.06666666666666667,0.0,730
E06299,0.0,0.0,730
E06300,0.0,0.0,730
E06301,0.0,0.0,730
E06302,0.125,0.3333333333333333,730
E06303,,0.0,730
E06304,0.0,0.0,730
E06305,0.5,0.0,730
E06306,0.0,0.0,730
E06307,0.0,0.3333333333333333,730
E06308,0.0,0.0,730
E06309,0.0,0.0,730
E06310,0.25,0.3333333333333333,730
E06311,0.0,0.3333333333333333,730
E06312,0.0,0.0,730
E06313,0.0,0.3333333333333333,730
E06314,0.05,0.6666666666666666,730
E06315,0.0,0.0,461
E06317,0.0,0.0,730
E06318,0.2,0.3333333333333333,730
E06319,0.25,0.3333333333333333,730
E06320,0.0,0.0,730
E06322,0.08333333333333333,0.0,730
E06323,0.0,0.0,730
E06324,0.25,0.3333333333333333,730
E06325,0.0,0.0,730
E06326,0.0,0.3333333333333333,730
E06327,0.0,0.0,326
E06329,0.0,0.0,730
E06330,0.0,0.0,730
E06331,,0.0,730
E06332,0.0,0.0,730
E06333,0.0,0.0,730
E06334,0.0,1.0,730
E06335,0.0,0.0,730
E06336,0.0,0.0,226
E06338,0.0,0.0,557
E06339,0.1,0.0,730
E06340,,0.3333333333333333,730
E06342,0.0,0.0,631
E06343,0.3333333333333333,0.3333333333333333,730
E06344,,0.3333333333333333,730
E06345,0.5,0.0,730
E06346,0.5,0.0,730
E06347,,0.0,730
E06348,0.0,0.0,730
E06349,0.0,0.3333333333333333,730
E06350,0.0,0.0,730
E06351,0.0,0.3333333333333333,730
E06352,0.0,0.0,455
E06353,0.0,0.0,730
E06354,0.25,0.0,730
E06355,0.0,0.0,730
E06356,0.0,0.0,730
E06357,0.0,0.0,730
E06360,0.0,0.3333333333333333,730
E06361,0.0,0.0,730
E06362,0.0,0.0,228
E06363,0.125,0.3333333333333333,730
E06364,,0.0,730
E06365,0.0,0.0,730
E06366,,0.0,400
E06367,0.0,0.0,730
E06368,0.0,0.0,730
E06369,0.14285714285714285,0.6666666666666666,730
E06370,0.0,0.0,730
E06371,0.0,0.3333333333333333,730
E06372,0.05,0.6666666666666666,730
E06373,0.0,0.3333333333333333,730
E06374,0.0,0.0,730
E06375,,0.0,676
E06376,0.0,0.6666666666666666,730
E06377,0.0,0.0,327
E06378,0.14285714285714285,0.6666666666666666,730
E06379,0.0,0.0,730
E06380,,0.0,730
E06381,0.3333333333333333,0.3333333333333333,730
E06382,,0.0,730
E06383,0.0,0.3333333333333333,730
E06384,0.0,0.0,730
E06385,0.5,0.0,730
E06386,0.0,0.3333333333333333,730
E06387,0.2,0.3333333333333333,730
E06388,0.0,0.3333333333333333,730
E06389,0.0,0.0,730
E06390,0.0,0.0,730
E06391,0.0,0.0,730
E06393,,0.6666666666666666,730
E06394,0.2,0.3333333333333333,730
E06395,0.0,0.3333333333333333,730
E06396,0.0,0.3333333333333333,648
E06397,0.5,0.0,730
E06398,0.2,0.0,730
E06400,0.0,0.6666666666666666,661
E06401,0.0,0.0,730
E06402,0.0,0.3333333333333333,627
E06403,0.3333333333333333,0.3333333333333333,730
E06404,0.0,0.0,730
E06405,,0.5,455
E06406,0.07692307692307693,0.0,730
E06407,0.0,0.3333333333333333,730
E06408,0.0,0.0,730
E06409,0.0,0.0,647
E06410,0.0,0.0,730
E06411,,1.0,235
E06412,0.0,0.0,730
E06414,1.0,0.0,730
E06415,0.0,0.0,730
E06416,0.0,0.0,730
E06417,0.0,0.0,730
E06418,1.0,0.0,730
E06419,0.0,0.3333333333333333,730
E06420,,0.0,730
E06421,0.0,0.0,730
E06422,0.16666666666666666,0.6666666666666666,730
E06423,,0.0,730
E06424,0.125,0.0,730
E06425,,0.0,730
E06426,0.14285714285714285,0.0,730
E06427,0.0,0.0,730
E06428,0.0,0.5,396
E06429,,0.3333333333333333,730
E06430,0.0,0.3333333333333333,730
E06431,,0.0,730
E06432,0.08333333333333333,0.3333333333333333,730
E06433,0.0,0.0,730
E06434,0.0,0.0,730
E06435,0.125,0.3333333333333333,730
E06436,0.0,0.0,730
E06437,0.06666666666666667,0.0,730
E06438,0.0,0.0,730
E06439,0.16666666666666666,0.0,578
E06440,0.0,0.0,730
E06441,0.2,0.6666666666666666,730
E06442,0.0,0.0,487
E06443,0.0,0.0,730
E06444,,0.0,730
E06445,0.0,0.0,730
E06446,0.0,0.3333333333333333,730
E06448,,1.0,211
E06449,0.0,0.0,730
E06450,,0.0,730
E06451,0.0,0.0,730
E06452,0.0,0.0,730
E06453,0.0,0.3333333333333333,730
E06454,0.2,0.3333333333333333,730
E06455,,0.0,730
E06457,0.0,0.0,730
E06458,0.0,0.0,730
E06459,0.0,0.0,730
E06460,0.0,0.0,730
E06461,0.0,0.0,304
E06462,,0.3333333333333333,730
E06463,,0.0,730
E06464,0.0,0.3333333333333333,730
E06465,0.0,0.0,730
E06466,0.0,0.0,730
E06467,0.0,0.0,730
E06468,0.0,0.0,730
E06470,,0.0,730
E06471,0.0,0.3333333333333333,730
E06472,0.0,0.0,417
E06473,0.0,0.6666666666666666,730
E06474,0.0,0.3333333333333333,730
E06475,,0.0,730
E06476,0.05,0.0,730
E06477,0.0,0.3333333333333333,730
E06478,0.0,0.0,730
E06479,0.2,0.3333333333333333,730
E06482,0.0,0.0,730
E06483,0.2222222222222222,0.3333333333333333,730
E06484,,0.0,730
E06485,0.0,0.0,730
E06487,0.0,0.0,730
E06488,0.5,0.3333333333333333,730
E06489,0.0,0.0,577
E06490,0.0,0.0,730
E06491,1.0,0.3333333333333333,730
E06492,0.0,0.3333333333333333,730
E06493,0.5,0.0,730
E06494,0.0,0.6666666666666666,730
E06495,0.0,0.0,730
E06497,0.0,0.3333333333333333,730
E06498,0.25,0.3333333333333333,730
E06499,0.0,0.0,730
E06500,0.0,0.0,118
E06501,0.0,0.3333333333333333,730
E06502,0.0,0.3333333333333333,730
E06503,0.0,0.0,273
E06504,0.0,0.0,730
E06506,0.125,0.0,730
E06507,0.0,0.3333333333333333,730
E06508,1.0,0.0,730
E06509,0.0,0.0,730
E06511,0.0,0.3333333333333333,730
E06512,0.0,0.0,730
E06513,0.0,0.0,730
E06514,,0.0,730
E06515,0.0,0.0,730
E06516,0.1111111111111111,0.0,730
E06517,0.25,0.0,730
E06518,,0.3333333333333333,730
E06519,0.0,0.0,730
E06520,0.0,0.0,730
E06521,0.3333333333333333,0.3333333333333333,730
E06522,0.0,0.0,730
E06523,,0.0,730
E06524,,0.0,294
E06525,0.0,0.3333333333333333,730
E06526,0.0,0.3333333333333333,730
E06528,0.125,0.0,730
E06529,0.0,0.0,730
E06530,0.0,0.0,730
E06531,0.0,0.0,730
E06533,1.0,0.3333333333333333,730
E06534,0.6666666666666666,0.0,485
E06535,0.0,0.0,730
E06536,0.0,0.0,730
E06538,,0.0,730
E06539,0.25,0.0,730
E06541,0.0,0.3333333333333333,730
E06542,0.0,0.3333333333333333,730
E06543,,0.3333333333333333,730
E06544,0.0,0.0,730
E06545,0.0,0.0,730
E06546,0.2,0.0,730
E06547,0.0,0.0,333
E06548,0.0,0.0,730
E06549,0.027777777777777776,0.0,730
E06550,1.0,0.0,120
E06551,0.3333333333333333,0.0,730
E06552,0.2,0.0,730
E06554,0.25,0.0,535
E06555,0.0,0.0,730
E06556,1.0,0.0,730
E06557,0.1,0.0,730
E06558,0.25,0.3333333333333333,730
E06559,0.05,0.3333333333333333,730
E06560,0.0,1.0,164
E06561,0.0,0.0,730
E06562,0.16666666666666666,0.0,730
E06564,0.0,0.6666666666666666,730
E06565,,0.0,730
E06566,0.0,0.6666666666666666,730
E06567,0.0,0.0,529
E06568,0.16666666666666666,0.0,730
E06569,,0.3333333333333333,730
E06570,0.0,0.0,730
E06571,0.0,0.0,730
E06572,,0.3333333333333333,730
E06573,0.0,0.3333333333333333,730
E06574,0.0,0.0,730
E06575,0.15384615384615385,0.3333333333333333,730
E06576,0.0,0.0,730
E06577,0.0,0.0,730
E06578,0.0,0.6666666666666666,730
E06579,0.0,0.3333333333333333,730
E06580,0.0,0.3333333333333333,505
E06581,0.0,0.3333333333333333,730
E06582,0.0,0.0,730
E06583,0.0,0.0,730
E06584,0.0,0.0,730
E06585,0.0,0.0,730
E06586,0.0,0.0,730
E06587,0.0,0.3333333333333333,730
E06588,0.0,0.3333333333333333,730
E06589,0.2222222222222222,0.3333333333333333,730
E06590,0.5,0.0,730
E06591,0.0,0.0,730
E06592,0.14285714285714285,0.0,730
E06593,0.0,0.3333333333333333,730
E06594,0.3333333333333333,0.3333333333333333,730
E06595,0.3333333333333333,0.0,730
E06596,0.0,0.0,730
E06597,,0.0,730
E06598,,0.3333333333333333,730
E06599,0.0,0.0,730
E06600,0.0,0.0,730
E06601,0.0,0.3333333333333333,730
E06602,0.0,0.3333333333333333,730
E06605,0.0,0.0,730
E06606,0.0,0.0,63
E06608,0.25,0.3333333333333333,730
E06609,0.0,0.3333333333333333,730
E06610,0.0,0.3333333333333333,730
E06611,0.3333333333333333,0.3333333333333333,730
E06612,0.5,0.0,730
E06614,0.0,0.0,730
E06615,0.0,0.0,730
E06616,0.0,0.0,730
E06617,0.07692307692307693,0.6666666666666666,599
E06618,0.0,0.0,424
E06619,0.0,0.3333333333333333,730
E06621,0.0,0.6666666666666666,730
E06623,0.09090909090909091,0.0,730
E06624,0.0,0.3333333333333333,730
E06625,0.0,0.0,730
E06626,0.0,0.0,730
E06628,0.2857142857142857,0.3333333333333333,730
E06629,0.0,0.0,93
E06630,0.0,0.0,730
E06631,0.25,0.0,730
E06632,0.0,0.0,730
E06633,0.0,0.3333333333333333,730
E06634,0.0,0.0,730
E06635,0.0,0.0,730
E06636,0.0,0.0,151
E06637,0.0,0.3333333333333333,730
E06638,0.0,0.0,730
E06639,0.0,0.3333333333333333,730
E06640,0.0,0.0,730
E06641,0.0,0.3333333333333333,730
E06642,0.0,0.3333333333333333,730
E06643,0.0,0.0,730
E06644,0.0,0.0,730
E06645,0.08333333333333333,0.0,730
E06646,,0.0,730
E06647,0.0,0.6666666666666666,730
E06648,0.0,0.0,730
E06651,0.0,0.0,134
E06652,0.1,0.0,730
E06653,0.0,0.0,730
E06654,0.0,0.0,730
E06655,0.0,0.6666666666666666,730
E06656,0.125,0.3333333333333333,730
E06658,0.3333333333333333,0.0,139
E06659,0.0,0.0,730
E06660,0.0,0.0,730
E06661,,0.3333333333333333,730
E06662,0.0,0.0,730
E06663,0.0,0.0,730
E06664,0.14285714285714285,0.0,730
E06665,,0.0,730
E06666,0.0,0.3333333333333333,730
E06667,0.0,0.0,730
E06668,0.0,0.0,730
E06669,0.0,0.0,32
E06670,0.047619047619047616,0.0,730
E06671,0.0,0.0,730
E06672,0.0,0.3333333333333333,730
E06673,0.1111111111111111,0.0,730
E06674,0.0,0.0,730
E06675,0.0,0.3333333333333333,730
E06676,0.0,0.3333333333333333,730
E06677,0.25,0.0,730
E06678,1.0,0.0,730
E06679,0.0,0.3333333333333333,730
E06680,0.0,0.0,730
E06681,0.0,0.3333333333333333,730
E06682,0.5,0.3333333333333333,730
E06683,0.0,0.3333333333333333,730
E06684,,0.3333333333333333,730
E06685,,0.3333333333333333,730
E06686,0.0,0.3333333333333333,730
E06687,0.0,0.0,730
E06688,0.0,0.3333333333333333,730
E06689,,0.0,730
E06690,,0.3333333333333333,730
E06691,0.0,0.0,730
E06692,0.2,0.3333333333333333,730
E06693,1.0,0.0,730
E06694,0.0,0.0,730
E06695,0.043478260869565216,0.0,304
E06696,0.09090909090909091,0.0,730
E06697,0.0,0.0,212
E06698,0.0,0.0,730
E06699,0.125,0.3333333333333333,730
E06700,0.0,0.0,730
E06701,,0.3333333333333333,730
E06702,0.0,0.3333333333333333,730
E06703,0.14285714285714285,0.0,730
E06704,0.14285714285714285,0.0,730
E06705,0.0,0.0,730
E06706,0.0,0.3333333333333333,730
E06707,0.0,0.0,730
E06708,0.0,0.6666666666666666,730
E06709,0.0,0.0,730
E06711,0.0,0.3333333333333333,730
E06712,0.2,0.0,730
E06713,0.0,0.3333333333333333,730
E06714,,0.0,730
E06715,0.0,0.0,730
E06717,0.0,0.0,730
E06718,0.0,0.3333333333333333,730
E06719,0.0,0.0,730
E06720,0.0,0.3333333333333333,730
E06721,0.0,0.0,730
E06722,0.5,0.0,95
E06724,0.0,0.0,730
E06725,0.0,0.0,730
E06726,0.0,0.0,730
E06727,0.0,0.0,730
E06728,0.0,0.3333333333333333,730
E06729,0.3333333333333333,0.0,730
E06730,0.0,0.0,730
E06731,0.5,0.0,730
E06732,0.0,0.0,730
E06733,0.0,0.0,730
E06734,0.0,0.0,730
E06735,0.0,0.0,730
E06736,0.2857142857142857,0.0,730
E06737,0.0,0.3333333333333333,730
E06738,0.0,0.0,730
E06740,0.0,0.0,730
E06742,0.0,0.6666666666666666,730
E06743,0.0,0.3333333333333333,730
E06744,0.14285714285714285,0.3333333333333333,730
E06745,0.0,0.0,730
E06748,0.0,0.3333333333333333,730
E06749,,0.3333333333333333,669
E06750,0.0,0.3333333333333333,730
E06751,0.0,0.3333333333333333,730
E06752,,0.0,730
E06753,0.0,0.0,515
E06754,0.0,0.3333333333333333,730
E06755,0.2857142857142857,0.0,730
E06757,0.0,0.0,730
E06758,0.0,0.3333333333333333,730
E06759,0.2,0.0,730
E06760,0.0,0.0,730
E06761,0.14285714285714285,0.3333333333333333,730
E06762,,0.0,730
E06763,0.0,0.0,730
E06764,0.0,0.0,59
E06765,0.0,0.0,730
E06767,0.0,0.0,730
E06768,0.0,0.0,730
E06769,0.0,0.6666666666666666,730
E06772,0.0,0.0,730
E06773,0.0,0.3333333333333333,730
E06774,0.0,0.3333333333333333,730
E06775,0.0,0.0,730
E06776,0.0,0.0,730
E06778,0.0,0.3333333333333333,730
E06779,0.0,0.0,730
E06780,0.0,0.0,110
E06781,0.0,0.3333333333333333,730
E06782,0.0,0.3333333333333333,730
E06783,0.0,0.0,730
E06785,0.0,0.3333333333333333,730
E06786,0.0,0.0,730
E06787,0.0,0.0,730
E06788,0.0,0.0,730
E06789,0.0,0.0,730
E06790,0.6666666666666666,0.3333333333333333,730
E06791,0.0,0.3333333333333333,730
E06793,0.3333333333333333,0.0,396
E06794,0.0,0.0,730
E06795,0.0,0.0,730
E06796,0.0,0.0,178
E06797,0.0,0.3333333333333333,730
E06798,0.0,0.3333333333333333,730
E06799,0.0,0.3333333333333333,730
E06800,0.5,0.0,730
E06801,,0.0,115
E06802,0.0,0.0,730
E06803,0.0,0.0,730
E06804,0.125,0.6666666666666666,730
E06805,0.0,0.0,730
E06806,1.0,0.0,730
E06807,0.5,0.0,730
E06808,0.0,0.0,730
E06810,0.0,0.3333333333333333,730
E06811,0.08695652173913043,0.0,730
E06812,0.0,0.0,730
E06813,0.0,0.0,730
E06814,0.027777777777777776,0.0,730
E06815,0.0,0.0,730
E06816,0.5,0.0,730
E06817,0.0,0.3333333333333333,730
E06818,0.0,0.0,730
E06819,0.0,0.3333333333333333,656
E06820,0.0,1.0,291
E06821,0.0,0.0,730
E06822,0.0,0.0,730
E06823,,0.0,466
E06824,0.0,0.0,730
E06825,0.0,0.0,172
E06827,0.0,0.3333333333333333,730
E06828,0.0,0.5,360
E06830,0.0,0.3333333333333333,730
E06833,0.0,0.0,730
E06834,0.0,0.0,730
E06835,0.0,0.0,730
E06837,0.0,0.3333333333333333,730
E06838,0.0,0.0,730
E06840,0.25,0.0,730
E06841,0.0,0.3333333333333333,594
E06842,0.0,0.3333333333333333,543
E06843,0.3333333333333333,0.0,120
E06844,0.06666666666666667,0.3333333333333333,730
E06845,0.3333333333333333,0.5,365
E06846,0.034482758620689655,0.0,730
E06847,0.0,0.0,730
E06848,0.1111111111111111,0.3333333333333333,730
E06849,0.0,0.3333333333333333,730
E06850,0.25,0.0,730
E06851,0.0,0.0,730
E06852,0.0,0.0,730
E06853,0.034482758620689655,0.0,730
E06855,0.0,0.0,730
E06856,0.0,0.0,730
E06857,0.25,0.0,679
E06858,0.25,0.3333333333333333,730
E06859,0.0,0.0,730
E06860,0.0,0.0,730
E06861,0.0,0.3333333333333333,730
E06862,0.0,0.3333333333333333,730
E06863,0.0,0.0,730
E06864,1.0,0.3333333333333333,730
E06865,,0.3333333333333333,730
E06866,0.2222222222222222,0.0,730
E06867,0.0,0.3333333333333333,730
E06868,0.0,0.0,274
E06869,0.027777777777777776,0.6666666666666666,730
E06870,,0.0,730
E06872,0.5,0.0,730
E06873,0.25,0.3333333333333333,730
E06874,0.0,0.0,730
E06875,,0.0,730
E06876,0.0,0.0,730
E06877,0.0,0.3333333333333333,730
E06878,0.0,0.0,730
E06879,0.0,0.0,730
E06880,0.0,0.3333333333333333,730
E06881,,0.0,730
E06882,0.5,0.0,730
E06883,,0.0,730
E06884,0.0,0.0,730
E06885,0.0,0.3333333333333333,730
E06886,0.5,0.6666666666666666,730
E06888,0.0,0.0,730
E06889,1.0,0.0,730
E06890,,0.0,396
E06892,0.0,0.3333333333333333,730
E06893,0.25,0.3333333333333333,730
E06894,0.2857142857142857,0.0,730
E06895,0.0,0.0,730
E06897,0.0,0.3333333333333333,730
E06899,1.0,0.0,730
E06900,0.0,0.0,730
E06901,0.0,0.0,730
E06903,0.0,0.0,730
E06904,0.16666666666666666,0.0,730
E06905,0.0,0.0,730
E06906,0.0,0.3333333333333333,730
E06907,0.0,0.0,730
E06908,0.4,0.3333333333333333,730
E06909,0.5,0.0,730
E06910,0.0,0.0,730
E06911,0.3333333333333333,0.0,730
E06913,0.3333333333333333,0.0,730
E06914,0.0,0.0,730
E06915,0.0,0.0,730
E06916,0.13333333333333333,0.3333333333333333,730
E06917,0.0,0.3333333333333333,730
E06918,0.0,0.0,730
E06920,,0.6666666666666666,730
E06921,0.2,0.0,730
E06923,0.0,0.0,730
E06925,0.18181818181818182,0.0,730
E06926,0.0,0.3333333333333333,730
E06927,0.0,0.3333333333333333,730
E06928,0.0,0.0,730
E06929,0.0,0.0,730
E06930,,0.0,730
E06931,0.2,0.0,730
E06932,0.0,0.0,407
E06933,0.0,0.0,730
E06934,0.3333333333333333,0.0,730
E06935,0.0,0.3333333333333333,730
E06936,0.0,0.3333333333333333,730
E06937,0.25,0.0,730
E06938,0.0,0.3333333333333333,730
E06939,0.0,0.0,730
E06940,0.1,0.0,730
E06941,1.0,0.5,413
E06942,,0.0,730
E06943,0.0,0.3333333333333333,730
E06944,0.0,0.0,730
E06945,0.0,0.0,730
E06946,0.0,0.0,730
E06947,0.125,0.3333333333333333,730
E06948,0.0,0.3333333333333333,730
E06949,0.0,0.3333333333333333,730
E06950,0.0,0.0,730
E06951,0.0,0.0,730
E06952,,0.3333333333333333,730
E06953,0.0,0.3333333333333333,730
E06954,,0.0,730
E06955,0.0,0.0,730
E06956,0.125,0.0,730
E06957,0.25,0.0,730
E06958,0.0,0.3333333333333333,730
E06959,0.0,0.0,730
E06960,0.0,0.3333333333333333,730
E06961,,0.0,455
E06962,0.0,0.3333333333333333,730
E06965,0.0,0.0,730
E06966,0.0,0.0,451
E06968,0.0,0.6666666666666666,730
E06969,0.25,0.0,663
E06970,0.0,0.0,730
E06971,,0.0,730
E06972,0.0,0.0,730
E06973,0.0,0.0,270
E06974,0.0,0.0,730
E06975,0.0,0.0,730
E06976,0.25,0.3333333333333333,730
E06977,,0.0,730
E06978,0.0,0.0,730
E06979,0.0,0.0,730
E06980,0.0,0.0,730
E06981,0.0,0.0,730
E06982,0.0,0.0,730
E06983,,0.3333333333333333,730
E06984,0.0,0.0,730
E06985,0.0,0.0,730
E06986,0.0,0.3333333333333333,730
E06987,0.4,0.0,730
E06988,0.0,0.3333333333333333,730
E06989,0.3333333333333333,0.3333333333333333,730
E06990,0.0,0.0,730
E06992,0.0,0.0,730
E06993,0.0,0.0,730
E06994,0.0,0.0,730
E06995,0.0,0.0,513
E06996,0.1111111111111111,0.0,730
E06997,0.0,1.0,730
E06998,0.25,0.0,151
E06999,0.0,0.0,730
E07000,0.0,0.0,605
E07001,0.25,0.3333333333333333,730
E07002,0.5,0.3333333333333333,730
E07003,,0.0,730
E07004,0.0,0.0,730
E07005,0.0,0.3333333333333333,730
E07006,0.0,0.0,730
E07007,0.0,0.0,730
E07008,0.0,0.0,730
E07009,0.25,0.0,730
E07010,0.0,0.0,730
E07011,0.3333333333333333,0.5,442
E07012,0.0,0.0,730
E07013,0.0,0.0,730
E07016,0.0,0.3333333333333333,730
E07017,0.0,0.3333333333333333,730
E07018,0.25,0.6666666666666666,730
E07019,0.0,0.0,730
E07020,0.0,0.3333333333333333,730
E07021,0.0,0.3333333333333333,730
E07022,,0.5,494
E07023,0.0,0.3333333333333333,730
E07024,0.0,0.0,730
E07025,0.1111111111111111,0.0,730
E07026,0.0,0.3333333333333333,730
E07027,0.2,0.0,730
E07028,0.0,0.0,455
E07029,0.0,0.0,730
E07030,0.2,0.3333333333333333,730
E07031,0.0,0.0,730
E07032,0.0,0.0,730
E07033,,0.0,730
E07036,,0.6666666666666666,730
E07037,,0.0,730
E07038,0.0,0.0,730
E07039,0.0,0.3333333333333333,730
E07040,,0.0,730
E07041,0.0,0.3333333333333333,730
E07042,0.0,1.0,730
E07043,0.0,0.0,730
E07044,0.0,0.3333333333333333,730
E07045,0.0,0.0,487
E07046,0.375,0.3333333333333333,730
E07047,,0.3333333333333333,730
E07048,,0.0,730
E07049,0.0,0.0,730
E07050,,0.0,627
E07051,0.0,0.0,730
E07052,,0.0,730
E07053,0.0,0.0,730
E07054,0.0,0.3333333333333333,730
E07055,0.0,0.3333333333333333,730
E07056,0.0,0.0,730
E07057,0.0,0.0,730
E07058,0.0,0.3333333333333333,730
E07059,,0.0,730
E07060,0.06666666666666667,0.0,730
E07061,,0.0,730
E07062,0.125,0.0,730
E07063,0.0,0.0,730
E07064,0.0,0.0,730
E07065,0.6,0.0,730
E07066,0.0,0.0,730
E07067,0.0,0.3333333333333333,730
E07068,0.0,0.3333333333333333,730
E07069,0.1,0.0,730
E07070,0.0,0.0,165
E07072,0.0,0.3333333333333333,730
E07073,0.0,0.3333333333333333,730
E07074,,0.0,436
E07075,0.0,0.0,730
E07076,0.0,0.3333333333333333,730
E07077,,0.0,730
E07078,1.0,0.3333333333333333,730
E07079,0.25,0.0,730
E07080,0.5,0.0,730
E07081,0.0,0.0,730
E07082,0.0,0.0,730
E07083,0.5,0.0,730
E07084,0.0,0.3333333333333333,730
E07086,0.0,0.0,730
E07087,0.0,0.0,229
E07088,0.0,0.0,730
E07089,0.25,0.0,730
E07090,0.0,0.0,730
E07091,0.0,0.0,730
E07092,0.0,0.0,730
E07093,0.0,0.0,730
E07094,0.0,0.0,730
E07095,0.0,0.0,730
E07096,0.0,0.0,730
E07097,,0.0,730
E07098,0.0,0.0,730
E07099,0.0,0.0,730
E07100,0.0,0.0,730
E07102,0.0,0.0,730
E07103,0.3333333333333333,0.0,730
E07104,0.0,0.3333333333333333,730
E07105,,0.0,730
E07106,,0.3333333333333333,730
E07107,0.0,0.3333333333333333,730
E07108,0.0,0.0,730
E07109,0.0,0.3333333333333333,581
E07110,0.0,0.0,730
E07111,0.0,0.0,730
E07112,0.0,0.3333333333333333,730
E07113,0.0,0.3333333333333333,730
E07114,0.0,0.0,730
E07116,0.0,0.0,730
E07118,0.0,0.0,285
E07119,,0.3333333333333333,730
E07120,0.0,0.0,730
E07121,0.0,0.0,730
E07122,0.5,0.3333333333333333,730
E07123,0.0,0.5,403
E07124,0.0,0.3333333333333333,730
E07125,1.0,0.0,730
E07126,0.3333333333333333,1.0,151
E07127,,0.0,730
E07128,0.0,0.0,347
E07129,0.0,0.0,730
E07130,0.0,0.3333333333333333,730
E07131,0.5,0.0,455
E07132,,0.0,730
E07134,0.15384615384615385,0.0,730
E07135,0.0,0.3333333333333333,730
E07136,0.0,0.0,730
E07137,0.0,0.0,730
E07138,,0.0,730
E07139,0.0,0.0,730
E07140,0.16666666666666666,0.0,730
E07141,0.0,0.3333333333333333,730
E07142,0.0,0.0,730
E07143,0.0,0.6666666666666666,730
E07144,0.5,0.0,730
E07145,0.0,0.3333333333333333,730
E07146,0.0,0.3333333333333333,730
E07147,0.0,0.0,730
E07148,0.5,0.0,730
E07149,0.4,0.3333333333333333,730
E07150,0.0,0.3333333333333333,730
E07151,0.0,0.0,730
E07153,0.15384615384615385,0.3333333333333333,730
E07154,0.1111111111111111,0.0,730
E07155,0.0,0.0,730
E07156,0.0,0.0,730
E07157,0.3333333333333333,0.6666666666666666,730
E07158,,0.0,333
E07159,0.0,0.0,730
E07160,0.0,0.0,730
E07161,0.0,0.0,730
E07162,0.3333333333333333,0.3333333333333333,730
E07163,0.0,0.3333333333333333,730
E07165,0.08333333333333333,0.0,730
E07166,0.05263157894736842,0.3333333333333333,730
E07167,0.0,0.0,730
E07168,0.125,0.3333333333333333,730
E07169,0.2,0.0,730
E07170,0.5,0.3333333333333333,730
E07171,0.0,0.0,730
E07172,0.3333333333333333,0.3333333333333333,730
E07174,0.0,0.0,730
E07175,0.6666666666666666,0.0,730
E07176,0.0,0.0,730
E07177,,0.0,730
E07178,0.0,0.0,730
E07179,0.0,0.0,730
E07180,,0.0,730
E07181,0.0,0.0,730
E07182,0.3333333333333333,0.3333333333333333,730
E07183,0.0,0.0,730
E07184,0.0,0.0,730
E07185,0.6666666666666666,0.0,730
E07186,0.0,0.0,730
E07187,0.0,0.0,730
E07188,0.0,1.0,362
E07189,0.0,0.3333333333333333,730
E07190,0.0,0.0,730
E07191,0.0,0.0,730
E07192,0.125,0.0,730
E07193,0.0,0.3333333333333333,730
E07194,,0.0,730
E07195,0.0,0.3333333333333333,730
E07196,,0.0,730
E07197,1.0,0.0,77
E07198,0.3333333333333333,0.0,730
E07200,0.0,0.0,730
E07201,0.0,0.0,730
E07202,0.25,0.6666666666666666,730
E07204,0.0,0.3333333333333333,730
E07205,0.08333333333333333,0.3333333333333333,730
E07206,,0.0,730
E07207,0.0,0.0,730
E07208,0.0,0.0,730
E07209,0.0,0.3333333333333333,730
E07210,0.0,0.0,730
E07211,0.0,1.0,730
E07212,0.1111111111111111,0.0,730
E07214,0.0,0.3333333333333333,730
E07216,1.0,1.0,212
E07217,,0.3333333333333333,515
E07218,0.0,0.0,730
E07219,0.0,0.3333333333333333,730
E07220,0.2,0.3333333333333333,730
E07221,0.0,0.3333333333333333,730
E07222,,0.0,730
E07223,0.0,0.6666666666666666,730
E07224,0.0,0.0,730
E07225,0.0,0.0,730
E07226,0.2,0.0,730
E07227,,0.6666666666666666,730
E07228,,0.0,730
E07229,0.0,0.3333333333333333,730
E07230,0.0,0.3333333333333333,559
E07231,0.0,0.0,730
E07232,0.0,0.3333333333333333,730
E07233,0.0,0.3333333333333333,730
E07234,0.0,0.3333333333333333,730
E07235,0.0,0.0,730
E07236,0.0,0.3333333333333333,730
E07237,0.5,0.0,193
E07238,0.0,0.0,730
E07239,0.0,0.0,730
E07240,0.25,0.0,730
E07241,0.0,0.0,730
E07243,0.125,0.0,730
E07244,0.0,0.3333333333333333,730
E07245,0.07692307692307693,0.0,730
E07246,0.2,0.0,730
E07247,0.0,0.0,730
E07248,0.25,0.3333333333333333,730
E07249,0.0,0.3333333333333333,730
E07250,0.0,0.3333333333333333,730
E07251,0.0,0.3333333333333333,730
E07252,0.25,0.3333333333333333,730
E07253,0.0,0.0,730
E07254,,0.0,730
E07255,0.0,0.0,730
E07256,0.027777777777777776,0.0,730
E07257,0.0,0.0,577
E07258,0.0,0.0,730
E07259,0.0,0.3333333333333333,730
E07261,,0.0,730
E07263,0.3333333333333333,0.0,730
E07264,0.0,0.3333333333333333,730
E07265,0.0,0.3333333333333333,730
E07266,0.0,0.0,730
E07267,0.0,0.3333333333333333,730
E07269,0.1,0.0,730
E07270,0.0,0.3333333333333333,730
E07271,0.0,0.6666666666666666,730
E07273,0.16666666666666666,0.0,730
E07275,0.5,0.0,730
E07276,0.0,0.0,730
E07277,,0.0,676
E07278,0.14285714285714285,0.3333333333333333,730
E07279,0.0,0.0,730
E07280,0.1,0.3333333333333333,730
E07281,,0.0,730
E07282,,0.3333333333333333,730
E07283,0.0,0.0,730
E07284,0.3333333333333333,0.3333333333333333,730
E07285,0.125,0.0,730
E07286,0.027777777777777776,0.0,730
E07287,,0.3333333333333333,730
E07288,0.0,0.0,730
E07289,0.0,0.3333333333333333,730
E07290,0.0,0.0,730
E07291,0.0,0.3333333333333333,730
E07292,0.6666666666666666,0.0,730
E07293,0.3333333333333333,0.0,730
E07294,0.0,0.0,730
E07295,0.0,0.3333333333333333,730
E07296,,0.0,177
E07297,0.0,0.0,730
E07298,0.0,0.3333333333333333,730
E07299,0.0,0.0,730
E07300,0.0,0.0,730
E07301,0.0,0.0,730
E07302,0.0,0.3333333333333333,730
E07303,0.3333333333333333,0.3333333333333333,730
E07304,0.09090909090909091,0.0,730
E07305,0.0,0.6666666666666666,730
E07306,0.0,0.0,730
E07307,0.0,0.0,730
E07308,0.0,0.3333333333333333,730
E07309,0.0,0.0,109
E07310,0.0,0.0,148
E07311,0.0,0.0,730
E07312,0.0,0.3333333333333333,730
E07313,0.0,0.0,730
E07314,0.0,0.0,730
E07315,0.0,0.0,730
E07316,0.0,0.3333333333333333,730
E07317,0.2,0.0,730
E07318,0.0,0.3333333333333333,730
E07320,0.0,0.0,730
E07321,0.0,0.0,730
E07322,0.0,0.0,730
E07323,0.0,0.3333333333333333,730
E07324,,0.0,730
E07325,0.07692307692307693,0.0,730
E07327,0.0,0.0,109
E07328,,0.3333333333333333,730
E07329,0.0,0.0,730
E07330,0.0,0.0,730
E07331,0.0,0.0,730
E07332,0.0,0.3333333333333333,730
E07333,0.125,0.0,730
E07334,0.0,0.0,730
E07337,,0.0,730
E07338,0.0,0.0,730
E07339,0.0,0.3333333333333333,730
E07340,0.09090909090909091,0.0,389
E07341,0.0,0.0,730
E07342,0.0,0.3333333333333333,730
E07343,0.0,0.0,730
E07344,0.0,0.0,730
E07345,0.0,0.0,445
E07346,0.0,0.0,730
E07348,0.0,0.0,730
E07350,0.0,0.3333333333333333,730
E07352,1.0,0.0,730
E07353,0.0,0.6666666666666666,730
E07354,,1.0,730
E07355,0.0,0.0,730
E07356,0.0,0.0,730
E07357,0.0,0.0,333
E07358,0.034482758620689655,0.0,730
E07360,0.0,0.0,730
E07361,0.25,0.3333333333333333,730
E07362,0.0,0.3333333333333333,730
E07363,0.0,0.0,730
E07364,0.0,0.3333333333333333,730
E07365,0.3333333333333333,0.3333333333333333,606
E07366,0.0,0.0,305
E07368,0.0,0.0,730
E07369,,0.0,730
E07371,0.125,0.3333333333333333,730
E07372,0.0,0.0,730
E07373,0.0,1.0,193
E07374,0.0,0.6666666666666666,730
E07375,0.0,0.3333333333333333,730
E07376,0.25,0.3333333333333333,730
E07377,0.25,0.3333333333333333,730
E07378,0.0,0.0,730
E07379,,0.0,730
E07380,,0.0,730
E07381,0.1,0.0,730
E07382,0.0,0.0,402
E07383,0.0,0.0,730
E07385,0.0,0.0,730
E07386,1.0,0.0,306
E07387,0.3333333333333333,0.3333333333333333,730
E07388,0.16666666666666666,0.6666666666666666,730
E07389,0.0,0.0,730
E07390,0.14285714285714285,0.0,730
E07391,0.0,0.3333333333333333,730
E07393,0.4,0.3333333333333333,730
E07394,0.0,0.0,730
E07396,0.0,0.0,730
E07399,0.3333333333333333,0.0,730
E07400,,0.3333333333333333,730
E07401,0.0,0.3333333333333333,730
E07402,0.0,0.0,730
E07403,,0.3333333333333333,730
E07404,0.0,0.0,730
E07405,0.0,0.3333333333333333,730
E07407,,0.3333333333333333,730
E07408,0.0,0.0,730
E07409,0.0,0.0,730
E07411,0.2,0.6666666666666666,730
E07412,0.0,0.6666666666666666,730
E07414,0.0,0.0,730
E07415,0.0,0.0,730
E07416,0.0,0.0,730
E07417,1.0,0.3333333333333333,730
E07419,0.0,0.0,730
E07420,0.0,0.0,38
E07421,,0.3333333333333333,730
E07422,0.0,0.5,415
E07424,0.25,0.0,730
E07425,0.05,0.0,730
E07426,0.0,0.0,730
E07427,0.0,0.0,730
E07428,,0.0,270
E07430,0.0,0.0,730
E07431,0.0,0.0,730
E07432,0.0,0.0,730
E07433,0.0,0.0,730
E07434,0.125,0.3333333333333333,730
E07435,0.0,1.0,284
E07436,0.0,0.3333333333333333,730
E07437,0.3333333333333333,0.0,320
E07438,0.15384615384615385,0.0,730
E07439,0.0,0.0,730
E07440,0.25,0.3333333333333333,730
E07441,0.0,0.0,730
E07442,0.0,0.0,730
E07443,0.0,0.0,730
E07444,0.0,0.3333333333333333,730
E07445,1.0,0.0,730
E07446,0.0,0.3333333333333333,730
E07447,0.2,0.3333333333333333,730
E07448,0.0,0.0,730
E07449,,0.5,445
E07450,0.0,1.0,212
E07452,,0.6666666666666666,730
E07453,0.3333333333333333,0.3333333333333333,730
E07454,0.0,0.3333333333333333,730
E07455,0.0,0.3333333333333333,730
E07456,0.0,0.0,519
E07457,0.0,0.3333333333333333,730
E07458,0.0,0.0,730
E07459,0.15384615384615385,0.0,730
E07460,0.4,0.0,120
E07461,0.0,0.3333333333333333,730
E07462,0.0,0.0,730
E07463,0.0,0.0,681
E07464,0.0,0.0,730
E07465,0.0,0.0,730
E07466,0.0,0.0,730
E07467,0.0,0.0,730
E07468,0.0,0.3333333333333333,730
E07469,0.0,0.3333333333333333,730
E07470,0.0,0.0,730
E07471,0.5,0.0,730
E07472,0.0,0.3333333333333333,730
E07473,0.25,0.0,730
E07474,1.0,0.0,54
E07475,0.2,0.0,730
E07476,1.0,0.6666666666666666,730
E07477,0.0,0.3333333333333333,730
E07478,0.0,0.6666666666666666,730
E07479,0.0,0.3333333333333333,730
E07480,0.0,0.3333333333333333,730
E07481,0.0,0.0,730
E07482,0.5,0.0,210
E07483,0.0,0.0,730
E07484,0.0,0.3333333333333333,730
E07485,0.0,0.3333333333333333,730
E07487,0.4,0.3333333333333333,515
E07488,0.0,0.0,730
E07489,,0.5,455
E07490,0.1111111111111111,0.0,730
E07491,0.0,0.5,424
E07492,0.0,0.3333333333333333,730
E07493,0.0,0.0,730
E07494,,0.3333333333333333,730
E07495,0.2857142857142857,0.3333333333333333,730
E07496,0.125,0.3333333333333333,730
E07497,0.0,0.0,730
E07498,0.0,0.3333333333333333,730
E07499,,0.5,475
E07500,0.0,0.0,212
E07502,0.0,0.3333333333333333,730
E07503,0.0,0.0,730
E07504,0.0,0.0,730
E07507,0.0,0.0,730
E07508,,0.6666666666666666,730
E07509,0.0,0.0,730
E07510,0.0,0.3333333333333333,730
E07511,0.0,0.3333333333333333,730
E07512,0.0,0.0,730
E07513,0.0,0.3333333333333333,730
E07514,0.16666666666666666,0.3333333333333333,730
E07515,0.3333333333333333,0.3333333333333333,730
E07516,0.0,0.0,216
E07517,0.0,0.3333333333333333,501
E07518,,0.3333333333333333,730
E07519,0.3333333333333333,0.0,730
E07520,1.0,0.0,730
E07521,0.0,0.6666666666666666,730
E07522,0.0,0.0,730
E07523,0.0,0.0,730
E07524,0.0,0.0,730
E07525,0.0,0.0,730
E07526,0.0,0.0,730
E07527,0.0,0.3333333333333333,730
E07528,0.0,0.3333333333333333,730
E07529,0.3333333333333333,0.0,730
E07530,0.0,0.3333333333333333,730
E07531,0.0,0.0,730
E07532,0.0,0.0,730
E07533,0.0,0.0,730
E07534,0.0,0.3333333333333333,730
E07537,0.125,0.0,730
E07539,0.034482758620689655,0.3333333333333333,730
E07540,0.25,0.3333333333333333,643
E07541,0.14285714285714285,0.0,730
E07542,0.0,0.0,730
E07543,0.0,0.0,730
E07544,0.0,0.0,730
E07546,0.05,0.0,730
E07547,0.0,0.0,730
E07548,0.0,0.0,730
E07549,0.0,0.0,730
E07550,0.0,0.3333333333333333,730
E07552,,0.3333333333333333,730
E07554,,0.0,730
E07555,0.0,0.0,730
E07556,,0.0,466
E07557,0.0,0.0,730
E07559,0.0,0.3333333333333333,730
E07560,0.14285714285714285,0.3333333333333333,730
E07561,0.0,0.0,730
E07562,,0.0,730
E07563,0.0,0.0,730
E07564,0.0,0.0,730
E07565,0.125,0.0,730
E07566,0.0,0.3333333333333333,730
E07567,0.0,0.0,730
E07568,0.0,0.0,730
E07569,,0.0,730
E07570,0.0,0.0,730
E07571,0.0,0.3333333333333333,730
E07572,,0.3333333333333333,730
E07573,0.0,0.0,730
E07574,0.0,0.3333333333333333,730
E07575,,0.3333333333333333,730
E07576,0.0,0.0,730
E07577,0.0,0.0,730
E07578,0.0,0.6666666666666666,730
E07579,0.0,0.0,730
E07580,0.2,0.3333333333333333,730
E07581,0.0,0.3333333333333333,730
E07582,0.0,0.3333333333333333,730
E07583,0.0,1.0,730
E07584,0.0,0.6666666666666666,730
E07585,0.0,0.0,730
E07586,0.0,0.0,730
E07587,0.0,0.3333333333333333,730
E07589,0.0,0.6666666666666666,730
E07590,,0.0,730
E07591,0.0,0.6666666666666666,730
E07592,0.0,0.0,730
E07593,0.1,0.0,730
E07594,0.1,0.6666666666666666,730
E07595,0.0,0.0,304
E07596,0.0,0.0,730
E07597,0.0,0.0,730
E07598,,0.3333333333333333,730
E07599,0.0,0.0,730
E07600,,0.3333333333333333,730
E07601,0.0,0.0,730
E07602,0.0,0.0,730
E07603,0.0,0.3333333333333333,730
E07604,,0.0,730
E07605,0.6666666666666666,0.0,730
E07606,0.1,0.0,730
E07607,0.5,0.0,30
E07609,0.0,0.3333333333333333,730
E07610,0.0,0.0,730
E07611,0.2,0.0,730
E07612,0.0,0.3333333333333333,730
E07613,,0.0,730
E07614,0.0,0.0,730
E07615,,0.0,730
E07616,0.2222222222222222,0.0,730
E07617,0.14285714285714285,0.0,730
E07618,0.0,0.3333333333333333,730
E07619,0.0,0.3333333333333333,730
E07620,,0.3333333333333333,730
E07621,,0.0,730
E07622,0.0,0.0,730
E07623,,0.0,730
E07624,0.0,0.0,730
E07625,0.0,0.0,476
E07626,0.5,0.3333333333333333,730
E07627,0.0,0.3333333333333333,730
E07628,,0.3333333333333333,730
E07629,0.0,0.3333333333333333,730
E07630,0.1111111111111111,0.0,730
E07631,,0.3333333333333333,730
E07632,0.0,0.3333333333333333,730
E07633,0.0,0.0,730
E07635,0.06666666666666667,0.0,730
E07636,0.0,0.0,134
E07637,0.0,0.3333333333333333,730
E07639,0.0,0.0,730
E07640,,1.0,730
E07641,0.5,0.0,730
E07642,0.0,0.3333333333333333,730
E07643,0.0,0.0,730
E07644,0.0,0.0,297
E07645,,0.0,730
E07646,0.0,0.0,730
E07647,0.3333333333333333,0.0,730
E07648,0.0,0.0,730
E07649,0.0,0.0,730
E07651,0.0,0.3333333333333333,730
E07652,0.0,0.0,730
E07653,,0.0,730
E07655,0.0,0.0,730
E07656,0.0,0.3333333333333333,730
E07657,0.16666666666666666,0.3333333333333333,730
E07658,1.0,0.0,730
E07660,0.25,0.3333333333333333,730
E07661,0.0,0.0,648
E07662,0.1,0.3333333333333333,730
E07663,0.0,0.0,602
E07664,0.1111111111111111,0.0,730
E07665,0.0,0.0,730
E07666,0.06666666666666667,0.0,730
E07667,0.0,0.0,730
E07668,0.0,0.0,730
E07669,,0.3333333333333333,730
E07670,0.0,0.3333333333333333,730
E07671,0.0,0.0,730
E07672,,0.0,730
E07673,0.0,0.0,730
E07674,,0.3333333333333333,730
E07675,0.5,0.0,730
E07676,0.0,0.0,730
E07677,0.08333333333333333,0.6666666666666666,730
E07678,0.0,0.5,375
E07679,0.0,0.0,730
E07680,,0.0,730
E07681,0.0,0.0,730
E07682,0.0,0.0,730
E07684,0.6,0.0,730
E07685,1.0,0.0,730
E07686,0.0,0.6666666666666666,543
E07687,0.0,0.3333333333333333,730
E07688,0.0,0.0,730
E07689,0.0,0.0,730
E07690,0.0,0.3333333333333333,730
E07692,0.0,0.0,730
E07693,0.0,0.0,730
E07694,,0.0,730
E07695,0.0,0.0,730
E07696,0.0,0.6666666666666666,730
E07697,0.0,0.0,730
E07698,1.0,0.0,347
E07699,0.16666666666666666,0.0,730
E07700,0.0,0.0,730
E07702,0.15384615384615385,0.3333333333333333,730
E07703,0.0,0.0,730
E07704,,0.0,730
E07705,0.0,0.3333333333333333,730
E07707,,0.0,730
E07708,0.0,0.0,730
E07709,0.0,0.0,578
E07711,0.25,0.0,158
E07712,0.0,0.0,730
E07713,0.0,0.0,730
E07714,,0.0,730
E07715,0.0,0.0,730
E07717,0.1111111111111111,0.0,730
E07718,0.0,0.0,730
E07719,0.0,0.0,730
E07720,1.0,0.3333333333333333,730
E07721,0.2,0.0,730
E07722,0.0,0.3333333333333333,730
E07723,0.0,0.0,730
E07724,0.0,0.0,730
E07725,0.0,0.0,730
E07726,0.0,0.0,730
E07727,0.0,0.3333333333333333,730
E07728,0.0,0.0,730
E07729,0.25,0.0,730
E07730,0.0,0.3333333333333333,730
E07731,0.0,0.3333333333333333,730
E07732,0.0,0.0,730
E07733,0.3333333333333333,0.0,730
E07734,0.0,0.0,730
E07735,0.0,0.3333333333333333,571
E07736,0.3333333333333333,0.0,730
E07737,0.0,0.3333333333333333,730
E07738,0.0,0.0,730
E07739,0.0,0.0,730
E07740,0.0,0.0,730
E07741,0.0,0.0,730
E07742,,0.0,730
E07743,0.0,0.0,730
E07744,0.3333333333333333,0.6666666666666666,730
E07745,0.0,0.0,730
E07746,,0.3333333333333333,730
E07747,0.0,0.3333333333333333,730
E07748,0.0,0.0,730
E07749,0.0,0.0,730
E07750,0.0,0.3333333333333333,730
E07751,0.0,0.6666666666666666,730
E07752,0.14285714285714285,0.0,730
E07753,0.0,0.3333333333333333,730
E07754,0.0,0.0,730
E07755,0.0,0.6666666666666666,730
E07756,0.2857142857142857,0.6666666666666666,730
E07757,0.0,0.0,82
E07758,0.0,0.0,730
E07759,0.0,0.3333333333333333,730
E07760,1.0,0.0,730
E07761,0.06666666666666667,0.3333333333333333,730
E07762,0.0,0.3333333333333333,730
E07763,0.2,0.0,730
E07764,0.0,0.0,730
E07765,0.0,0.3333333333333333,730
E07766,1.0,0.0,730
E07767,,0.3333333333333333,730
E07769,0.25,0.0,730
E07770,,0.3333333333333333,730
E07771,0.0,0.0,730
E07772,0.0,0.0,730
E07773,0.0,0.0,730
E07774,0.0,0.0,730
E07775,,0.0,57
E07776,0.0,0.3333333333333333,730
E07777,0.07692307692307693,0.0,730
E07778,0.5,0.0,730
E07779,0.0,0.0,730
E07780,0.027777777777777776,0.3333333333333333,730
E07781,1.0,0.0,730
E07782,0.0,0.3333333333333333,730
E07783,0.0,0.3333333333333333,730
E07784,,0.3333333333333333,730
E07785,0.0,0.0,730
E07786,0.0,0.0,730
E07787,0.07142857142857142,0.0,730
E07789,0.0,0.0,730
E07790,0.0,0.3333333333333333,730
E07791,0.0,0.0,341
E07792,0.0,0.0,730
E07793,0.25,0.6666666666666666,730
E07794,0.0,0.0,730
E07795,0.11764705882352941,0.3333333333333333,730
E07796,0.0,0.3333333333333333,730
E07797,,0.0,730
E07798,0.0,0.0,508
E07799,0.0,0.3333333333333333,730
E07800,0.0,0.0,730
E07801,,0.6666666666666666,730
E07802,0.0,0.3333333333333333,730
E07803,0.0,0.0,730
E07804,0.5,0.0,730
E07806,0.5,0.0,730
E07808,0.0,0.0,730
E07810,0.25,0.3333333333333333,730
E07811,0.0,0.0,730
E07812,0.0,0.0,730
E07813,0.2,0.0,730
E07814,0.0,0.0,730
E07815,0.0,0.0,730
E07816,0.0,0.0,730
E07817,0.3333333333333333,0.0,730
E07819,0.125,0.0,730
E07820,,0.0,126
E07821,0.0,0.0,730
E07822,0.0,0.3333333333333333,730
E07823,,0.0,730
E07824,0.0,0.0,730
E07825,0.0,0.0,730
E07826,0.5,0.3333333333333333,730
E07827,0.0,0.0,730
E07828,0.4,0.3333333333333333,730
E07829,,0.0,730
E07830,0.0,0.0,730
E07831,1.0,0.0,730
E07832,0.0,0.3333333333333333,730
E07833,0.0,0.3333333333333333,730
E07834,,0.0,676
E07835,0.0,0.0,730
E07836,0.0,0.0,730
E07837,,0.0,730
E07838,,0.0,88
E07839,0.0,0.0,730
E07840,0.0,0.0,730
E07841,0.09090909090909091,0.3333333333333333,730
E07843,0.5,0.0,730
E07844,0.0,0.3333333333333333,730
E07845,0.1,0.3333333333333333,730
E07846,0.0,0.6666666666666666,730
E07847,0.0,0.3333333333333333,730
E07848,0.0,0.0,730
E07849,0.0,0.0,730
E07850,0.0,0.0,237
E07851,,0.0,730
E07852,0.0,0.0,730
E07853,0.0,0.0,730
E07854,0.14285714285714285,0.3333333333333333,730
E07855,0.5,0.3333333333333333,730
E07857,0.0,0.0,730
E07858,0.0,0.0,730
E07859,,0.0,730
E07860,0.0,0.0,730
E07861,,0.0,730
E07862,0.0,0.0,730
E07863,0.0,0.3333333333333333,730
E07864,0.1111111111111111,0.6666666666666666,730
E07865,0.0,0.0,75
E07866,0.2,0.3333333333333333,730
E07867,,0.0,730
E07868,0.0,0.0,730
E07869,0.5,0.0,730
E07871,0.0,0.0,730
E07872,0.0,0.0,730
E07873,,0.3333333333333333,730
E07875,,0.3333333333333333,730
E07876,0.0,0.0,730
E07877,0.08333333333333333,0.3333333333333333,730
E07878,0.0,0.0,730
E07880,0.0,0.0,429
E07881,0.0,0.0,730
E07882,0.25,0.0,730
E07883,0.0,0.0,730
E07884,,0.0,88
E07885,0.0,0.3333333333333333,730
E07887,0.0,0.6666666666666666,730
E07888,0.0,0.3333333333333333,730
E07889,0.3333333333333333,0.6666666666666666,730
E07890,0.0,0.0,730
E07891,0.0,0.0,730
E07892,0.0,0.3333333333333333,730
E07893,0.0,0.3333333333333333,541
E07895,0.0,0.0,730
E07896,0.0,0.3333333333333333,730
E07897,0.5,0.3333333333333333,730
E07898,0.0,0.0,730
E07899,,0.3333333333333333,730
E07900,0.0,0.0,730
E07901,0.0,0.0,730
E07902,0.0,0.0,730
E07903,0.0,0.0,730
E07904,0.0,0.0,730
E07905,1.0,0.0,730
E07906,0.0,0.3333333333333333,649
E07907,0.5,0.0,730
E07908,0.5,0.3333333333333333,730
E07909,0.0,0.3333333333333333,730
E07910,0.0,0.0,179
E07911,0.0,0.0,730
E07912,0.5,0.0,730
E07913,0.0,0.3333333333333333,730
E07914,,0.0,153
E07915,0.0,0.0,730
E07916,0.0,0.0,730
E07917,0.0,0.0,730
E07918,0.0,0.0,730
E07919,1.0,0.0,730
E07920,,0.0,730
E07921,0.0,0.6666666666666666,606
E07922,0.0,0.0,730
E07923,0.0,0.0,730
E07924,0.0,0.3333333333333333,730
E07925,0.25,0.0,730
E07926,0.0,0.3333333333333333,730
E07927,0.2,0.0,730
E07928,0.25,0.0,730
E07929,0.0,0.0,730
E07930,0.0,0.3333333333333333,730
E07933,0.2857142857142857,0.0,730
E07934,0.0,0.0,730
E07935,,0.0,730
E07936,,0.3333333333333333,730
E07937,0.0,0.0,730
E07938,0.0,0.0,730
E07939,0.0,0.0,730
E07940,0.0,0.0,179
E07941,0.0,0.3333333333333333,730
E07942,0.0,0.0,730
E07943,0.1111111111111111,0.3333333333333333,730
E07944,0.0,0.3333333333333333,730
E07945,0.0,0.3333333333333333,730
E07946,0.0,0.3333333333333333,730
E07947,0.0,0.0,730
E07948,0.0,0.0,730
E07949,0.0,0.0,730
E07951,0.0,0.0,730
E07952,0.0,0.3333333333333333,730
E07953,0.0,0.0,730
E07954,0.0,0.0,730
E07956,0.034482758620689655,0.0,730
E07957,0.0,0.3333333333333333,730
E07958,0.2222222222222222,0.0,730
E07959,0.0,0.0,730
E07961,,0.0,730
E07962,0.0,0.3333333333333333,730
E07963,0.0,0.0,730
E07964,,0.3333333333333333,730
E07966,0.0,0.0,730
E07967,0.05,0.0,388
E07968,0.0,0.0,730
E07969,0.0,0.3333333333333333,730
E07971,0.0,0.0,730
E07972,0.06666666666666667,0.3333333333333333,730
E07973,0.0,0.0,730
E07974,0.5,0.3333333333333333,730
E07975,0.0,0.3333333333333333,730
E07976,0.0,0.0,730
E07977,0.0,0.3333333333333333,730
E07979,0.0,0.3333333333333333,730
E07980,0.3333333333333333,0.3333333333333333,730
E07981,,0.0,730
E07982,0.0,0.3333333333333333,730
E07983,0.0,0.0,730
E07984,0.5,0.6666666666666666,730
E07985,0.0,0.0,151
E07986,0.0,0.0,730
E07987,0.125,0.0,730
E07988,0.0,0.3333333333333333,730
E07989,0.25,0.0,730
E07990,0.3333333333333333,0.3333333333333333,730
E07991,0.5,0.0,730
E07993,0.0,0.0,109
E07994,0.0,0.3333333333333333,730
E07995,,0.0,252
E07996,0.0,0.0,730
E07997,0.2857142857142857,0.0,730
E07999,0.0,0.0,730
E08000,1.0,0.0,529
E08001,0.1111111111111111,0.0,730
E08003,,0.3333333333333333,730
E08004,,0.0,730
E08005,0.0,0.3333333333333333,730
E08006,0.08333333333333333,0.0,730
E08007,0.0,0.0,730
E08008,0.0,0.0,730
E08009,0.0,0.0,730
E08010,0.0,0.3333333333333333,730
E08011,0.0,0.0,730
E08012,0.0,0.0,730
E08013,0.0,0.0,730
E08014,0.0,0.3333333333333333,730
E08015,0.0,0.0,730
E08016,0.0,0.3333333333333333,730
E08018,0.0,0.3333333333333333,730
E08019,,0.0,730
E08021,0.0,0.0,730
E08022,0.0,0.0,730
E08023,0.0,0.3333333333333333,730
E08024,0.0,0.0,403
E08025,0.25,0.0,730
E08026,0.0,0.0,730
E08027,,0.0,730
E08028,0.15384615384615385,0.3333333333333333,730
E08029,,0.0,669
E08030,0.0,0.0,730
E08031,0.0,0.0,730
E08032,0.0,0.3333333333333333,730
E08033,0.14285714285714285,0.6666666666666666,730
E08034,0.0,0.3333333333333333,730
E08035,0.125,0.0,730
E08036,0.0,0.0,730
E08038,0.0,0.6666666666666666,730
E08040,0.1111111111111111,0.0,730
E08042,0.0,1.0,242
E08043,0.5,0.0,730
E08044,0.0,0.3333333333333333,730
E08045,,0.0,730
E08046,0.0,0.0,730
E08047,0.0,0.0,730
E08048,0.3333333333333333,0.0,730
E08049,0.0,0.0,730
E08050,0.0,0.3333333333333333,730
E08051,0.0,0.3333333333333333,730
E08052,0.0,0.0,730
E08053,0.0,0.0,730
E08054,0.5,0.5,424
E08055,0.5,0.0,730
E08056,,0.0,730
E08057,0.0,0.0,730
E08059,0.0,0.0,730
E08060,0.0,0.3333333333333333,730
E08061,0.0,0.0,319
E08062,0.0,0.0,730
E08063,0.0,0.3333333333333333,638
E08064,0.0,0.0,730
E08066,,0.0,730
E08068,0.0,0.0,730
E08069,0.0,0.5,375
E08070,0.0,0.0,730
E08071,0.0,0.0,730
E08072,,0.0,137
E08073,0.0,0.0,730
E08074,0.2,0.3333333333333333,730
E08075,0.0,0.0,730
E08076,0.0,0.3333333333333333,730
E08077,0.0,0.0,730
E08078,0.0,0.6666666666666666,730
E08079,0.1111111111111111,0.0,417
E08081,0.0,0.0,730
E08082,0.0,0.0,516
E08083,0.0,0.0,730
E08084,0.0,0.3333333333333333,730
E08085,0.0,0.0,730
E08086,,0.0,730
E08087,,0.0,730
E08088,0.0,0.3333333333333333,730
E08089,0.25,0.0,730
E08090,0.125,0.0,730
E08091,0.0,0.3333333333333333,730
E08092,0.0,0.0,730
E08093,0.5,0.0,730
E08094,0.0,0.0,730
E08095,0.0,0.6666666666666666,730
E08096,0.0,0.0,730
E08097,0.5,0.3333333333333333,730
E08098,0.0,0.0,730
E08100,0.0,0.0,730
E08101,0.0,0.0,730
E08102,0.125,0.0,730
E08103,0.0,0.0,730
E08105,0.2,0.3333333333333333,730
E08107,0.0,0.0,669
E08108,,0.3333333333333333,730
E08109,0.0,0.0,730
E08110,0.0,0.0,730
E08111,0.3333333333333333,0.0,730
E08113,0.0,0.0,730
E08114,0.125,0.3333333333333333,730
E08115,,0.0,453
E08116,0.3333333333333333,0.3333333333333333,730
E08117,0.0,0.0,730
E08118,0.5,0.0,316
E08119,0.0,0.3333333333333333,697
E08120,0.0,0.0,730
E08121,0.0,0.0,730
E08122,,0.0,730
E08123,0.0,0.3333333333333333,730
E08124,0.0,0.0,730
E08125,0.0,0.3333333333333333,730
E08126,0.047619047619047616,0.0,730
E08127,0.0,0.0,730
E08128,0.0,0.6666666666666666,730
E08130,0.0,0.0,730
E08131,0.0,0.0,730
E08132,,0.0,172
E08133,,0.0,730
E08134,0.5,0.0,730
E08135,0.3333333333333333,0.0,730
E08136,0.0,0.0,730
E08137,0.0,0.3333333333333333,730
E08139,0.125,0.3333333333333333,730
E08140,0.0,0.6666666666666666,730
E08141,0.0,0.3333333333333333,730
E08142,0.0,0.3333333333333333,730
E08143,0.2,0.0,730
E08144,0.08333333333333333,0.0,730
E08145,0.0,0.0,730
E08146,0.0,0.0,730
E08147,0.0,0.0,730
E08148,0.08695652173913043,0.0,730
E08149,0.0,0.0,730
E08150,0.3333333333333333,0.0,730
E08151,0.0,0.0,730
E08152,0.0,0.0,242
E08153,0.0,0.0,730
E08155,0.0,0.0,417
E08156,0.0,0.0,730
E08157,0.09090909090909091,0.0,730
E08158,0.14285714285714285,0.0,730
E08159,,0.0,730
E08160,0.0,0.0,730
E08162,0.0,0.0,730
E08163,,0.3333333333333333,730
E08164,0.25,0.0,730
E08165,0.08333333333333333,0.0,730
E08166,,0.0,730
E08167,0.05263157894736842,0.3333333333333333,730
E08168,0.0,0.3333333333333333,730
E08169,0.5,0.0,730
E08170,0.0,0.5,476
E08171,0.0,0.3333333333333333,730
E08172,0.0,0.0,730
E08174,,0.6666666666666666,730
E08175,0.0,0.0,730
E08176,0.0,0.0,730
E08177,0.0,0.0,730
E08178,0.0,0.0,730
E08179,0.0,0.0,730
E08180,0.0,0.0,730
E08181,0.0,0.0,730
E08182,0.0,0.0,730
E08183,1.0,0.0,730
E08184,0.125,0.3333333333333333,730
E08185,0.0,0.0,730
E08186,,0.0,730
E08187,0.0,0.0,730
E08188,0.0,0.0,730
E08189,,0.0,730
E08190,0.0,0.0,730
E08191,0.0,0.0,730
E08192,0.0,0.0,730
E08193,0.0,0.3333333333333333,730
E08194,0.0,0.0,730
E08195,1.0,0.0,730
E08196,,0.0,730
E08197,0.0,0.0,730
E08198,0.0,0.3333333333333333,730
E08199,0.0,0.0,730
E08200,0.0,0.6666666666666666,730
E08201,0.09090909090909091,0.0,730
E08202,0.0,0.0,730
E08203,0.3333333333333333,0.3333333333333333,730
E08204,0.0,0.3333333333333333,730
E08205,0.0,0.0,730
E08206,0.14285714285714285,0.3333333333333333,730
E08207,0.0,0.0,730
E08208,0.0,0.0,333
E08209,0.0,0.0,730
E08210,,0.3333333333333333,730
E08211,0.0,0.0,108
E08213,0.0,0.0,730
E08214,0.0,0.0,730
E08215,0.25,0.0,730
E08216,0.0,0.0,730
E08217,0.16666666666666666,0.0,730
E08218,0.0,0.0,249
E08219,0.0,0.0,730
E08221,0.0,0.0,730
E08222,0.1,0.0,730
E08223,0.0,0.0,730
E08224,0.0,0.0,730
E08225,,0.0,730
E08227,0.0,0.0,730
E08228,0.2,0.0,730
E08229,0.0,0.3333333333333333,730
E08230,0.0,0.3333333333333333,730
E08231,0.5,0.0,730
E08233,0.0,0.0,56
E08234,0.0,0.3333333333333333,501
E08235,0.0,0.0,59
E08236,0.0,0.0,730
E08237,,1.0,730
E08238,0.0,0.0,730
E08239,0.0,0.0,730
E08240,0.0,0.0,730
E08242,0.0,0.0,730
E08243,0.0,0.0,730
E08244,0.125,0.0,730
E08245,0.0,0.0,730
E08246,0.0,0.0,730
E08247,0.0,0.3333333333333333,730
E08248,0.0,0.0,730
E08249,0.25,0.3333333333333333,730
E08250,0.0,0.0,730
E08251,0.0,0.0,730
E08252,0.0,0.3333333333333333,730
E08253,0.0,0.3333333333333333,730
E08254,0.25,0.3333333333333333,730
E08255,0.0,0.0,730
E08256,0.0,0.0,242
E08257,0.13333333333333333,0.0,730
E08258,,0.3333333333333333,730
E08259,0.0,0.0,730
E08260,0.0,0.0,730
E08261,0.0,0.0,730
E08262,,0.0,730
E08263,0.125,0.3333333333333333,730
E08265,0.25,0.0,730
E08266,0.0,0.3333333333333333,730
E08267,0.125,0.0,730
E08268,0.0,0.0,730
E08269,0.14285714285714285,0.0,730
E08271,0.0,0.0,730
E08272,0.0,0.3333333333333333,730
E08273,0.0,0.0,730
E08274,0.0,0.0,730
E08275,0.0,0.0,730
E08276,0.0,0.0,494
E08277,0.3333333333333333,0.0,361
E08278,0.0,0.0,730
E08279,0.0,0.0,730
E08280,0.0,0.3333333333333333,730
E08282,,0.0,730
E08283,0.0,0.0,730
E08284,,0.0,730
E08285,0.0,0.0,307
E08286,0.0,0.3333333333333333,730
E08287,0.0,0.0,730
E08288,0.0,0.0,730
E08289,0.0,0.0,730
E08290,0.5,0.0,730
E08291,0.0,0.3333333333333333,730
E08292,0.0,0.3333333333333333,730
E08293,0.0,0.0,306
E08294,0.0,0.0,383
E08295,,0.0,404
E08296,0.0,0.0,730
E08297,0.0,0.0,730
E08298,1.0,0.6666666666666666,730
E08299,0.0,0.0,730
E08300,0.0,0.0,263
E08301,0.0,0.3333333333333333,730
E08302,0.3333333333333333,0.0,730
E08303,0.0,0.0,730
E08304,,0.0,730
E08305,,0.0,730
E08306,0.0,0.0,730
E08307,0.0,0.0,730
E08308,0.08333333333333333,0.0,730
E08311,0.0,0.0,730
E08312,0.0,0.0,730
E08314,0.0,0.3333333333333333,730
E08315,,0.3333333333333333,730
E08316,,0.3333333333333333,668
E08317,0.25,0.0,431
E08318,0.0,0.0,730
E08319,0.0,0.0,730
E08320,0.2,0.0,730
E08321,0.0,0.3333333333333333,730
E08322,0.0,0.3333333333333333,730
E08323,0.0,0.0,730
E08324,,0.3333333333333333,730
E08325,0.0,0.3333333333333333,730
E08326,0.0,0.0,730
E08327,0.0,0.0,730
E08328,0.0,0.3333333333333333,730
E08329,0.0,0.3333333333333333,730
E08330,0.0,0.0,264
E08331,0.3333333333333333,0.0,730
E08332,0.3333333333333333,0.0,730
E08333,0.0,0.0,273
E08334,0.5,0.0,730
E08336,,0.0,730
E08337,0.0,0.3333333333333333,730
E08338,,0.0,730
E08339,0.0,0.0,730
E08340,0.05263157894736842,0.3333333333333333,730
E08341,,0.0,730
E08342,0.0,0.0,730
E08343,0.0,0.0,730
E08344,0.0,0.0,730
E08345,0.0,0.0,730
E08346,0.0,0.3333333333333333,730
E08347,0.0,0.0,730
E08348,,0.0,730
E08349,0.1,0.0,730
E08350,0.08333333333333333,0.0,730
E08351,0.125,0.0,730
E08353,0.0,0.0,730
E08354,0.0,0.0,730
E08355,0.14285714285714285,0.3333333333333333,730
E08357,0.25,0.0,730
E08358,,0.3333333333333333,730
E08360,0.0,0.0,730
E08361,0.14285714285714285,0.3333333333333333,730
E08362,0.0,0.0,60
E08363,0.0,0.0,730
E08364,0.0,0.0,730
E08365,0.0,0.3333333333333333,730
E08366,,0.3333333333333333,730
E08367,0.5,1.0,730
E08368,0.0,0.0,730
E08369,0.0,0.0,730
E08370,0.0,0.0,730
E08372,0.2,1.0,730
E08373,0.0,0.3333333333333333,730
E08374,,0.0,730
E08375,0.3333333333333333,0.0,730
E08376,0.0,0.0,730
E08378,0.0,0.0,730
E08379,,0.0,730
E08380,0.0,0.0,730
E08381,0.0,0.0,730
E08382,0.0,0.0,730
E08383,0.0,0.0,730
E08384,0.0,0.3333333333333333,655
E08385,0.5,0.0,730
E08386,0.0,0.0,730
E08387,0.3333333333333333,0.3333333333333333,730
E08388,0.0,0.0,730
E08389,0.0,0.0,730
E08390,0.0,0.0,730
E08391,,0.0,730
E08392,0.3333333333333333,0.0,730
E08394,,0.0,730
E08395,0.0,0.0,182
E08397,0.1,0.3333333333333333,730
E08398,0.0,0.0,730
E08399,0.0,0.3333333333333333,730
E08400,0.5,0.0,550
E08401,0.0,0.0,256
E08402,0.0,0.0,730
E08404,0.2,0.0,730
E08405,0.5,0.0,730
E08406,,0.0,730
E08407,0.0,0.0,730
E08408,0.0,0.3333333333333333,730
E08409,0.0,0.0,730
E08410,0.0,1.0,260
E08411,0.0,0.0,730
E08412,0.0,0.0,263
E08413,0.0,0.0,730
E08414,0.0,0.3333333333333333,730
E08415,,0.0,730
E08416,0.5,0.0,730
E08417,1.0,0.0,730
E08418,0.0,0.3333333333333333,730
E08419,0.3333333333333333,0.3333333333333333,730
E08420,0.0,0.0,730
E08421,0.0,0.3333333333333333,730
E08423,0.0,0.0,730
E08424,0.0,0.6666666666666666,730
E08425,0.0,0.0,730
E08426,0.0,0.0,730
E08427,0.0,0.3333333333333333,730
E08429,0.0,0.0,730
E08430,0.0,0.3333333333333333,730
E08431,0.5,0.0,730
E08432,1.0,0.0,730
E08433,0.0,0.0,730
E08434,,0.0,730
E08435,0.0,0.6666666666666666,730
E08436,0.0,0.0,730
E08437,0.0,0.3333333333333333,730
E08438,0.0,0.0,730
E08439,,0.0,730
E08440,0.0,0.6666666666666666,730
E08441,0.0,0.0,730
E08442,0.0,0.0,730
E08443,0.0,0.0,730
E08444,0.0,0.3333333333333333,730
E08445,0.0,0.3333333333333333,730
E08446,0.0,0.0,730
E08447,0.0,0.0,730
E08448,0.0,0.0,730
E08449,0.0,0.3333333333333333,730
E08450,0.0,0.0,730
E08451,,0.0,730
E08454,0.0,0.0,730
E08455,0.0,0.0,578
E08456,0.0,0.0,730
E08457,0.15384615384615385,0.0,730
E08458,0.0,0.3333333333333333,730
E08459,0.1,0.3333333333333333,730
E08460,0.16666666666666666,0.0,730
E08462,0.0,0.3333333333333333,730
E08463,0.0,0.0,145
E08464,0.0,0.0,730
E08465,0.0,0.0,730
E08466,0.0,0.0,490
E08467,,0.0,730
E08468,0.1111111111111111,0.0,730
E08469,0.3333333333333333,0.0,730
E08470,0.0,0.0,730
E08471,0.0,0.0,730
E08472,0.0,0.0,730
E08473,0.0,0.3333333333333333,730
E08475,0.3333333333333333,0.0,730
E08476,0.0,0.3333333333333333,730
E08477,1.0,0.0,730
E08478,0.0,0.0,730
E08479,,0.3333333333333333,659
E08480,0.5,0.0,730
E08481,0.0,0.0,179
E08482,0.0,0.3333333333333333,730
E08483,0.2,0.3333333333333333,730
E08484,0.0,0.0,730
E08485,,0.0,730
E08486,0.0,0.0,361
E08487,0.0,0.3333333333333333,730
E08488,0.0,0.0,730
E08489,0.14285714285714285,0.3333333333333333,730
E08490,0.0,0.3333333333333333,730
E08491,0.0,0.0,730
E08492,0.0,0.3333333333333333,730
E08493,0.0,0.0,730
E08494,0.0,0.0,730
E08495,0.0,0.0,730
E08496,0.0,0.3333333333333333,730
E08497,0.0,0.0,730
E08498,0.3333333333333333,0.3333333333333333,730
E08499,,0.6666666666666666,730
E08500,0.0,0.3333333333333333,730
E08501,0.2,0.0,730
E08502,0.0,0.0,730
E08503,,0.3333333333333333,730
E08505,0.2,0.3333333333333333,730
E08506,0.0,0.0,730
E08507,0.0,0.0,730
E08508,0.0,0.6666666666666666,578
E08509,0.3333333333333333,0.0,730
E08510,0.0,0.0,730
E08511,1.0,0.3333333333333333,730
E08512,,0.0,730
E08514,0.0,0.0,730
E08515,0.0,0.0,730
E08516,0.0,0.3333333333333333,730
E08517,0.0,0.0,730
E08518,0.1111111111111111,0.0,730
E08519,0.05,0.0,730
E08521,0.0,0.0,730
E08522,0.2,0.0,730
E08523,,0.0,730
E08524,0.0,0.0,730
E08525,0.06666666666666667,0.0,242
E08526,0.14285714285714285,0.3333333333333333,730
E08527,0.0,0.0,730
E08528,0.0,0.3333333333333333,730
E08529,0.0,0.3333333333333333,730
E08531,,0.3333333333333333,730
E08532,0.0,0.0,730
E08533,0.3333333333333333,0.3333333333333333,730
E08534,0.0,0.0,730
E08535,0.027777777777777776,0.3333333333333333,730
E08536,,0.0,97
E08537,0.0,0.0,730
E08538,0.0,0.0,730
E08539,0.5,0.3333333333333333,730
E08540,,0.0,730
E08541,0.0,0.3333333333333333,606
E08542,0.14285714285714285,0.0,730
E08543,0.2,0.3333333333333333,730
E08544,0.0,0.0,730
E08545,0.0,0.0,730
E08546,0.25,0.0,158
E08547,0.0,0.0,158
E08548,0.0,0.0,730
E08549,0.0,0.0,730
E08550,,0.0,730
E08551,,0.0,730
E08552,0.0,0.3333333333333333,730
E08553,0.0,0.0,84
E08554,0.0,0.0,730
E08555,0.0,0.0,730
E08556,0.0,0.3333333333333333,730
E08557,0.0,0.3333333333333333,730
E08558,0.0,0.0,730
E08559,0.0,0.0,730
E08561,0.2,0.0,730
E08562,0.0,0.0,730
E08563,0.0,0.0,730
E08564,0.0,0.3333333333333333,730
E08566,0.0,0.0,730
E08568,0.2857142857142857,0.3333333333333333,730
E08569,0.6666666666666666,0.0,523
E08570,0.2,0.0,730
E08571,0.0,0.0,730
E08572,0.0,0.3333333333333333,730
E08573,0.0,0.0,730
E08574,0.0,0.0,730
E08575,0.0,0.0,730
E08576,0.0,0.3333333333333333,730
E08577,0.0,0.0,730
E08578,0.14285714285714285,0.0,730
E08579,0.09090909090909091,0.3333333333333333,730
E08580,0.0,0.0,730
E08582,,0.3333333333333333,730
E08583,0.0,0.0,730
E08584,0.0,0.0,730
E08585,0.034482758620689655,0.3333333333333333,730
E08586,,0.3333333333333333,730
E08587,0.0,0.0,730
E08588,0.5,0.3333333333333333,730
E08589,0.125,0.3333333333333333,730
E08590,0.0,0.6666666666666666,730
E08591,0.16666666666666666,0.0,730
E08592,0.0,0.0,730
E08593,0.25,0.0,730
E08594,,0.0,327
E08595,0.15384615384615385,0.0,730
E08596,0.0,0.3333333333333333,730
E08597,0.0,0.0,730
E08598,1.0,0.0,730
E08600,1.0,0.0,730
E08601,0.0,0.0,730
E08602,0.0,0.0,730
E08603,0.0,0.0,730
E08604,,0.0,730
E08605,0.034482758620689655,0.0,730
E08606,,0.0,730
E08607,0.0,0.3333333333333333,730
E08608,0.0,0.0,730
E08609,0.07692307692307693,0.0,111
E08610,0.0,0.0,730
E08611,0.0,0.3333333333333333,730
E08612,0.0,0.0,730
E08613,0.0,0.0,730
E08614,0.0,0.0,730
E08615,0.2,0.0,730
E08616,0.3333333333333333,0.0,730
E08617,0.4,0.0,730
E08618,0.0,0.3333333333333333,730
E08619,0.0,0.0,730
E08620,0.0,0.0,730
E08621,,0.5,361
E08622,0.0,0.0,102
E08623,0.25,0.3333333333333333,730
E08624,0.3333333333333333,0.0,730
E08625,0.0,0.0,179
E08626,0.0,0.0,730
E08627,0.3333333333333333,0.0,730
E08628,0.25,0.0,730
E08629,,0.0,489
E08630,0.0,0.6666666666666666,730
E08631,0.0,0.0,730
E08632,0.0,0.3333333333333333,730
E08635,0.0,0.3333333333333333,730
E08636,0.125,0.0,730
E08637,0.25,0.3333333333333333,730
E08638,0.0,0.0,730
E08640,,0.0,730
E08641,0.0,0.0,730
E08642,0.0,0.0,730
E08643,,0.0,730
E08644,0.0,0.0,730
E08645,0.0,0.0,730
E08646,,0.0,74
E08647,0.0,0.0,298
E08648,,0.0,730
E08649,0.0,0.0,730
E08650,0.0,0.0,730
E08651,0.0,0.0,730
E08652,0.0,0.3333333333333333,730
E08653,0.0,0.3333333333333333,730
E08654,0.3333333333333333,0.0,730
E08655,0.0,0.0,730
E08658,,0.0,730
E08659,,0.0,730
E08660,0.0,0.0,730
E08661,0.2,0.0,730
E08662,0.2,0.0,730
E08663,0.0,0.3333333333333333,730
E08664,0.125,0.3333333333333333,730
E08665,0.0,0.0,730
E08666,,0.0,730
E08667,0.0,0.3333333333333333,730
E08668,0.0,0.3333333333333333,730
E08670,0.16666666666666666,0.6666666666666666,730
E08671,0.0,0.0,730
E08672,0.0,0.3333333333333333,730
E08673,0.0,0.3333333333333333,730
E08674,0.125,0.3333333333333333,730
E08675,0.25,0.0,730
E08678,0.0,0.0,730
E08679,0.0,0.0,730
E08681,0.0,0.0,730
E08682,,0.3333333333333333,730
E08683,0.0,0.6666666666666666,730
E08684,0.0,0.3333333333333333,647
E08685,0.0,0.3333333333333333,730
E08686,0.0,0.0,730
E08687,0.0,0.6666666666666666,730
E08688,0.0,0.3333333333333333,730
E08690,0.0,0.6666666666666666,730
E08691,0.0,0.0,445
E08692,0.2,0.0,730
E08693,,0.0,367
E08694,0.0,0.0,730
E08695,,0.3333333333333333,730
E08696,0.0,0.0,730
E08697,0.0,0.0,311
E08698,0.0,0.0,730
E08699,0.1,0.0,730
E08700,0.0,0.0,730
E08701,0.0,0.0,730
E08702,0.0,0.3333333333333333,730
E08703,0.0,0.0,730
E08704,,0.3333333333333333,730
E08705,0.14285714285714285,0.0,730
E08706,,0.0,730
E08708,0.2,0.3333333333333333,730
E08709,0.0,0.0,730
E08710,0.0,0.0,730
E08711,0.0,0.0,730
E08712,0.0,0.0,730
E08713,0.0,0.0,730
E08714,0.0,0.0,730
E08715,0.5,0.3333333333333333,730
E08716,0.16666666666666666,0.3333333333333333,730
E08717,0.0,0.0,527
E08718,0.0,0.0,730
E08719,0.0,0.0,730
E08720,0.6666666666666666,0.6666666666666666,730
E08721,,0.0,730
E08722,0.0,0.6666666666666666,730
E08723,0.5,0.3333333333333333,730
E08724,0.0,0.0,730
E08725,0.3333333333333333,0.3333333333333333,730
E08726,0.0,0.3333333333333333,730
E08727,0.3333333333333333,0.0,123
E08728,1.0,0.3333333333333333,730
E08729,0.125,0.0,730
E08730,0.0,0.0,730
E08731,0.0,0.0,730
E08732,0.0,0.0,396
E08733,0.1,0.0,730
E08734,0.5,0.0,730
E08737,,0.0,730
E08738,0.3333333333333333,0.3333333333333333,730
E08739,0.0,0.0,730
E08740,0.0,0.0,730
E08741,0.0,0.0,730
E08742,0.14285714285714285,0.3333333333333333,730
E08744,0.25,0.0,730
E08746,,0.0,730
E08747,0.2,0.3333333333333333,730
E08748,0.5,0.0,730
E08749,0.0,0.0,730
E08751,0.0,0.0,730
E08752,0.5,0.0,730
E08753,0.5,0.0,730
E08754,0.0,0.0,730
E08755,,0.3333333333333333,730
E08756,0.0,0.0,485
E08757,0.1,0.0,730
E08758,0.0,0.0,129
E08759,0.0,0.0,253
E08760,0.0,0.0,730
E08761,0.0,0.0,571
E08762,0.0,0.3333333333333333,730
E08764,0.0,0.0,730
E08765,0.0,0.0,730
E08766,0.25,0.3333333333333333,730
E08768,0.0,0.3333333333333333,730
E08769,0.0,0.3333333333333333,730
E08770,0.0,0.3333333333333333,730
E08771,0.08333333333333333,0.3333333333333333,730
E08773,0.15384615384615385,0.0,730
E08774,0.0,0.0,730
E08777,0.0,0.0,730
E08778,0.0,0.0,730
E08779,0.2,0.0,730
E08781,0.0,0.0,730
E08782,0.16666666666666666,0.6666666666666666,730
E08783,0.0,0.3333333333333333,730
E08784,0.0,0.0,730
E08785,0.0,0.0,730
E08786,0.0,0.0,730
E08787,0.16666666666666666,0.0,730
E08788,,0.0,730
E08789,0.5,0.0,730
E08790,0.25,0.0,730
E08792,,0.0,730
E08793,0.0,0.0,730
E08794,0.0,0.0,730
E08795,0.0,0.6666666666666666,730
E08796,0.0,0.3333333333333333,730
E08797,0.16666666666666666,0.0,730
E08798,,0.3333333333333333,730
E08799,,0.0,546
E08800,0.0,0.0,730
E08801,0.0,0.0,730
E08802,0.06666666666666667,0.0,730
E08803,0.0,0.0,730
E08804,,0.3333333333333333,730
E08805,1.0,0.0,730
E08806,0.0,0.0,730
E08807,0.0,0.3333333333333333,730
E08808,0.0,0.3333333333333333,730
E08809,0.0,0.0,690
E08810,0.0,0.3333333333333333,730
E08811,0.0,0.3333333333333333,730
E08812,0.0,0.0,730
E08814,0.0,0.0,730
E08815,0.0,0.0,730
E08816,0.0,0.0,730
E08817,0.5,0.0,730
E08818,0.0,0.0,730
E08819,0.0,0.0,730
E08820,0.0,0.0,193
E08821,0.07692307692307693,0.3333333333333333,730
E08823,0.0,0.0,730
E08824,0.0,0.3333333333333333,730
E08825,0.0,0.0,730
E08826,,0.3333333333333333,730
E08827,0.0,0.3333333333333333,730
E08828,,0.0,485
E08829,0.0,0.0,730
E08830,0.0,0.3333333333333333,730
E08831,0.08333333333333333,0.6666666666666666,730
E08833,0.3333333333333333,0.0,730
E08834,0.0,0.0,730
E08835,0.0,0.0,730
E08836,0.0,0.0,730
E08837,0.14285714285714285,0.3333333333333333,730
E08838,0.0,0.0,730
E08839,0.0,0.0,550
E08840,0.0,0.0,730
E08841,0.0,0.0,730
E08842,0.0,0.0,730
E08843,0.0,0.0,730
E08844,0.0,0.0,730
E08845,0.0,0.3333333333333333,730
E08846,0.0,1.0,172
E08848,0.2,0.3333333333333333,730
E08849,0.0,0.3333333333333333,730
E08850,0.0,0.0,730
E08851,,0.6666666666666666,730
E08852,0.16666666666666666,0.0,730
E08853,0.0,0.3333333333333333,730
E08854,0.06666666666666667,0.0,730
E08855,,0.0,730
E08856,0.0,0.0,730
E08857,,0.3333333333333333,730
E08858,0.0,0.3333333333333333,730
E08859,,0.0,730
E08860,0.0,0.0,730
E08861,0.0,0.0,730
E08862,,0.0,730
E08863,0.5,0.3333333333333333,730
E08864,0.0,0.3333333333333333,730
E08865,0.0,0.3333333333333333,730
E08866,0.0,0.3333333333333333,730
E08868,0.0,0.0,730
E08870,0.5,0.3333333333333333,730
E08871,,0.0,730
E08872,,0.3333333333333333,730
E08873,0.14285714285714285,0.0,730
E08874,0.25,0.0,730
E08875,0.0,0.0,730
E08876,,0.0,730
E08877,0.0,0.3333333333333333,730
E08878,0.5,0.3333333333333333,730
E08879,0.0,0.0,730
E08880,,0.0,730
E08881,0.0,0.0,88
E08883,0.0,0.5,484
E08884,0.08333333333333333,0.0,730
E08885,0.14285714285714285,0.3333333333333333,730
E08886,0.0,0.0,95
E08888,0.25,0.0,730
E08889,,0.0,730
E08890,0.0,0.0,284
E08891,0.3333333333333333,0.6666666666666666,730
E08892,0.0,0.0,730
E08893,0.0,0.0,730
E08894,,0.0,185
E08895,0.0,0.0,730
E08896,0.0,0.5,467
E08897,0.0,0.0,730
E08898,0.0,0.0,730
E08899,0.0,0.0,151
E08900,,0.0,730
E08901,0.0,0.0,730
E08902,0.0,0.0,730
E08903,0.0,0.3333333333333333,730
E08904,,0.0,730
E08905,0.0,0.0,730
E08907,0.0,0.3333333333333333,730
E08908,0.0,0.6666666666666666,730
E08909,,0.0,730
E08910,0.0,0.3333333333333333,730
E08911,0.0,0.0,730
E08912,0.0,0.0,375
E08913,0.0,0.0,730
E08914,0.0,0.0,730
E08915,0.2,0.0,730
E08916,0.1,0.0,730
E08917,0.0,0.0,730
E08918,0.0,0.3333333333333333,730
E08919,0.2,0.0,333
E08920,0.0,0.3333333333333333,730
E08921,0.0,0.6666666666666666,627
E08922,0.0,0.0,730
E08923,0.0,0.0,730
E08924,0.0,0.3333333333333333,730
E08925,0.25,0.3333333333333333,730
E08927,0.0,0.0,730
E08928,0.0,0.0,263
E08929,0.6666666666666666,0.0,730
E08930,0.09090909090909091,0.0,730
E08931,0.0,0.0,730
E08932,0.09090909090909091,0.3333333333333333,730
E08933,0.0,0.0,730
E08934,0.0,0.3333333333333333,730
E08935,0.0,0.0,730
E08936,0.11764705882352941,0.3333333333333333,730
E08937,0.0,0.3333333333333333,730
E08938,0.0,0.0,730
E08939,0.0,0.0,730
E08940,0.05263157894736842,0.3333333333333333,730
E08941,0.0,0.0,730
E08942,0.0,0.0,730
E08943,0.09090909090909091,0.3333333333333333,730
E08944,0.0,0.0,730
E08945,0.0,0.0,730
E08946,0.0,0.0,730
E08947,0.0,0.0,730
E08948,1.0,0.0,730
E08951,0.25,0.0,730
E08952,0.0,0.3333333333333333,730
E08953,,0.0,242
E08954,0.0,0.0,730
E08955,,0.6666666666666666,730
E08957,0.0,0.0,730
E08959,0.0,0.0,175
E08960,0.0,0.0,730
E08961,0.125,0.0,730
E08962,0.0,0.0,730
E08963,0.25,0.0,730
E08964,0.0,0.3333333333333333,730
E08965,0.5,0.0,730
E08966,0.15384615384615385,0.0,730
E08967,0.5,0.0,730
E08969,0.0,0.0,730
E08970,0.0,0.3333333333333333,730
E08971,0.0,0.0,730
E08972,1.0,0.0,109
E08973,0.3333333333333333,0.3333333333333333,730
E08974,0.0,0.0,730
E08975,0.0,0.0,730
E08976,0.0,0.0,730
E08977,0.0,0.0,730
E08979,0.0,0.0,730
E08980,0.08695652173913043,0.0,730
E08981,0.0,0.6666666666666666,730
E08983,,0.0,730
E08984,0.0,0.3333333333333333,730
E08985,0.0,0.3333333333333333,730
E08986,0.0,0.0,730
E08987,0.0,0.0,730
E08988,0.0,0.0,730
E08989,,0.0,730
E08990,,0.0,730
E08991,0.25,0.0,730
E08992,0.0,0.3333333333333333,730
E08993,0.0,0.3333333333333333,730
E08994,0.0,0.3333333333333333,730
E08995,0.25,0.0,730
E08997,0.0,0.0,730
E08998,0.0,0.0,730
E08999,0.0,0.0,730
E09000,0.0,0.3333333333333333,730
E09001,0.0,0.0,730
E09002,0.2857142857142857,0.3333333333333333,730
E09003,0.0,0.0,730
E09004,0.5,0.0,730
E09005,0.5,0.0,730
E09006,0.2857142857142857,0.0,730
E09007,0.0,0.0,730
E09008,0.16666666666666666,0.0,730
E09009,0.0,0.0,730
E09011,0.3333333333333333,0.0,730
E09012,0.3333333333333333,0.0,730
E09013,0.0,0.0,730
E09014,0.2,0.3333333333333333,730
E09015,,0.0,524
E09016,0.0,0.3333333333333333,730
E09017,0.0,0.3333333333333333,730
E09018,,0.0,730
E09019,,1.0,730
E09020,0.0,0.0,730
E09021,0.0,0.0,730
E09022,0.0,0.0,730
E09023,0.0,0.0,730
E09024,0.0,0.0,730
E09025,0.5,0.6666666666666666,730
E09026,,0.3333333333333333,730
E09027,0.0,0.0,730
E09028,0.0,0.0,730
E09029,,0.3333333333333333,730
E09030,,0.3333333333333333,730
E09031,,0.0,102
E09032,0.0,0.0,730
E09033,0.0,0.3333333333333333,730
E09034,0.0,0.0,730
E09035,,0.0,730
E09036,0.0,0.0,730
E09037,0.0,0.0,730
E09038,0.0,0.0,730
E09039,0.0,0.3333333333333333,730
E09040,0.0,0.3333333333333333,730
E09041,0.0,0.3333333333333333,730
E09043,0.0,0.0,730
E09044,,0.6666666666666666,730
E09045,0.5,0.0,730
E09046,0.0,0.0,730
E09047,0.0,0.0,730
E09048,0.0,0.0,730
E09049,0.3333333333333333,0.0,273
E09050,0.0,0.0,730
E09051,0.1,0.0,730
E09052,0.0,0.0,730
E09053,0.0,0.3333333333333333,730
E09054,0.0,0.3333333333333333,730
E09055,0.0,0.0,730
E09056,0.25,0.3333333333333333,730
E09057,0.16666666666666666,0.0,730
E09058,0.0,0.0,730
E09059,0.16666666666666666,0.0,730
E09060,0.0,0.3333333333333333,730
E09061,,0.3333333333333333,730
E09062,0.0,0.0,730
E09063,,0.3333333333333333,730
E09064,0.0,0.3333333333333333,730
E09065,,0.0,730
E09066,0.125,0.3333333333333333,730
E09067,0.0,0.0,730
E09068,0.0,0.0,730
E09069,0.0,0.3333333333333333,730
E09070,0.5,0.0,730
E09071,0.3333333333333333,0.0,730
E09072,0.0,0.3333333333333333,730
E09073,0.0,0.0,730
E09074,0.0,0.0,730
E09075,0.0,0.0,730
E09076,0.3333333333333333,0.3333333333333333,730
E09077,,0.0,730
E09078,1.0,0.0,730
E09079,0.0,0.0,730
E09080,1.0,0.0,730
E09081,0.0,0.0,730
E09082,0.0,0.3333333333333333,730
E09084,0.0,0.0,730
E09085,0.3333333333333333,0.3333333333333333,730
E09086,0.0,0.0,730
E09087,0.0,0.0,730
E09088,0.16666666666666666,0.6666666666666666,730
E09089,0.0,0.6666666666666666,730
E09090,0.5,0.0,730
E09091,0.0,0.0,730
E09092,0.3333333333333333,0.0,730
E09093,0.25,0.3333333333333333,730
E09094,0.0,0.0,730
E09095,0.0,0.3333333333333333,730
E09096,0.0,0.0,730
E09097,0.0,0.0,730
E09098,0.0,0.3333333333333333,730
E09099,0.0,0.0,730
E09100,,0.3333333333333333,730
E09101,0.0,0.0,730
E09102,0.0,0.3333333333333333,730
E09103,0.0,0.3333333333333333,730
E09104,0.0,0.0,730
E09105,0.0,0.0,730
E09106,0.0,0.0,730
E09107,0.06666666666666667,0.0,730
E09108,0.0,0.3333333333333333,730
E09109,0.0,0.0,730
E09110,0.0,0.0,730
E09111,0.0,0.3333333333333333,730
E09112,0.0,0.0,730
E09113,0.0,0.0,730
E09114,0.0,0.3333333333333333,730
E09115,0.0,0.0,730
E09116,0.0,0.0,730
E09117,0.0,0.0,730
E09118,0.0,0.3333333333333333,730
E09119,0.0,0.0,730
E09120,0.2,0.0,730
E09121,0.0,0.0,730
E09122,0.0,0.3333333333333333,730
E09123,0.0,0.6666666666666666,730
E09124,0.5,0.3333333333333333,730
E09125,0.0,0.0,730
E09126,,0.3333333333333333,730
E09127,0.0,0.3333333333333333,730
E09128,0.034482758620689655,0.3333333333333333,730
E09129,,0.0,730
E09130,0.0,0.3333333333333333,730
E09132,0.0,1.0,193
E09133,0.0,0.3333333333333333,730
E09134,,0.0,730
E09135,0.0,0.0,730
E09136,0.0,0.6666666666666666,730
E09137,0.0,0.0,730
E09138,,0.0,730
E09139,0.0,0.0,730
E09140,0.1111111111111111,0.0,730
E09141,0.3333333333333333,0.0,730
E09142,0.3333333333333333,0.3333333333333333,730
E09143,0.2,0.0,730
E09145,0.0,0.0,730
E09146,0.0,0.3333333333333333,730
E09147,0.027777777777777776,0.3333333333333333,730
E09148,0.0,0.0,730
E09149,0.0,0.0,730
E09150,0.0,0.0,730
E09151,0.0,0.5,357
E09152,0.0,0.3333333333333333,730
E09153,0.0,0.0,730
E09155,,0.0,730
E09156,0.2,0.0,730
E09158,,0.0,730
E09159,0.07142857142857142,0.0,730
E09160,0.0,0.0,730
E09161,0.1,0.0,730
E09162,0.16666666666666666,0.6666666666666666,730
E09163,0.0,0.3333333333333333,730
E09164,0.0,0.0,730
E09165,0.0,0.0,730
E09166,0.0,0.3333333333333333,730
E09167,0.0,0.3333333333333333,730
E09168,0.0,0.0,529
E09169,0.07692307692307693,0.0,730
E09170,0.0,0.0,730
E09171,0.0,0.0,730
E09172,,0.0,322
E09173,0.0,0.3333333333333333,730
E09174,0.1111111111111111,0.0,730
E09175,0.25,0.0,730
E09176,0.0,0.3333333333333333,730
E09177,0.0,0.3333333333333333,730
E09179,0.0,0.0,730
E09180,0.0,0.0,730
E09181,0.3333333333333333,0.0,74
E09183,,0.0,730
E09184,0.25,0.6666666666666666,730
E09185,0.0,0.3333333333333333,730
E09187,0.0,0.3333333333333333,730
E09188,0.0,0.0,730
E09190,0.0,0.3333333333333333,730
E09191,0.0,0.0,730
E09192,0.2,0.0,730
E09193,0.14285714285714285,0.0,730
E09194,0.5,0.3333333333333333,730
E09195,0.0,0.0,730
E09196,0.0,0.0,730
E09197,0.0,0.3333333333333333,730
E09198,0.0,0.0,730
E09199,0.0,0.3333333333333333,730
E09200,0.0,0.0,730
E09201,0.0,0.3333333333333333,730
E09202,0.0,0.3333333333333333,730
E09203,0.0,0.3333333333333333,730
E09204,0.0,0.3333333333333333,730
E09205,0.25,0.3333333333333333,730
E09206,0.0,0.3333333333333333,730
E09209,0.0,0.3333333333333333,730
E09210,,0.0,730
E09211,0.0,0.0,730
E09212,0.3333333333333333,0.0,730
E09213,,0.3333333333333333,730
E09214,0.1111111111111111,0.0,730
E09215,0.0,0.0,730
E09216,0.0,0.0,730
E09217,0.0,0.0,730
E09218,0.0,0.0,730
E09219,,0.0,730
E09220,0.11764705882352941,0.0,730
E09221,0.125,0.0,730
E09222,0.0,0.3333333333333333,730
E09223,0.0,0.0,730
E09224,0.25,0.0,730
E09225,0.125,0.3333333333333333,730
E09226,0.125,0.0,730
E09227,,0.6666666666666666,557
E09228,0.0,0.3333333333333333,730
E09229,0.0,0.0,730
E09230,0.1111111111111111,0.0,730
E09231,0.0,0.3333333333333333,730
E09232,0.0,0.0,730
E09233,0.0,0.0,730
E09234,0.0,0.3333333333333333,730
E09235,0.0,0.0,730
E09236,0.0,0.0,730
E09237,0.0,0.0,730
E09238,,0.0,730
E09239,0.0,0.0,730
E09240,0.0,0.0,730
E09241,0.2857142857142857,0.0,730
E09242,0.1,0.0,730
E09243,0.0,0.0,730
E09244,0.25,0.6666666666666666,730
E09245,0.0,0.0,730
E09246,,0.3333333333333333,730
E09247,0.0,0.0,730
E09248,0.0,0.0,730
E09249,0.0,0.0,730
E09250,0.0,0.0,730
E09251,0.0,0.0,730
E09252,0.0,0.0,730
E09253,0.2,0.0,730
E09254,0.1,0.6666666666666666,730
E09255,0.0,0.3333333333333333,730
E09256,0.0,0.0,730
E09257,0.0,0.0,730
E09258,0.0,0.3333333333333333,730
E09259,0.0,0.0,730
E09260,0.0,0.3333333333333333,730
E09261,0.0,0.0,730
E09262,0.0,0.3333333333333333,730
E09263,0.0,0.3333333333333333,730
E09264,0.0,0.6666666666666666,730
E09265,0.0,0.0,730
E09266,,0.0,730
E09267,0.0,0.3333333333333333,730
E09268,0.0,0.0,730
E09269,0.0,0.0,127
E09271,0.0,0.0,730
E09272,0.0,0.3333333333333333,730
E09274,1.0,0.3333333333333333,730
E09275,0.5,0.0,730
E09276,0.0,0.3333333333333333,730
E09278,0.0,0.3333333333333333,730
E09280,0.3333333333333333,0.0,730
E09281,0.0,0.0,730
E09283,1.0,0.0,730
E09284,0.0,0.0,730
E09285,0.0,0.3333333333333333,730
E09286,0.16666666666666666,0.0,730
E09287,0.25,0.0,730
E09288,0.0,0.3333333333333333,730
E09289,0.0,0.0,730
E09290,0.0,0.0,730
E09291,0.0,0.0,730
E09293,0.0,0.0,730
E09294,0.0,0.3333333333333333,730
E09295,0.16666666666666666,0.3333333333333333,730
E09297,0.0,0.3333333333333333,730
E09298,0.25,0.0,730
E09299,0.125,0.0,730
E09300,0.0,0.3333333333333333,730
E09301,0.0,0.0,730
E09302,0.25,0.0,730
E09303,0.25,0.6666666666666666,730
E09304,,0.0,213
E09305,0.0,0.0,730
E09306,0.0,0.3333333333333333,730
E09307,0.0,0.0,730
E09308,0.0,0.3333333333333333,730
E09309,0.0,0.0,730
E09310,0.0,0.0,730
E09312,0.0,0.3333333333333333,730
E09313,,0.3333333333333333,730
E09314,0.0,0.0,730
E09315,0.0,0.6666666666666666,730
E09316,,0.0,730
E09317,0.0,0.3333333333333333,730
E09318,,0.0,730
E09320,0.0,0.0,730
E09321,0.0,0.0,730
E09323,,0.0,730
E09324,,0.0,533
E09326,,0.0,730
E09327,0.16666666666666666,0.0,730
E09328,0.0,0.3333333333333333,730
E09329,0.14285714285714285,0.3333333333333333,730
E09330,0.0,0.0,730
E09331,,0.3333333333333333,730
E09332,0.0,0.3333333333333333,730
E09334,0.0,0.3333333333333333,730
E09335,0.125,0.0,730
E09336,0.0,0.3333333333333333,730
E09337,0.1111111111111111,0.3333333333333333,730
E09338,0.0,0.0,730
E09339,0.0,0.0,730
E09340,0.25,0.0,730
E09341,0.0,0.0,730
E09343,0.0,0.0,730
E09344,0.0,0.0,730
E09345,0.0,0.0,730
E09346,0.0,0.0,145
E09347,0.14285714285714285,0.0,501
E09348,0.0,0.0,730
E09349,0.0,0.3333333333333333,730
E09352,0.1111111111111111,0.6666666666666666,730
E09353,0.0,1.0,207
E09354,0.16666666666666666,0.3333333333333333,730
E09355,,0.6666666666666666,730
E09356,0.0,0.3333333333333333,730
E09358,0.0,0.0,730
E09359,0.0,0.0,730
E09360,0.0,0.0,730
E09362,,0.0,730
E09363,0.125,0.0,730
E09364,0.0,0.0,730
E09366,0.0,0.3333333333333333,730
E09368,0.0,0.0,424
E09369,0.0,0.0,730
E09370,0.0,0.0,730
E09371,0.0,0.0,730
E09372,0.0,0.0,730
E09373,0.0,0.0,730
E09374,0.0,0.0,287
E09375,0.0,0.0,730
E09376,0.14285714285714285,0.6666666666666666,730
E09377,0.0,0.0,730
E09378,,0.6666666666666666,730
E09379,0.0,0.0,730
E09380,0.3333333333333333,0.3333333333333333,730
E09381,0.2,0.0,730
E09382,0.0,0.0,730
E09383,0.0,0.0,730
E09384,0.0,0.0,730
E09385,0.0,0.0,730
E09386,0.0,0.0,730
E09387,0.0,0.0,730
E09388,0.0,0.0,730
E09389,,0.0,730
E09391,0.0,0.0,730
E09393,0.1111111111111111,0.3333333333333333,730
E09394,0.0,0.3333333333333333,730
E09395,0.0,0.0,730
E09396,0.034482758620689655,0.3333333333333333,730
E09398,0.0,0.0,730
E09399,0.0,0.0,730
E09400,0.0,0.0,730
E09401,0.1111111111111111,0.0,730
E09402,0.027777777777777776,0.3333333333333333,730
E09403,0.0,0.0,274
E09404,0.0,0.0,730
E09405,0.5,0.0,730
E09406,0.14285714285714285,0.3333333333333333,730
E09407,0.0,0.0,730
E09408,,0.3333333333333333,730
E09409,0.08333333333333333,0.3333333333333333,730
E09410,0.047619047619047616,0.6666666666666666,730
E09411,0.0,0.6666666666666666,730
E09412,0.0,0.0,730
E09413,0.0,0.0,730
E09414,0.14285714285714285,0.3333333333333333,730
E09415,0.25,0.0,730
E09416,0.0,0.0,730
E09417,0.0,0.0,730
E09418,0.0,0.0,730
E09419,0.0,0.3333333333333333,730
E09420,0.0,0.0,730
E09421,0.5,0.0,730
E09422,0.3333333333333333,0.3333333333333333,730
E09423,0.0,0.0,730
E09424,,0.0,730
E09425,0.0,0.0,730
E09426,0.0,0.0,730
E09427,,0.0,730
E09428,0.0,0.0,730
E09430,0.0,0.6666666666666666,730
E09431,0.0,0.3333333333333333,730
E09432,0.0,0.0,730
E09433,0.0,0.6666666666666666,730
E09434,0.1111111111111111,0.0,730
E09435,0.0,0.3333333333333333,730
E09436,0.125,0.6666666666666666,730
E09437,0.0,0.0,730
E09438,0.0,0.0,730
E09440,0.5,0.0,730
E09441,0.3333333333333333,0.0,730
E09442,0.0,0.0,730
E09443,,0.3333333333333333,730
E09444,0.0,0.0,365
E09445,0.0,0.6666666666666666,730
E09447,0.0,0.0,730
E09448,0.0,0.3333333333333333,730
E09449,0.0,0.0,730
E09450,0.0,0.0,442
E09451,0.0,0.3333333333333333,730
E09452,,0.0,46
E09453,0.5,0.3333333333333333,546
E09455,,0.0,730
E09456,,0.0,518
E09457,0.3333333333333333,0.0,730
E09458,0.0,0.3333333333333333,730
E09459,,0.0,730
E09460,0.0,0.3333333333333333,730
E09461,0.0,0.0,136
E09462,0.0,0.0,730
E09463,0.5,0.3333333333333333,730
E09464,0.0,0.3333333333333333,730
E09465,,0.0,730
E09466,1.0,0.3333333333333333,730
E09468,0.0,0.0,730
E09469,0.0,0.3333333333333333,730
E09470,0.0,0.3333333333333333,730
E09471,0.0,0.0,179
E09472,0.0,0.3333333333333333,730
E09474,0.125,0.3333333333333333,730
E09475,0.0,0.3333333333333333,730
E09476,0.0,0.3333333333333333,730
E09477,0.0,0.0,730
E09478,,0.0,730
E09479,0.5,0.3333333333333333,730
E09480,0.0,0.3333333333333333,730
E09481,1.0,0.0,730
E09482,0.0,0.3333333333333333,730
E09483,0.1,0.0,730
E09484,0.0,0.3333333333333333,730
E09485,0.0,0.0,730
E09487,0.3333333333333333,0.0,730
E09488,0.0,0.3333333333333333,730
E09489,0.0,0.0,730
E09490,0.0,0.0,730
E09491,0.0,0.0,730
E09492,0.0,0.0,730
E09493,,0.0,730
E09494,0.0,0.0,730
E09495,,0.0,730
E09496,0.0,0.3333333333333333,730
E09497,0.5,0.0,730
E09498,0.0,0.6666666666666666,634
E09499,0.0,0.0,730
E09500,0.14285714285714285,0.0,730
E09501,0.0,0.3333333333333333,730
E09502,0.0,0.3333333333333333,730
E09503,0.5,0.3333333333333333,730
E09504,0.0,0.0,730
E09505,0.2,0.0,730
E09506,0.3333333333333333,0.0,730
E09507,0.0,0.0,730
E09508,,0.0,215
E09509,0.0,0.3333333333333333,730
E09511,0.16666666666666666,0.0,730
E09512,0.0,0.3333333333333333,730
E09513,,0.0,730
E09514,0.5,0.0,730
E09515,,0.3333333333333333,730
E09516,0.0,0.3333333333333333,730
E09517,0.0,0.3333333333333333,730
E09519,0.3333333333333333,0.0,730
E09520,,0.0,730
E09522,0.125,0.0,730
E09523,0.0,0.0,730
E09524,0.0,0.0,730
E09526,0.0,0.0,730
E09527,0.0,0.3333333333333333,730
E09528,0.0,0.0,730
E09529,0.0,0.0,730
E09530,,0.6666666666666666,730
E09531,0.0,0.3333333333333333,730
E09532,0.0,0.0,730
E09533,0.0,0.0,730
E09534,0.0,0.3333333333333333,730
E09535,0.1111111111111111,0.0,730
E09536,0.0,0.0,730
E09537,0.0,0.0,730
E09538,0.0,0.0,730
E09539,,0.0,730
E09540,0.0,0.0,730
E09541,0.0,0.3333333333333333,730
E09542,0.0,0.0,730
E09543,0.0,0.0,730
E09544,0.3333333333333333,0.0,730
E09545,0.0,0.0,730
E09546,0.0,0.0,730
E09547,,0.0,730
E09549,0.0,0.0,730
E09550,0.0,0.0,730
E09551,0.1,0.3333333333333333,730
E09552,,0.0,730
E09553,0.0,0.0,730
E09554,0.16666666666666666,0.0,730
E09555,0.25,0.0,730
E09557,0.125,0.0,730
E09559,0.2,0.3333333333333333,730
E09560,0.0,0.0,730
E09561,,0.0,730
E09562,0.0,0.0,730
E09563,0.0,0.0,730
E09565,0.0,0.0,730
E09566,,0.3333333333333333,730
E09567,0.0,0.0,730
E09568,0.0,0.0,730
E09570,0.0,0.6666666666666666,730
E09572,0.0,0.3333333333333333,730
E09575,0.3333333333333333,1.0,730
E09576,0.125,0.3333333333333333,730
E09577,,0.0,730
E09578,0.0,0.0,730
E09579,0.0,0.0,730
E09580,0.14285714285714285,0.0,730
E09581,0.07142857142857142,0.0,730
E09582,0.0,0.6666666666666666,730
E09583,0.0,0.3333333333333333,730
E09584,0.0,0.3333333333333333,730
E09585,0.16666666666666666,0.0,730
E09587,0.0,0.0,730
E09588,0.0,0.3333333333333333,730
E09589,0.0,0.0,730
E09590,0.0,0.0,730
E09591,,0.0,730
E09592,0.3333333333333333,0.0,730
E09593,0.0,0.0,730
E09594,0.0,0.3333333333333333,730
E09595,0.2,0.0,730
E09596,0.0,0.0,730
E09597,0.25,0.0,730
E09598,0.2,0.0,730
E09600,1.0,0.0,730
E09602,0.0,0.0,730
E09603,0.0,0.0,31
E09604,0.0,0.3333333333333333,730
E09605,0.3333333333333333,0.0,730
E09606,0.0,0.0,242
E09607,,0.0,730
E09608,0.0,0.3333333333333333,730
E09610,0.0,0.3333333333333333,730
E09611,0.0,0.0,730
E09612,0.0,0.0,730
E09613,0.0,0.0,730
E09614,0.0,0.0,730
E09616,0.0,0.3333333333333333,730
E09618,0.0,0.3333333333333333,730
E09619,0.0,0.0,730
E09620,0.25,0.0,730
E09621,0.0,0.0,730
E09622,0.0,0.3333333333333333,730
E09623,,0.0,730
E09624,0.0,0.0,65
E09625,0.3333333333333333,0.3333333333333333,730
E09627,0.0,0.0,730
E09628,0.0,0.0,730
E09629,0.0,0.0,730
E09631,0.0,0.3333333333333333,730
E09632,,0.3333333333333333,730
E09633,0.0,0.0,730
E09634,1.0,0.3333333333333333,730
E09635,0.0,0.5,446
E09636,0.0,0.3333333333333333,730
E09637,,0.0,730
E09638,0.2,0.3333333333333333,730
E09639,0.3333333333333333,0.0,730
E09640,0.0,0.3333333333333333,730
E09641,0.25,0.0,730
E09642,0.3333333333333333,0.3333333333333333,730
E09643,0.0,0.0,730
E09644,1.0,0.0,730
E09645,,0.3333333333333333,730
E09646,0.0,1.0,200
E09647,0.0,0.0,730
E09648,,0.3333333333333333,730
E09650,0.2,0.3333333333333333,730
E09651,0.0,0.0,730
E09652,0.14285714285714285,0.0,730
E09653,0.0,0.0,730
E09654,0.0,0.3333333333333333,730
E09655,0.0,0.0,730
E09656,0.05,0.3333333333333333,730
E09658,0.0,0.0,730
E09659,0.09090909090909091,0.6666666666666666,730
E09660,0.0,0.3333333333333333,730
E09661,0.25,0.0,730
E09662,,0.0,730
E09664,,0.3333333333333333,730
E09665,0.0,0.0,730
E09666,0.0,0.3333333333333333,730
E09667,0.0,0.3333333333333333,730
E09668,0.0,0.0,730
E09669,,0.0,730
E09670,0.0,0.3333333333333333,730
E09671,0.0,0.0,730
E09672,,0.0,730
E09673,0.0,0.0,730
E09674,0.0,0.0,730
E09675,0.0,0.3333333333333333,730
E09676,,0.3333333333333333,730
E09677,0.5,0.0,278
E09678,0.25,0.3333333333333333,730
E09679,0.25,0.3333333333333333,730
E09680,0.0,0.0,730
E09681,0.0,0.3333333333333333,730
E09682,0.0,0.3333333333333333,730
E09683,0.0,0.0,730
E09684,0.0,0.6666666666666666,730
E09685,0.0,0.3333333333333333,730
E09686,0.0,0.0,730
E09687,,0.0,690
E09688,0.3333333333333333,0.6666666666666666,730
E09689,,0.0,501
E09691,0.0,0.0,75
E09692,0.0,0.0,730
E09693,0.0,0.3333333333333333,730
E09694,,0.0,730
E09696,0.25,0.0,730
E09697,0.0,0.0,730
E09698,0.0,0.0,730
E09699,0.0,0.3333333333333333,730
E09700,0.0,0.0,730
E09701,0.0,0.0,730
E09703,0.0,0.3333333333333333,730
E09704,0.0,0.3333333333333333,730
E09705,0.0,0.0,730
E09706,0.0,0.3333333333333333,730
E09707,0.3333333333333333,0.0,730
E09708,0.2,0.3333333333333333,730
E09709,0.0,0.0,730
E09710,0.3333333333333333,1.0,170
E09711,0.0,0.0,730
E09712,0.5,0.0,730
E09713,0.0,0.6666666666666666,730
E09714,0.0,0.0,730
E09715,0.3333333333333333,0.3333333333333333,730
E09716,0.05,0.0,730
E09717,0.0,0.0,730
E09718,0.0,0.0,730
E09719,0.2857142857142857,0.0,730
E09720,0.0,0.3333333333333333,730
E09721,0.0,0.0,730
E09722,0.2222222222222222,0.6666666666666666,730
E09724,0.0,0.0,730
E09726,,0.0,730
E09727,0.0,0.3333333333333333,730
E09728,0.0,0.0,730
E09729,0.0,0.0,730
E09730,0.0,0.0,172
E09731,0.0,0.0,730
E09732,0.0,0.0,730
E09733,0.0,0.0,730
E09734,0.0,0.3333333333333333,730
E09735,,0.0,730
E09736,0.034482758620689655,0.0,730
E09737,0.0,0.0,730
E09738,0.0,0.0,730
E09739,0.0,0.0,730
E09740,0.0,0.0,730
E09741,0.0,0.0,730
E09742,0.0,0.0,730
E09743,0.5,0.0,730
E09744,0.0,0.0,730
E09745,,0.3333333333333333,730
E09746,,0.0,730
E09747,0.1,0.0,730
E09748,,0.0,730
E09749,0.0,0.0,730
E09750,0.1,0.0,730
E09751,1.0,0.5,424
E09752,0.0,0.6666666666666666,730
E09753,0.16666666666666666,0.3333333333333333,730
E09754,0.25,0.0,730
E09755,0.0,0.0,730
E09756,0.0,0.3333333333333333,730
E09757,0.0,0.3333333333333333,730
E09758,0.16666666666666666,0.3333333333333333,730
E09759,0.0,0.0,730
E09760,0.5,0.0,81
E09761,0.0,0.0,730
E09762,0.0,0.0,730
E09763,1.0,0.3333333333333333,730
E09765,0.1111111111111111,0.0,730
E09766,,0.0,522
E09768,0.0,0.3333333333333333,730
E09769,,0.0,730
E09770,0.0,0.0,730
E09771,0.0,0.0,730
E09772,0.0,0.0,730
E09773,0.05,0.0,730
E09774,0.0,0.0,730
E09775,0.0,0.0,730
E09776,0.0,0.0,730
E09777,0.0,0.0,730
E09779,0.0,0.0,730
E09780,0.25,0.3333333333333333,730
E09781,0.0,0.0,730
E09782,0.2,0.0,730
E09785,0.0,0.0,730
E09786,0.0,0.6666666666666666,730
E09787,0.6666666666666666,0.6666666666666666,730
E09788,0.0,0.3333333333333333,730
E09790,0.0,0.0,420
E09791,,0.0,730
E09792,0.0,0.0,730
E09793,0.0,0.0,730
E09794,0.5,0.0,730
E09795,0.14285714285714285,0.0,730
E09796,,0.0,730
E09797,0.1111111111111111,0.0,730
E09798,0.0,0.0,730
E09799,0.0,0.0,730
E09800,0.0,0.0,730
E09803,0.2857142857142857,0.0,730
E09804,0.0,0.0,730
E09805,0.0,0.0,730
E09806,,0.0,730
E09807,0.1111111111111111,0.3333333333333333,730
E09808,0.0,0.0,730
E09809,0.0,0.0,59
E09810,0.0,0.3333333333333333,730
E09811,0.0,0.0,515
E09812,0.0,0.3333333333333333,730
E09813,0.5,0.3333333333333333,730
E09814,0.07142857142857142,0.3333333333333333,730
E09815,0.0,0.0,730
E09816,0.0,0.3333333333333333,730
E09817,0.0,0.0,730
E09819,0.0,0.3333333333333333,730
E09820,0.0,0.0,730
E09821,0.0,0.0,730
E09822,0.0,0.0,730
E09823,0.0,0.3333333333333333,730
E09824,0.0,0.0,730
E09825,0.0,0.0,730
E09826,0.4,0.0,730
E09827,0.16666666666666666,0.0,730
E09828,0.0,0.0,730
E09830,0.0,0.0,730
E09831,0.0,0.0,730
E09832,0.0,0.3333333333333333,730
E09833,0.0,0.0,730
E09834,0.0,0.3333333333333333,666
E09835,0.16666666666666666,0.0,730
E09836,0.0,0.0,730
E09837,0.5,0.3333333333333333,730
E09838,,0.0,730
E09839,0.0,0.0,730
E09840,0.0,0.3333333333333333,730
E09841,0.0,0.0,730
E09842,1.0,0.0,730
E09843,0.0,0.0,519
E09845,0.5,0.0,730
E09846,0.0,0.0,730
E09847,1.0,0.0,730
E09848,0.0,0.3333333333333333,730
E09849,0.5,1.0,267
E09850,0.0,0.0,730
E09851,0.0,0.0,730
E09852,,0.0,730
E09853,0.0,0.3333333333333333,730
E09854,0.0,0.3333333333333333,730
E09855,0.0,0.3333333333333333,730
E09857,,0.3333333333333333,730
E09858,0.14285714285714285,0.3333333333333333,730
E09859,0.0,0.0,730
E09860,0.0,0.0,730
E09861,0.0,0.3333333333333333,730
E09862,0.0,0.3333333333333333,730
E09864,0.0,0.3333333333333333,730
E09865,0.25,0.0,730
E09866,0.0,0.0,39
E09867,0.0,0.3333333333333333,730
E09868,0.0,0.0,730
E09869,0.0,0.3333333333333333,730
E09871,0.0,0.3333333333333333,730
E09872,0.0,0.0,730
E09874,0.16666666666666666,0.0,730
E09875,,0.0,557
E09876,0.0,0.3333333333333333,730
E09878,0.0,0.6666666666666666,730
E09879,0.0,0.0,730
E09880,0.0,0.3333333333333333,730
E09881,0.0,0.0,730
E09882,0.0,0.0,730
E09883,,0.3333333333333333,730
E09884,0.0,0.0,730
E09885,0.14285714285714285,0.0,151
E09886,0.08333333333333333,0.0,730
E09887,0.0,0.0,730
E09888,,0.0,730
E09889,0.0,0.0,730
E09890,0.3333333333333333,0.0,730
E09891,0.5,0.3333333333333333,730
E09892,0.0,0.3333333333333333,730
E09894,,0.3333333333333333,730
E09895,0.0,0.3333333333333333,730
E09896,0.0,0.0,730
E09897,0.0,0.0,487
E09898,0.0,0.0,730
E09899,,0.3333333333333333,730
E09900,0.0,0.0,730
E09902,0.0,0.0,730
E09903,,0.3333333333333333,730
E09904,0.5,0.3333333333333333,730
E09905,0.0,0.0,730
E09906,0.0,0.0,730
E09907,0.0,0.3333333333333333,730
E09909,0.0,0.3333333333333333,730
E09910,0.0,0.3333333333333333,730
E09913,0.3333333333333333,0.0,730
E09914,0.0,0.0,730
E09915,0.0,0.0,730
E09917,0.0,0.0,730
E09918,0.0,0.3333333333333333,730
E09919,0.16666666666666666,0.3333333333333333,730
E09921,,0.0,730
E09922,0.5,0.0,730
E09923,0.0,0.0,284
E09924,,0.0,277
E09925,0.0,0.0,730
E09926,,0.6666666666666666,730
E09927,,0.0,730
E09928,0.0,0.0,730
E09929,0.5,0.0,730
E09930,0.25,0.0,730
E09931,0.0,0.0,730
E09932,0.0,0.6666666666666666,730
E09933,,0.3333333333333333,730
E09934,0.0,0.3333333333333333,730
E09935,0.2,0.3333333333333333,730
E09937,0.0,0.0,730
E09938,0.1,0.3333333333333333,730
E09940,0.0,0.3333333333333333,730
E09941,0.1111111111111111,0.0,730
E09942,0.0,0.3333333333333333,730
E09943,0.3333333333333333,0.0,730
E09944,0.0,0.3333333333333333,730
E09945,0.0,0.3333333333333333,730
E09946,0.0,0.0,730
E09948,0.0,0.6666666666666666,730
E09949,,0.0,730
E09950,0.0,0.0,730
E09951,0.0,0.0,730
E09952,,0.0,730
E09953,0.0,0.0,730
E09954,0.0,0.0,730
E09955,0.0,0.3333333333333333,730
E09956,0.0,0.0,730
E09957,0.0,0.0,730
E09958,0.0,0.3333333333333333,730
E09959,0.1,0.0,730
E09961,0.0,0.0,730
E09962,0.0,0.0,730
E09963,0.0,0.3333333333333333,730
E09964,0.13333333333333333,0.0,730
E09965,0.2222222222222222,0.3333333333333333,730
E09966,0.0,0.0,730
E09967,0.5,0.0,585
E09968,0.0,0.3333333333333333,730
E09969,,0.3333333333333333,730
E09970,0.0,0.0,730
E09971,,0.0,730
E09972,,0.0,730
E09974,0.0,0.0,235
E09975,0.2,0.0,730
E09977,0.0,0.0,730
E09978,0.0,0.3333333333333333,730
E09979,,0.0,95
E09980,0.0,0.0,730
E09981,0.1,0.3333333333333333,730
E09982,0.0,0.3333333333333333,730
E09983,0.0,0.6666666666666666,730
E09984,,0.6666666666666666,730
E09985,0.0,0.0,730
E09986,0.0,0.0,730
E09987,0.0,0.3333333333333333,730
E09988,0.0,0.3333333333333333,730
E09989,0.0,0.0,730
E09990,0.0,0.3333333333333333,730
E09991,0.0,0.0,730
E09993,,0.0,730
E09994,0.0,0.3333333333333333,730
E09995,0.0,0.0,730
E09996,0.0,0.0,730
E09997,0.0,0.0,730
E09998,0.0,0.0,730
E09999,0.0,0.0,730
E10000,0.0,0.0,730
E10001,0.125,0.0,730
E10002,0.1,0.3333333333333333,730
E10004,0.0,0.0,730
E10005,,0.0,730
E10006,0.1111111111111111,0.0,730
E10007,0.25,0.3333333333333333,730
E10008,0.0,0.0,730
E10009,0.034482758620689655,0.0,730
E10010,,0.0,601
E10011,0.0,0.0,730
E10012,0.0,0.0,730
E10013,0.0,0.0,730
E10014,0.0,0.0,730
E10015,0.0,0.0,730
E10016,0.2,0.0,730
E10017,0.0,0.3333333333333333,730
E10019,0.0,0.6666666666666666,730
E10020,0.0,0.0,730
E10021,0.0,0.3333333333333333,730
E10022,0.0,0.3333333333333333,730
E10023,0.1,0.3333333333333333,730
E10024,0.0,0.3333333333333333,730
E10025,0.0,0.6666666666666666,730
E10026,,0.0,730
E10027,0.0,1.0,455
E10028,0.06666666666666667,0.0,730
E10031,,0.5,424
E10032,0.3333333333333333,0.0,730
E10035,0.14285714285714285,0.0,730
E10036,0.16666666666666666,0.3333333333333333,730
E10037,0.0,0.3333333333333333,730
E10038,0.0,0.0,730
E10039,,0.3333333333333333,730
E10040,0.25,0.3333333333333333,730
E10041,0.2,0.0,730
E10042,0.0,0.0,730
E10045,0.0,0.0,730
E10046,,0.0,730
E10047,0.0,0.0,730
E10048,0.0,0.3333333333333333,730
E10049,0.0,0.0,730
E10050,0.0,0.3333333333333333,730
E10051,0.0,0.3333333333333333,730
E10052,0.0,0.3333333333333333,730
E10053,0.034482758620689655,0.0,730
E10054,0.0,0.0,730
E10055,0.0,0.0,730
E10056,0.0,0.3333333333333333,730
E10057,0.0,0.3333333333333333,730
E10058,0.25,0.0,730
E10059,0.0,0.3333333333333333,730
E10060,0.0,0.3333333333333333,730
E10061,0.0,1.0,364
E10063,0.25,0.6666666666666666,730
E10064,0.0,0.0,730
E10065,0.0,0.6666666666666666,730
E10066,0.0,0.3333333333333333,730
E10067,0.0,0.3333333333333333,730
E10068,0.0,0.3333333333333333,730
E10069,0.125,0.0,730
E10070,0.0,0.3333333333333333,730
E10071,0.0,0.3333333333333333,730
E10072,0.2,0.0,211
E10073,0.034482758620689655,0.3333333333333333,730
E10074,0.0,0.0,730
E10075,0.0,0.0,730
E10076,0.0,0.0,396
E10077,0.0,0.0,165
E10078,0.0,0.0,730
E10079,0.0,0.3333333333333333,730
E10080,0.3333333333333333,0.5,326
E10081,0.3333333333333333,0.0,730
E10082,0.0,0.0,730
E10083,0.0,0.0,730
E10084,0.3333333333333333,0.0,730
E10085,0.4,0.0,730
E10086,0.0,0.3333333333333333,730
E10087,0.0,0.0,730
E10088,0.25,0.0,730
E10089,0.0,0.0,730
E10090,0.0,0.3333333333333333,730
E10092,,0.3333333333333333,730
E10093,0.14285714285714285,0.3333333333333333,730
E10094,0.0,0.3333333333333333,730
E10095,,0.3333333333333333,730
E10097,0.0,0.0,730
E10098,0.25,0.3333333333333333,730
E10100,0.0,0.3333333333333333,730
E10101,0.0,0.6666666666666666,730
E10102,0.0,0.0,730
E10103,0.3333333333333333,0.6666666666666666,730
E10104,0.0,0.3333333333333333,730
E10105,0.0,0.3333333333333333,730
E10106,0.0,0.0,730
E10107,0.0,0.0,730
E10108,0.2,0.3333333333333333,730
E10109,,0.0,730
E10110,0.0,0.0,730
E10112,0.0,0.0,730
E10114,0.0,0.3333333333333333,730
E10115,0.0,0.0,730
E10116,1.0,0.0,730
E10117,0.0,0.3333333333333333,730
E10118,0.25,0.0,730
E10121,0.0,0.0,730
E10122,0.0,0.3333333333333333,730
E10123,0.0,0.0,730
E10125,0.0,0.3333333333333333,730
E10126,,0.0,730
E10127,0.0,0.0,648
E10128,0.0,0.0,730
E10129,0.3333333333333333,0.0,730
E10130,,0.0,207
E10131,0.0,0.0,730
E10132,0.0,0.0,730
E10133,0.2857142857142857,0.0,730
E10134,0.0,0.0,730
E10135,0.05,0.3333333333333333,730
E10136,0.0,0.0,730
E10137,0.1111111111111111,0.3333333333333333,730
E10138,0.0,0.3333333333333333,670
E10139,0.0,0.0,730
E10140,0.16666666666666666,0.0,730
E10141,0.0,0.0,730
E10142,0.0,0.0,730
E10143,0.0,0.0,730
E10144,0.0,0.3333333333333333,730
E10145,0.0,0.0,730
E10146,0.5,0.0,730
E10147,0.16666666666666666,0.0,730
E10148,0.5,0.6666666666666666,730
E10149,0.0,0.0,730
E10150,0.0,0.0,130
E10151,0.0,0.3333333333333333,730
E10152,0.0,0.0,730
E10153,0.0,0.0,730
E10154,0.3333333333333333,0.0,730
E10155,,0.0,730
E10156,0.0,0.0,730
E10159,,0.0,551
E10160,0.0,0.0,730
E10161,,0.0,730
E10162,0.25,0.3333333333333333,730
E10163,0.5,0.3333333333333333,730
E10164,0.0,0.0,459
E10165,0.0,0.0,730
E10166,0.0,0.0,730
E10167,0.25,0.0,284
E10168,0.0,0.0,730
E10169,0.0,0.0,730
E10170,,0.3333333333333333,730
E10171,0.0,0.0,302
E10172,,0.0,730
E10173,0.0,0.0,305
E10174,0.5,0.3333333333333333,730
E10175,0.5,0.3333333333333333,730
E10176,0.0,0.3333333333333333,730
E10177,0.0,0.0,730
E10178,0.0,0.0,730
E10180,0.0,0.0,730
E10181,0.0,0.0,98
E10182,0.0,0.6666666666666666,730
E10183,0.0,0.0,730
E10184,0.0,0.0,730
E10185,,0.0,730
E10186,0.2,0.3333333333333333,730
E10187,0.0,0.0,730
E10188,0.0,0.6666666666666666,698
E10189,0.16666666666666666,0.0,730
E10191,0.05263157894736842,0.6666666666666666,730
E10192,0.0,0.0,730
E10193,0.5,0.0,730
E10194,0.0,0.0,730
E10195,1.0,0.0,333
E10196,,0.3333333333333333,730
E10197,0.0,0.3333333333333333,585
E10198,0.0,0.3333333333333333,730
E10199,0.2,0.3333333333333333,730
E10200,0.0,0.0,730
E10201,0.0,0.0,730
E10202,0.0,0.0,730
E10203,0.0,0.0,730
E10204,0.14285714285714285,0.3333333333333333,730
E10207,,0.0,730
E10209,0.0,0.6666666666666666,730
E10210,0.0,0.0,730
E10211,0.0,0.0,730
E10212,0.0,0.3333333333333333,730
E10213,0.0,0.0,730
E10214,,0.0,730
E10215,0.0,0.3333333333333333,730
E10216,0.125,0.0,730
E10218,0.0,0.3333333333333333,730
E10219,0.5,0.5,472
E10220,,0.0,730
E10221,0.1111111111111111,0.0,382
E10222,0.0,0.0,730
E10223,0.0,0.3333333333333333,730
E10225,0.0,0.0,730
E10226,0.3333333333333333,0.0,730
E10227,0.0,0.0,730
E10230,0.0,0.0,730
E10231,0.14285714285714285,0.0,730
E10232,,0.3333333333333333,730
E10233,0.0,0.3333333333333333,730
E10234,0.0,0.0,730
E10235,0.0,0.3333333333333333,730
E10237,0.15384615384615385,0.3333333333333333,730
E10238,,0.0,730
E10239,0.125,0.0,286
E10240,0.0,0.0,730
E10241,0.0,0.0,228
E10242,0.125,0.3333333333333333,730
E10243,0.0,0.0,730
E10244,0.14285714285714285,0.0,730
E10246,0.0,0.0,312
E10247,0.0,0.0,730
E10248,0.0,0.0,730
E10249,0.0,0.0,730
E10250,0.0,0.3333333333333333,730
E10251,0.0,0.0,730
E10252,0.0,0.0,730
E10253,0.3333333333333333,0.3333333333333333,730
E10254,0.0,0.0,730
E10255,0.09090909090909091,0.0,730
E10256,0.16666666666666666,0.3333333333333333,730
E10257,0.0,0.3333333333333333,730
E10258,0.0,0.3333333333333333,730
E10259,0.0,0.3333333333333333,730
E10260,0.14285714285714285,0.0,730
E10261,0.2857142857142857,0.0,730
E10262,0.0,0.0,730
E10263,,0.0,730
E10264,0.0,0.0,730
E10265,0.0,1.0,120
E10266,0.11764705882352941,0.0,730
E10267,0.0,0.0,505
E10268,0.0,0.3333333333333333,730
E10269,0.0,0.6666666666666666,730
E10270,,0.0,730
E10271,0.0,0.3333333333333333,730
E10272,0.0,0.0,730
E10273,,0.6666666666666666,730
E10274,0.0,0.0,579
E10276,0.0,0.0,730
E10278,0.0,0.0,730
E10279,0.0,0.3333333333333333,730
E10280,0.0,0.0,730
E10281,,0.0,368
E10282,0.0,0.3333333333333333,730
E10283,,0.3333333333333333,730
E10284,0.0,0.3333333333333333,730
E10285,,0.3333333333333333,730
E10286,0.0,0.0,730
E10288,0.3333333333333333,0.0,730
E10289,0.0,0.0,730
E10290,0.0,0.3333333333333333,730
E10291,0.25,0.0,730
E10292,0.0,0.6666666666666666,730
E10294,0.16666666666666666,0.3333333333333333,730
E10295,,0.3333333333333333,730
E10296,0.0,0.0,730
E10297,0.0,0.3333333333333333,730
E10298,0.0,0.0,730
E10299,,0.0,431
E10300,0.0,0.0,730
E10302,0.0,0.6666666666666666,730
E10303,0.0,0.0,730
E10305,0.0,0.3333333333333333,730
E10306,0.0,0.0,151
E10307,0.0,0.0,730
E10308,0.0,0.0,730
E10309,0.09090909090909091,0.0,730
E10310,0.0,0.3333333333333333,730
E10311,0.0,0.0,730
E10312,0.0,0.3333333333333333,730
E10313,0.0,0.6666666666666666,730
E10314,0.0,0.0,730
E10315,0.0,0.3333333333333333,730
E10316,,0.3333333333333333,730
E10317,0.11764705882352941,0.0,730
E10318,,0.0,730
E10319,0.0,0.0,730
E10320,0.0,0.3333333333333333,730
E10321,0.0,0.0,730
E10322,0.0,0.3333333333333333,730
E10323,0.0,0.0,730
E10324,0.0,0.3333333333333333,730
E10325,0.0,0.3333333333333333,730
E10326,0.0,0.3333333333333333,730
E10327,0.0,0.3333333333333333,730
E10328,0.0,0.0,730
E10329,0.09090909090909091,0.3333333333333333,730
E10330,0.3333333333333333,0.3333333333333333,730
E10331,0.0,0.6666666666666666,730
E10332,0.4,0.3333333333333333,730
E10333,0.125,0.3333333333333333,730
E10334,0.0,0.0,730
E10335,0.0,0.0,730
E10337,0.25,0.3333333333333333,730
E10338,0.0,0.5,426
E10340,0.0,0.6666666666666666,730
E10341,0.0,0.0,730
E10342,0.0,0.0,730
E10345,0.3333333333333333,0.0,730
E10347,0.2,0.0,730
E10348,0.0,0.0,730
E10349,0.5,0.0,730
E10352,0.0,0.0,730
E10353,,0.3333333333333333,512
E10354,0.2857142857142857,0.3333333333333333,730
E10356,0.14285714285714285,0.3333333333333333,730
E10357,0.0,0.0,730
E10358,,0.0,730
E10360,0.25,0.3333333333333333,730
E10361,0.14285714285714285,0.3333333333333333,730
E10362,0.0,0.0,730
E10363,0.06666666666666667,0.0,730
E10364,0.0,0.0,730
E10365,,0.0,730
E10366,0.0,0.0,730
E10367,0.0,0.0,730
E10368,0.0,0.3333333333333333,730
E10369,0.0,0.3333333333333333,730
E10370,0.0,0.0,730
E10371,0.0,0.0,730
E10372,0.0,0.3333333333333333,730
E10373,0.5,0.0,638
E10374,0.0,0.0,730
E10375,0.0,0.0,730
E10376,0.3333333333333333,0.3333333333333333,730
E10377,0.07692307692307693,0.0,730
E10378,0.5,0.0,730
E10379,0.0,0.3333333333333333,730
E10380,0.0,0.0,730
E10381,,0.3333333333333333,730
E10382,,0.0,730
E10383,0.0,0.3333333333333333,730
E10384,0.0,0.0,730
E10385,0.0,0.0,730
E10386,0.0,0.3333333333333333,730
E10387,0.3333333333333333,0.0,249
E10388,0.0,0.0,730
E10389,0.0,0.6666666666666666,730
E10390,0.0,0.0,730
E10391,0.0,0.3333333333333333,730
E10392,0.0,0.0,730
E10393,0.0,0.0,730
E10394,0.0,0.0,339
E10395,0.3333333333333333,0.0,730
E10396,0.0,0.3333333333333333,730
E10397,0.0,0.0,730
E10398,0.3333333333333333,0.0,730
E10399,0.0,0.0,730
E10400,0.0,0.3333333333333333,730
E10401,0.0,0.0,730
E10403,0.0,0.3333333333333333,730
E10404,0.0,0.0,730
E10405,0.0,0.0,730
E10406,0.0,0.3333333333333333,730
E10407,0.0,0.3333333333333333,730
E10408,0.0,0.0,730
E10409,0.0,0.0,730
E10410,,0.0,730
E10411,0.14285714285714285,0.3333333333333333,730
E10412,0.0,0.0,730
E10413,,0.6666666666666666,730
E10414,0.0,0.0,730
E10415,1.0,0.0,730
E10416,0.0,0.3333333333333333,730
E10417,0.14285714285714285,0.3333333333333333,730
E10418,0.0,0.3333333333333333,730
E10419,0.5,0.3333333333333333,730
E10420,0.0,0.0,730
E10421,0.0,0.3333333333333333,730
E10422,0.0,0.3333333333333333,730
E10423,0.14285714285714285,0.0,730
E10424,0.0,0.0,730
E10425,0.0,0.3333333333333333,730
E10426,,0.0,730
E10427,0.0,0.0,730
E10428,0.2222222222222222,0.0,730
E10429,0.0,0.0,730
E10430,0.18181818181818182,0.0,730
E10431,1.0,0.0,730
E10432,0.0,0.0,730
E10434,0.0,0.0,730
E10435,0.0,0.0,645
E10436,,0.3333333333333333,730
E10437,0.0,0.3333333333333333,730
E10438,,0.0,730
E10439,,0.0,730
E10440,0.5,0.0,282
E10441,0.0,0.0,730
E10442,0.0,0.0,730
E10443,0.0,0.0,730
E10444,0.0,0.0,730
E10445,0.027777777777777776,0.3333333333333333,730
E10446,0.0,0.6666666666666666,730
E10447,0.0,0.3333333333333333,730
E10448,0.0,0.0,730
E10449,0.0,0.0,730
E10450,0.0,0.3333333333333333,730
E10451,0.0,0.6666666666666666,730
E10452,,0.3333333333333333,501
E10453,0.0,0.0,730
E10454,,0.0,179
E10455,0.0,0.5,396
E10456,0.0,0.0,697
E10457,0.14285714285714285,0.3333333333333333,730
E10458,0.18181818181818182,0.0,730
E10459,0.0,0.3333333333333333,730
E10461,0.0,0.0,730
E10462,1.0,0.0,730
E10463,0.0,0.0,730
E10464,0.0,0.3333333333333333,730
E10465,0.0,0.3333333333333333,730
E10466,,0.3333333333333333,730
E10467,0.0,0.0,730
E10468,1.0,0.3333333333333333,730
E10469,,0.0,730
E10470,0.0,0.0,730
E10471,0.0,0.3333333333333333,730
E10472,0.0,0.0,730
E10473,0.0,0.3333333333333333,730
E10474,0.0,0.0,347
E10475,0.0,0.3333333333333333,730
E10476,0.1111111111111111,0.0,730
E10477,1.0,0.0,730
E10478,,0.3333333333333333,730
E10479,0.25,0.3333333333333333,730
E10480,0.0,0.0,730
E10481,0.0,0.3333333333333333,730
E10483,0.5,0.3333333333333333,730
E10485,,0.0,730
E10486,0.0,0.0,730
E10487,0.0,0.3333333333333333,730
E10488,0.1111111111111111,0.3333333333333333,730
E10489,0.0,0.0,730
E10490,0.0,0.0,730
E10491,0.0,0.0,648
E10492,0.5,0.0,730
E10493,0.0,0.3333333333333333,730
E10494,0.0,0.0,730
E10495,0.0,0.3333333333333333,730
E10496,0.0,0.0,730
E10497,0.08333333333333333,0.0,730
E10498,0.0,0.0,730
E10499,0.0,0.0,730
E10500,0.0,0.3333333333333333,730
E10501,0.2,0.0,730
E10502,0.0,0.3333333333333333,730
E10503,1.0,0.0,730
E10504,0.0,0.0,730
E10505,,0.0,730
E10506,0.0,0.3333333333333333,730
E10507,0.0,0.0,469
E10508,0.125,0.0,730
E10509,0.0,0.0,730
E10510,0.2,0.0,730
E10511,0.0,0.0,730
E10512,0.0,0.0,730
E10513,0.0,0.0,730
E10514,,0.0,730
E10515,0.0,0.0,730
E10516,0.0,0.3333333333333333,730
E10517,0.0,0.0,730
E10518,0.0,0.3333333333333333,730
E10519,0.3333333333333333,0.0,730
E10520,0.0,0.3333333333333333,730
E10521,0.25,0.0,730
E10522,0.0,0.0,730
E10523,,0.0,730
E10524,1.0,0.0,730
E10525,0.0,0.3333333333333333,730
E10526,0.0,0.3333333333333333,730
E10527,0.0,0.0,730
E10528,,0.0,730
E10530,0.08333333333333333,0.3333333333333333,730
E10531,0.0,0.0,730
E10533,1.0,0.0,627
E10534,0.0,0.0,730
E10535,0.0,0.3333333333333333,730
E10536,0.3333333333333333,0.0,730
E10537,0.0,0.3333333333333333,730
E10538,0.2,0.0,730
E10539,0.0,0.6666666666666666,730
E10540,,0.3333333333333333,730
E10541,0.5,0.0,730
E10542,0.0,0.0,730
E10543,0.0,0.3333333333333333,730
E10544,0.0,0.3333333333333333,730
E10545,0.2857142857142857,0.3333333333333333,730
E10546,0.0,0.0,730
E10547,0.0,0.3333333333333333,730
E10548,0.0,0.0,730
E10550,0.0,0.3333333333333333,730
E10551,0.0,0.0,730
E10552,0.5,0.0,375
E10553,0.0,0.0,730
E10554,0.5,0.0,730
E10555,0.0,0.0,730
E10556,0.0,0.6666666666666666,730
E10557,0.0,1.0,730
E10558,0.0,0.0,730
E10559,0.0,0.0,730
E10560,0.0,0.0,730
E10562,0.5,0.0,281
E10563,0.0,0.0,730
E10564,0.0,0.0,730
E10566,0.5,0.3333333333333333,730
E10567,0.0,0.0,730
E10568,0.5,0.0,730
E10569,0.0,0.3333333333333333,730
E10570,0.0,0.6666666666666666,730
E10571,0.0,0.0,730
E10572,0.0,0.0,730
E10573,0.25,0.0,730
E10574,0.0,0.3333333333333333,730
E10575,0.0,0.0,730
E10576,0.0,0.0,730
E10577,0.06666666666666667,0.0,730
E10579,0.0,0.0,730
E10580,,0.0,730
E10581,0.0,0.0,730
E10583,0.0,0.0,730
E10584,0.3333333333333333,0.0,406
E10585,0.0,0.0,730
E10586,0.5,0.0,730
E10587,0.25,0.3333333333333333,730
E10588,0.3333333333333333,0.0,730
E10589,0.5,0.6666666666666666,730
E10590,0.0,0.3333333333333333,730
E10591,0.0,0.0,730
E10593,0.0,0.0,730
E10594,0.0,0.3333333333333333,730
E10595,0.0,0.0,730
E10596,0.14285714285714285,0.0,730
E10598,0.0,0.0,730
E10599,0.0,0.3333333333333333,730
E10600,0.0,0.3333333333333333,730
E10601,,0.0,730
E10602,0.0,0.0,730
E10603,0.0,0.0,303
E10604,0.0,0.0,730
E10605,0.0,0.0,427
E10606,0.05263157894736842,0.3333333333333333,730
E10608,0.0,0.3333333333333333,730
E10609,0.0,0.0,730
E10610,0.0,0.0,730
E10611,0.0,0.0,730
E10612,0.0,0.3333333333333333,730
E10613,,0.0,730
E10614,0.07142857142857142,0.3333333333333333,730
E10616,0.5,0.3333333333333333,730
E10617,0.0,0.3333333333333333,730
E10618,0.0,0.0,730
E10619,0.0,0.0,669
E10620,,0.6666666666666666,730
E10621,0.0,0.0,730
E10622,0.2222222222222222,0.0,730
E10624,,0.0,730
E10625,0.25,0.0,730
E10626,0.1111111111111111,0.0,730
E10627,0.0,0.0,730
E10628,,0.0,730
E10629,0.5,0.3333333333333333,730
E10630,,0.0,730
E10631,0.0,0.0,730
E10632,0.25,0.0,730
E10633,0.25,0.3333333333333333,730
E10634,0.0,0.0,730
E10635,0.0,0.3333333333333333,730
E10636,0.0,0.0,730
E10637,0.0,0.0,730
E10638,0.0,0.0,730
E10639,0.047619047619047616,0.3333333333333333,730
E10640,0.5,0.0,730
E10641,0.0,0.0,730
E10642,0.08333333333333333,0.0,730
E10643,0.0,0.3333333333333333,730
E10644,0.3333333333333333,0.0,730
E10645,0.0,0.3333333333333333,730
E10646,0.2,0.0,730
E10648,1.0,0.0,730
E10649,0.0,0.0,730
E10650,,0.0,730
E10651,0.0,0.0,730
E10652,0.0,0.0,730
E10653,0.0,0.6666666666666666,730
E10654,0.0,0.0,730
E10655,0.0,0.6666666666666666,730
E10656,0.5,0.0,730
E10657,0.0,0.0,730
E10658,0.0,0.3333333333333333,730
E10659,0.0,0.0,730
E10660,0.0,0.0,730
E10661,0.0,0.0,212
E10662,0.09090909090909091,0.0,730
E10663,0.0,0.0,39
E10665,0.0,0.0,226
E10666,,0.0,498
E10667,0.25,0.0,730
E10668,0.0,0.0,730
E10669,0.2,0.3333333333333333,730
E10670,0.0,0.6666666666666666,730
E10671,0.0,0.0,730
E10672,0.0,0.3333333333333333,730
E10673,0.0,0.3333333333333333,730
E10674,,0.0,730
E10675,,0.0,730
E10676,0.0,0.0,730
E10677,0.0,0.3333333333333333,730
E10678,,0.3333333333333333,730
E10679,0.0,0.0,730
E10680,0.125,0.3333333333333333,730
E10681,,0.0,730
E10682,0.0,0.3333333333333333,730
E10683,,0.0,730
E10684,0.0,0.3333333333333333,730
E10685,0.0,0.0,730
E10686,1.0,0.0,730
E10687,0.3333333333333333,0.3333333333333333,730
E10688,0.0,0.0,730
E10689,0.1111111111111111,0.0,730
E10690,0.0,0.3333333333333333,730
E10691,0.0,0.0,577
E10692,0.0,0.0,730
E10693,0.0,0.6666666666666666,730
E10694,0.14285714285714285,0.0,730
E10695,0.0,0.3333333333333333,730
E10696,0.0,0.6666666666666666,730
E10697,0.0,0.0,730
E10698,0.25,0.3333333333333333,730
E10700,0.11764705882352941,0.0,730
E10701,0.0,0.0,730
E10702,0.3333333333333333,0.0,730
E10703,0.125,0.0,730
E10704,,0.0,730
E10705,0.0,0.0,267
E10706,0.0,0.0,730
E10707,0.0,0.0,730
E10708,0.2,0.3333333333333333,730
E10709,0.14285714285714285,0.3333333333333333,730
E10710,0.0,0.3333333333333333,730
E10711,0.0,0.3333333333333333,730
E10712,0.3333333333333333,0.0,730
E10713,0.16666666666666666,0.0,730
E10715,,0.0,730
E10717,0.0,0.0,730
E10718,0.0,0.3333333333333333,730
E10719,1.0,0.0,730
E10720,0.0,0.0,730
E10721,0.0,0.0,730
E10723,0.0,0.0,730
E10724,0.0,0.0,730
E10725,,0.0,730
E10726,0.1111111111111111,0.0,730
E10727,0.1111111111111111,0.0,730
E10728,0.0,0.0,730
E10729,0.2,0.0,730
E10730,0.0,0.0,730
E10731,0.0,0.0,730
E10732,0.0,0.0,730
E10733,0.0,0.0,730
E10734,0.5,0.0,730
E10735,0.1,0.3333333333333333,730
E10736,0.3333333333333333,0.0,730
E10737,,0.3333333333333333,730
E10738,0.0,0.0,730
E10739,0.0,0.6666666666666666,730
E10740,0.0,0.0,730
E10741,0.05263157894736842,0.3333333333333333,730
E10742,0.0,0.0,730
E10743,0.0,0.0,730
E10744,0.0,0.3333333333333333,730
E10745,0.0,0.0,730
E10746,0.0,0.0,730
E10748,0.0,0.0,212
E10749,0.0,0.3333333333333333,730
E10750,0.0,0.3333333333333333,730
E10751,0.5,0.0,730
E10752,0.14285714285714285,0.0,730
E10753,0.0,0.0,549
E10756,0.0,0.3333333333333333,730
E10757,0.3333333333333333,0.6666666666666666,730
E10758,0.0,0.0,730
E10759,0.3333333333333333,0.3333333333333333,730
E10760,0.0,1.0,275
E10761,0.0,0.3333333333333333,730
E10762,0.0,0.0,730
E10763,0.0,0.0,730
E10764,0.5,0.0,730
E10765,0.0,0.0,507
E10766,0.0,0.0,730
E10767,0.0,0.3333333333333333,730
E10768,,0.0,730
E10769,0.2,0.6666666666666666,730
E10770,0.0,0.3333333333333333,730
E10772,,0.6666666666666666,730
E10773,0.0,0.3333333333333333,730
E10774,,0.0,242
E10775,0.0,0.3333333333333333,730
E10776,0.14285714285714285,0.0,730
E10777,0.0,0.0,730
E10779,,0.0,730
E10780,0.0,0.3333333333333333,730
E10781,0.0,0.0,730
E10783,0.0,0.0,730
E10786,0.0,0.0,730
E10787,0.0,0.0,730
E10788,0.0,0.6666666666666666,730
E10789,1.0,0.0,730
E10790,0.3333333333333333,0.0,730
E10791,0.0,0.0,403
E10792,0.0,0.0,730
E10793,0.0,0.3333333333333333,730
E10794,0.0,0.3333333333333333,730
E10795,0.14285714285714285,0.0,730
E10796,0.2,0.0,730
E10797,,0.0,730
E10798,0.0,0.0,730
E10799,0.0,0.0,730
E10800,0.05,0.0,730
E10803,0.3333333333333333,0.0,730
E10804,0.0,0.3333333333333333,730
E10805,0.0,0.3333333333333333,730
E10806,0.0,0.0,730
E10807,0.0,0.3333333333333333,730
E10808,0.0,0.3333333333333333,730
E10809,0.1111111111111111,0.3333333333333333,730
E10810,0.0,0.6666666666666666,730
E10811,0.0,0.0,730
E10814,0.0,0.3333333333333333,730
E10815,0.0,0.0,730
E10816,0.0,0.0,730
E10818,,0.0,730
E10819,0.0,0.0,730
E10820,0.0,0.0,730
E10821,0.0,0.3333333333333333,730
E10822,0.0,0.3333333333333333,730
E10823,0.5,0.0,730
E10824,,0.0,730
E10825,0.0,1.0,221
E10826,0.0,0.0,730
E10827,,1.0,340
E10828,0.0,0.3333333333333333,730
E10829,0.0,0.0,730
E10830,0.0,0.0,730
E10831,0.0,0.0,730
E10833,,0.0,730
E10834,0.0,0.0,730
E10835,0.0,0.3333333333333333,730
E10836,0.14285714285714285,0.0,730
E10837,,0.3333333333333333,730
E10839,0.0,0.0,730
E10841,0.0,0.3333333333333333,730
E10842,0.0,0.0,179
E10843,0.14285714285714285,0.3333333333333333,730
E10844,0.16666666666666666,0.0,730
E10845,0.0,0.3333333333333333,730
E10847,0.0,0.6666666666666666,730
E10848,,0.3333333333333333,730
E10849,,0.3333333333333333,730
E10850,0.0,0.0,730
E10852,0.14285714285714285,0.0,730
E10854,0.5,0.3333333333333333,730
E10855,0.0,0.0,730
E10856,0.5,0.0,730
E10857,0.15384615384615385,0.0,730
E10858,0.0,0.3333333333333333,730
E10859,0.0,0.3333333333333333,730
E10860,0.5,0.3333333333333333,730
E10861,0.0,0.0,730
E10862,0.0,0.0,730
E10863,0.15384615384615385,0.6666666666666666,730
E10864,0.0,0.0,730
E10865,0.0,0.0,730
E10866,0.0,0.3333333333333333,730
E10867,0.0,0.0,730
E10868,0.0,0.0,730
E10869,0.0,0.3333333333333333,579
E10870,0.2222222222222222,0.3333333333333333,730
E10871,0.0,0.0,730
E10872,0.0,0.3333333333333333,730
E10873,0.0,0.0,730
E10874,0.0,0.0,730
E10875,0.15384615384615385,0.0,730
E10876,0.0,0.3333333333333333,730
E10877,0.0,0.0,730
E10878,0.0,0.0,730
E10879,,0.0,730
E10880,0.0,0.0,730
E10882,0.125,0.0,730
E10883,0.0,0.0,730
E10884,0.0,0.0,730
E10885,0.0,0.0,730
E10886,0.3333333333333333,0.3333333333333333,730
E10887,0.0,0.3333333333333333,730
E10888,0.0,0.0,730
E10889,0.0,0.3333333333333333,730
E10890,0.0,0.3333333333333333,730
E10891,0.09090909090909091,0.0,730
E10892,0.0,0.0,730
E10894,0.0,0.0,485
E10895,0.0,0.0,730
E10896,0.25,0.0,730
E10897,,0.6666666666666666,730
E10898,0.0,0.0,730
E10899,0.0,0.0,730
E10900,0.0,0.0,730
E10901,0.0,0.0,730
E10902,0.0,0.3333333333333333,730
E10903,0.0,0.0,730
E10904,0.0,0.0,730
E10905,0.0,1.0,309
E10906,0.2,0.3333333333333333,730
E10907,0.05,0.0,730
E10909,0.25,0.0,730
E10910,0.0,0.0,120
E10911,0.0,0.3333333333333333,730
E10912,,0.0,730
E10913,0.125,0.3333333333333333,730
E10914,0.0,1.0,730
E10915,,0.0,730
E10916,,0.3333333333333333,730
E10917,0.0,0.0,730
E10918,0.0,0.0,730
E10919,0.0,0.0,730
E10920,0.0,0.0,270
E10921,0.0,0.0,730
E10922,0.0,0.0,515
E10923,0.14285714285714285,0.0,730
E10925,0.0,0.3333333333333333,730
E10928,0.11764705882352941,0.3333333333333333,730
E10929,,0.0,730
E10930,0.0,0.0,730
E10931,0.0,0.3333333333333333,730
E10933,1.0,0.0,424
E10934,0.0,0.0,730
E10935,0.0,0.0,730
E10936,0.1111111111111111,0.6666666666666666,730
E10937,0.0,0.0,730
E10938,1.0,0.0,730
E10939,0.0,0.0,730
E10940,0.0,0.0,246
E10941,0.0,0.0,730
E10942,0.0,0.0,730
E10943,0.05,0.6666666666666666,730
E10944,0.0,0.0,730
E10946,0.5,0.0,730
E10947,1.0,0.0,638
E10948,0.0,0.6666666666666666,730
E10949,0.0,0.0,730
E10950,0.1111111111111111,0.3333333333333333,730
E10954,0.0,0.3333333333333333,730
E10955,0.0,0.3333333333333333,730
E10957,0.2,0.3333333333333333,730
E10958,0.0,0.0,730
E10960,0.0,0.0,730
E10961,0.0,0.0,730
E10962,1.0,0.0,730
E10963,0.0,0.0,730
E10964,0.0,0.3333333333333333,730
E10965,0.0,0.0,730
E10966,,0.0,730
E10967,0.0,0.0,730
E10968,0.0,0.0,730
E10969,0.14285714285714285,0.3333333333333333,730
E10970,0.0,0.0,730
E10972,0.0,0.0,277
E10973,0.0,0.3333333333333333,730
E10974,0.0,0.0,730
E10975,1.0,0.0,730
E10976,,1.0,251
E10977,0.0,0.0,730
E10978,0.0,0.0,730
E10979,0.0,0.0,730
E10980,0.0,0.0,730
E10981,0.0,0.0,730
E10983,0.0,0.0,730
E10984,0.0,0.3333333333333333,730
E10985,0.0,0.6666666666666666,730
E10986,0.08333333333333333,0.0,730
E10987,0.3333333333333333,0.6666666666666666,730
E10988,0.0,0.0,730
E10989,0.0,0.6666666666666666,730
E10990,0.0,0.0,242
E10991,0.0,0.0,730
E10992,0.0,0.0,730
E10993,0.0,0.3333333333333333,730
E10994,,0.0,730
E10995,0.0,1.0,304
E10996,,0.3333333333333333,730
E10997,,0.0,730
E10998,0.0,0.3333333333333333,730
E10999,0.6666666666666666,0.0,730
E11000,0.09090909090909091,0.0,730
E11001,0.0,0.6666666666666666,730
E11002,0.0,0.3333333333333333,730
E11003,0.0,0.0,730
E11004,0.0,0.0,730
E11005,0.25,0.6666666666666666,730
E11006,0.0,0.3333333333333333,730
E11008,,0.0,730
E11009,0.2,0.0,730
E11010,,0.0,730
E11011,0.25,0.3333333333333333,730
E11014,0.5,0.0,730
E11015,0.14285714285714285,0.0,730
E11016,0.2,0.3333333333333333,730
E11017,,0.0,730
E11019,0.0,0.3333333333333333,730
E11020,0.0,0.3333333333333333,730
E11021,0.6666666666666666,0.0,730
E11022,0.0,0.3333333333333333,730
E11023,0.0,0.3333333333333333,730
E11024,0.1,0.0,730
E11025,0.0,0.0,730
E11026,0.0,0.3333333333333333,730
E11028,0.0,0.0,730
E11029,0.3333333333333333,0.0,730
E11030,,0.3333333333333333,730
E11031,0.5,0.0,730
E11032,0.5,0.3333333333333333,730
E11033,0.0,0.0,730
E11034,0.0,0.0,730
E11036,0.0,0.0,730
E11037,,0.0,730
E11038,0.125,0.0,730
E11039,0.375,0.0,730
E11040,0.0,0.0,730
E11041,0.0,0.0,730
E11042,0.11764705882352941,0.3333333333333333,730
E11043,0.0,0.0,730
E11044,0.0,0.0,730
E11045,1.0,0.0,730
E11047,0.0,0.0,730
E11048,,0.0,730
E11049,1.0,0.0,730
E11050,0.0,0.0,730
E11052,0.0,0.3333333333333333,730
E11053,0.0,0.0,730
E11054,1.0,0.0,494
E11055,0.2,0.0,730
E11056,0.0,0.3333333333333333,730
E11057,0.0,0.3333333333333333,730
E11058,0.0,0.3333333333333333,655
E11059,0.1,0.0,730
E11060,0.0,0.3333333333333333,730
E11061,0.0,0.3333333333333333,730
E11062,0.14285714285714285,0.0,730
E11063,0.0,0.0,730
E11064,0.0,0.0,730
E11065,0.0,0.0,730
E11066,0.0,0.0,730
E11067,,0.0,730
E11069,0.0,0.0,730
E11070,0.0,0.3333333333333333,730
E11071,0.3333333333333333,0.0,730
E11072,0.027777777777777776,0.3333333333333333,730
E11073,0.125,0.3333333333333333,730
E11074,0.027777777777777776,0.0,730
E11075,0.16666666666666666,0.0,730
E11076,0.034482758620689655,0.0,730
E11077,0.0,0.0,730
E11078,,0.0,730
E11079,0.0,0.0,529
E11080,0.0,0.3333333333333333,730
E11081,0.0,0.0,730
E11082,0.0,0.0,730
E11083,,0.0,730
E11084,,0.0,730
E11085,0.0,0.0,557
E11086,0.0,0.0,730
E11088,0.0,0.0,730
E11089,0.0,0.0,730
E11090,0.0,0.0,730
E11091,0.0,0.3333333333333333,730
E11092,0.0,0.0,730
E11094,0.3333333333333333,0.0,730
E11095,0.2,0.0,730
E11096,0.5,0.3333333333333333,730
E11097,0.0,0.0,730
E11098,0.25,0.3333333333333333,730
E11099,,0.0,730
E11101,0.0,0.3333333333333333,730
E11104,0.0,0.3333333333333333,730
E11105,0.0,0.0,583
E11106,0.0,0.0,730
E11107,0.2,0.0,730
E11108,1.0,0.0,730
E11109,0.25,0.0,730
E11110,0.0,0.3333333333333333,730
E11111,0.0,1.0,396
E11112,0.14285714285714285,0.0,730
E11113,0.3333333333333333,0.3333333333333333,730
E11114,,0.0,730
E11115,0.0,0.6666666666666666,730
E11116,0.0,0.0,730
E11117,,0.3333333333333333,634
E11119,0.0,0.0,730
E11120,0.2,0.0,730
E11121,0.0,0.0,730
E11122,0.0,0.6666666666666666,730
E11123,0.3333333333333333,0.3333333333333333,730
E11124,0.13333333333333333,0.6666666666666666,730
E11125,0.125,0.0,730
E11126,0.0,0.0,730
E11127,0.0,0.6666666666666666,730
E11128,0.0,0.0,730
E11129,0.0,0.3333333333333333,730
E11130,0.0,0.0,730
E11131,0.0,0.0,730
E11132,0.0,0.3333333333333333,730
E11133,0.06666666666666667,0.0,120
E11134,0.25,0.0,730
E11135,0.14285714285714285,0.0,730
E11136,0.5,0.3333333333333333,730
E11137,0.0,0.0,730
E11138,0.0,0.0,730
E11139,0.0,0.0,730
E11140,0.0,0.0,730
E11141,0.0,0.0,730
E11142,0.3333333333333333,0.3333333333333333,730
E11143,0.0,0.3333333333333333,730
E11144,0.5,0.3333333333333333,730
E11145,0.0,0.0,730
E11146,0.1,0.3333333333333333,730
E11147,0.0,0.0,730
E11148,0.0,0.0,730
E11149,0.5,0.6666666666666666,730
E11150,0.25,0.0,730
E11151,0.0,0.0,730
E11152,0.5,0.3333333333333333,730
E11153,0.0,0.0,730
E11154,0.0,0.6666666666666666,730
E11155,0.0,0.3333333333333333,730
E11156,0.05,0.6666666666666666,730
E11157,0.0,0.3333333333333333,730
E11158,0.25,0.0,730
E11159,0.0,0.0,730
E11160,,0.0,730
E11161,1.0,0.0,730
E11162,0.0,0.3333333333333333,730
E11163,,0.0,730
E11164,0.0,0.0,696
E11165,0.0,0.3333333333333333,730
E11166,0.3333333333333333,0.0,730
E11167,0.3333333333333333,0.0,730
E11168,0.0,0.3333333333333333,730
E11169,,0.0,730
E11170,0.05263157894736842,0.3333333333333333,730
E11171,0.0,0.0,730
E11172,,0.3333333333333333,730
E11173,0.0,0.0,730
E11174,0.0,0.3333333333333333,730
E11175,,0.3333333333333333,730
E11176,1.0,0.3333333333333333,730
E11177,0.0,0.0,730
E11178,0.0,0.0,730
E11179,0.1111111111111111,0.3333333333333333,730
E11180,0.0,0.6666666666666666,730
E11181,0.5,0.6666666666666666,730
E11182,0.0,0.0,730
E11183,,0.0,410
E11184,0.0,0.3333333333333333,730
E11185,0.0,0.0,730
E11186,0.0,0.0,730
E11187,0.0,0.0,730
E11188,0.0,0.0,513
E11189,0.0,0.0,730
E11190,0.0,0.0,730
E11191,0.0,0.0,730
E11192,0.0,0.6666666666666666,730
E11193,0.0,0.0,730
E11194,,0.0,730
E11195,0.0,0.3333333333333333,730
E11196,0.125,0.0,730
E11197,0.25,1.0,466
E11198,,0.3333333333333333,730
E11199,0.0,0.0,730
E11200,0.0,0.3333333333333333,730
E11201,0.25,0.3333333333333333,730
E11202,0.3333333333333333,0.0,730
E11203,0.0,0.0,730
E11204,0.0,0.0,730
E11205,0.0,0.3333333333333333,730
E11206,0.0,0.0,730
E11207,0.08695652173913043,0.0,730
E11208,0.0,0.3333333333333333,730
E11209,,0.0,730
E11210,0.0,0.3333333333333333,730
E11211,,0.3333333333333333,730
E11212,0.0,0.0,391
E11213,0.0,0.0,730
E11214,0.0,0.0,730
E11215,,0.3333333333333333,730
E11216,0.3333333333333333,0.0,730
E11217,1.0,0.3333333333333333,730
E11218,0.0,0.0,730
E11219,0.0,0.3333333333333333,730
E11220,0.0,0.0,730
E11221,0.0,0.0,730
E11222,0.0,0.0,730
E11223,0.047619047619047616,0.0,730
E11224,0.0,0.3333333333333333,730
E11225,0.0,0.3333333333333333,730
E11226,0.0,0.0,730
E11227,0.1111111111111111,0.0,730
E11228,0.0,0.0,185
E11229,0.0,0.0,730
E11230,,0.0,730
E11231,0.0,0.0,730
E11232,0.0,0.3333333333333333,730
E11233,0.0,0.0,730
E11234,0.0,0.0,730
E11235,0.25,0.3333333333333333,730
E11236,0.0,0.6666666666666666,730
E11237,0.0,0.0,730
E11238,0.0,0.0,730
E11239,0.0,0.3333333333333333,730
E11240,0.0,0.0,730
E11241,,0.6666666666666666,730
E11242,0.0,0.0,730
E11243,0.0,0.0,730
E11244,0.0,0.0,730
E11245,0.0,0.0,730
E11246,0.0,0.3333333333333333,730
E11247,0.0,0.3333333333333333,730
E11248,0.0,0.0,730
E11249,0.0,0.3333333333333333,730
E11250,0.0,0.0,730
E11251,0.0,0.3333333333333333,730
E11252,,0.3333333333333333,730
E11253,0.0,0.0,730
E11254,0.0,0.3333333333333333,730
E11255,0.0,0.3333333333333333,638
E11256,0.5,0.0,730
E11257,0.0,0.0,730
E11258,0.0,0.0,730
E11259,0.0,0.0,730
E11260,0.0,0.3333333333333333,730
E11261,0.125,0.0,730
E11262,0.0,0.3333333333333333,730
E11263,0.3333333333333333,0.3333333333333333,730
E11264,0.0,0.0,730
E11265,0.14285714285714285,0.0,730
E11266,0.14285714285714285,0.0,730
E11267,0.0,0.0,179
E11268,0.125,0.0,730
E11269,0.0,0.3333333333333333,730
E11270,0.0,0.0,730
E11271,0.0,0.3333333333333333,730
E11272,0.0,0.3333333333333333,730
E11273,1.0,0.0,730
E11274,0.16666666666666666,0.3333333333333333,730
E11275,0.3333333333333333,0.0,730
E11276,,0.0,730
E11277,0.0,0.0,730
E11278,0.0,0.3333333333333333,730
E11279,0.0,0.0,730
E11280,0.0,1.0,291
E11281,0.0,0.0,730
E11282,0.0,0.0,730
E11283,0.0,0.3333333333333333,730
E11284,,0.0,730
E11285,0.0,1.0,161
E11286,0.0,0.3333333333333333,730
E11287,0.0,0.0,730
E11288,0.0,0.3333333333333333,730
E11289,0.0,0.0,730
E11290,0.14285714285714285,0.0,730
E11291,0.16666666666666666,0.0,730
E11292,0.0,0.0,730
E11293,0.1111111111111111,0.3333333333333333,730
E11294,0.0,0.3333333333333333,730
E11295,0.0,0.3333333333333333,730
E11296,,0.3333333333333333,730
E11297,0.0,0.0,730
E11298,0.5,0.0,730
E11299,0.0,0.5,424
E11300,,0.0,730
E11301,0.3333333333333333,0.0,730
E11302,0.2,0.0,730
E11303,0.0,0.0,730
E11304,0.0,0.3333333333333333,730
E11305,0.0,0.0,180
E11306,0.0,0.3333333333333333,730
E11307,0.0,0.6666666666666666,620
E11308,0.0,0.0,730
E11309,0.0,0.0,730
E11310,0.0,0.0,158
E11311,,0.6666666666666666,730
E11312,0.0,0.0,730
E11313,0.0,0.0,730
E11314,0.5,0.0,730
E11315,0.0,0.0,730
E11316,0.5,0.3333333333333333,730
E11317,0.0,0.3333333333333333,730
E11318,0.0,0.3333333333333333,730
E11319,0.0,0.3333333333333333,730
E11320,0.0,0.0,730
E11321,0.0,0.3333333333333333,730
E11322,0.0,0.0,730
E11323,,0.3333333333333333,730
E11324,0.0,0.3333333333333333,730
E11325,0.0,0.3333333333333333,623
E11326,0.5,0.0,730
E11327,0.07692307692307693,0.3333333333333333,730
E11328,0.0,0.0,730
E11329,0.0,0.0,730
E11330,0.0,0.3333333333333333,730
E11331,0.5,0.3333333333333333,730
E11332,0.15384615384615385,0.3333333333333333,730
E11333,0.0,0.0,730
E11334,0.0,0.0,730
E11335,0.0,0.0,571
E11336,0.06666666666666667,0.0,730
E11337,0.25,0.0,648
E11338,0.027777777777777776,0.3333333333333333,730
E11339,0.034482758620689655,0.3333333333333333,730
E11340,0.0,0.0,730
E11341,0.0,0.0,730
E11342,,0.0,730
E11343,0.0,0.0,730
E11344,0.0,0.3333333333333333,697
E11345,,0.0,730
E11346,0.0,0.3333333333333333,730
E11347,0.0,0.3333333333333333,730
E11348,0.0,0.0,730
E11349,0.0,0.3333333333333333,730
E11350,0.0,0.3333333333333333,730
E11351,0.1111111111111111,0.0,730
E11352,0.0,0.0,730
E11353,0.125,0.3333333333333333,730
E11354,0.0,0.0,730
E11355,0.5,0.0,730
E11356,0.0,0.0,730
E11357,0.0,0.0,730
E11358,,0.0,273
E11359,0.0,0.0,730
E11360,0.0,0.0,730
E11361,0.0,0.0,730
E11362,0.0,0.6666666666666666,730
E11363,0.3333333333333333,0.0,730
E11364,0.25,0.0,730
E11365,0.0,0.0,730
E11366,0.125,0.5,473
E11367,0.14285714285714285,0.3333333333333333,730
E11368,0.5,0.0,730
E11369,0.0,0.0,730
E11370,0.0,0.6666666666666666,730
E11371,0.1,0.3333333333333333,730
E11372,0.0,0.0,730
E11373,,0.3333333333333333,730
E11374,0.16666666666666666,0.0,730
E11375,0.0,0.0,730
E11376,0.0,0.0,167
E11377,0.0,0.3333333333333333,730
E11378,0.0,0.0,730
E11379,,0.3333333333333333,730
E11380,0.14285714285714285,0.0,730
E11381,0.0,0.0,730
E11382,0.0,0.0,730
E11383,0.3333333333333333,0.0,175
E11384,0.0,0.0,730
E11385,0.0,0.0,730
E11386,0.0,0.0,730
E11387,0.0,1.0,312
E11388,0.5,0.3333333333333333,730
E11389,,0.0,730
E11390,0.3333333333333333,0.0,730
E11391,0.0,0.3333333333333333,730
E11392,0.0,0.3333333333333333,730
E11393,0.16666666666666666,0.0,730
E11394,0.0,0.6666666666666666,730
E11395,,0.0,636
E11396,0.0,0.3333333333333333,730
E11397,0.0,0.0,455
E11398,0.0,0.0,730
E11399,0.0,0.0,542
E11400,,0.3333333333333333,730
E11401,0.0,0.3333333333333333,730
E11402,0.0,0.0,730
E11403,0.0,0.0,730
E11404,0.1111111111111111,0.0,730
E11405,0.0,0.6666666666666666,730
E11406,0.07142857142857142,0.0,730
E11407,0.0,0.6666666666666666,730
E11408,0.5,0.3333333333333333,730
E11409,0.0,0.0,730
E11410,0.0,0.0,730
E11411,,0.5,400
E11412,0.0,0.3333333333333333,730
E11413,0.0,0.0,730
E11414,0.2,0.0,730
E11415,0.0,0.3333333333333333,730
E11416,0.0,0.0,730
E11417,0.0,1.0,165
E11418,,0.0,730
E11419,0.0,0.0,420
E11420,0.0,0.0,730
E11421,0.0,0.6666666666666666,730
E11422,0.0,0.0,730
E11423,0.0,0.0,730
E11424,,0.0,730
E11425,0.0,0.0,730
E11426,0.1111111111111111,0.3333333333333333,730
E11427,0.0,0.0,730
E11428,0.5,0.0,730
E11429,0.0,0.0,730
E11430,0.0,0.0,730
E11431,0.18181818181818182,0.3333333333333333,730
E11432,0.0,0.0,730
E11433,0.5,1.0,171
E11434,0.0,0.0,730
E11435,0.2,0.3333333333333333,641
E11436,0.0,0.0,730
E11437,0.0,0.3333333333333333,730
E11438,0.0,0.0,730
E11439,0.0,0.0,730
E11440,0.0,0.0,730
E11441,1.0,0.0,730
E11442,0.0,0.3333333333333333,730
E11443,0.0,0.0,730
E11444,0.0,0.3333333333333333,730
E11445,0.25,0.0,730
E11446,0.0,0.0,179
E11447,0.0,0.5,365
E11448,0.0,0.0,730
E11449,0.0,0.0,172
E11450,0.0,0.3333333333333333,730
E11451,0.0,0.3333333333333333,730
E11452,0.0,0.0,564
E11453,0.0,0.0,730
E11454,0.0,0.0,730
E11455,0.0,0.0,730
E11456,0.5,0.3333333333333333,730
E11457,0.0,0.0,730
E11458,0.0,0.0,730
E11459,0.0,0.0,730
E11460,0.0,0.3333333333333333,730
E11461,,0.3333333333333333,730
E11462,0.0,0.0,730
E11463,0.2,0.0,173
E11464,,0.5,396
E11465,0.2,0.0,730
E11466,0.0,0.0,179
E11467,0.0,0.0,730
E11468,0.5,0.0,730
E11469,0.0,0.0,602
E11470,0.0,0.0,730
E11471,0.0,0.3333333333333333,730
E11472,0.0,0.0,730
E11473,0.0,0.3333333333333333,730
E11474,0.0,0.3333333333333333,730
E11475,0.3333333333333333,0.3333333333333333,730
E11476,0.0,0.0,730
E11477,0.0,0.0,382
E11478,1.0,0.3333333333333333,682
E11479,0.0,0.6666666666666666,730
E11480,1.0,0.5,430
E11481,0.25,0.0,730
E11482,0.2,0.0,730
E11483,,0.0,730
E11484,0.0,0.0,730
E11485,0.5,0.0,438
E11486,0.3333333333333333,0.0,730
E11487,0.0,0.0,730
E11488,0.0,0.0,730
E11489,0.0,0.0,730
E11490,0.0,0.3333333333333333,730
E11491,,0.0,730
E11492,0.0,0.0,730
E11493,0.5,0.3333333333333333,730
E11494,0.0,0.0,730
E11495,0.16666666666666666,0.0,179
E11496,0.0,0.0,730
E11497,0.0,0.0,730
E11498,0.5,0.0,730
E11499,,0.3333333333333333,730
E11500,0.13333333333333333,0.0,730
E11501,0.0,0.0,730
E11502,0.0,1.0,730
E11503,0.0,0.0,730
E11504,0.0,0.0,730
E11505,0.0,0.0,730
E11506,1.0,0.3333333333333333,730
E11507,0.0,0.0,639
E11508,0.0,0.0,730
E11509,0.5,0.3333333333333333,730
E11510,0.0,0.0,730
E11511,0.0,0.3333333333333333,730
E11512,0.0,0.6666666666666666,730
E11513,,0.0,730
E11514,0.0,0.0,730
E11515,0.0,0.3333333333333333,730
E11516,0.0,0.0,730
E11517,0.0,0.0,485
E11518,0.14285714285714285,0.3333333333333333,730
E11519,0.0,0.3333333333333333,730
E11520,,0.0,284
E11521,0.16666666666666666,0.3333333333333333,730
E11522,0.0,0.0,730
E11523,0.0,0.0,730
E11524,0.15384615384615385,0.0,730
E11525,0.0,0.0,263
E11526,0.0,0.3333333333333333,730
E11527,0.0,0.0,730
E11528,0.0,0.0,186
E11529,0.0,0.6666666666666666,730
E11530,1.0,0.0,730
E11531,0.0,0.0,730
E11532,0.0,0.3333333333333333,730
E11533,,0.5,416
E11534,,0.0,730
E11535,0.0,0.0,730
E11536,0.0,0.0,214
E11537,0.0,0.0,730
E11538,,0.0,730
E11539,0.5,0.0,177
E11540,1.0,0.0,730
E11541,0.0,0.0,730
E11542,0.0,0.0,730
E11543,0.0,0.0,730
E11544,0.0,0.3333333333333333,730
E11545,0.0,0.6666666666666666,730
E11546,0.25,0.0,730
E11547,0.0,0.0,730
E11548,0.0,0.0,179
E11549,0.0,0.0,277
E11550,0.125,0.0,730
E11551,0.6666666666666666,0.6666666666666666,730
E11552,0.0,0.0,730
E11553,0.1111111111111111,0.0,730
E11554,0.0,0.0,730
E11555,,0.0,531
E11556,0.0,0.3333333333333333,730
E11557,,0.3333333333333333,730
E11558,0.0,0.3333333333333333,730
E11559,0.0,0.0,172
E11560,,0.0,730
E11561,0.0,0.0,730
E11562,1.0,0.0,730
E11563,0.0,0.3333333333333333,730
E11564,0.0,0.0,730
E11565,,0.0,730
E11566,,0.0,730
E11567,0.0,0.0,730
E11568,0.0,0.0,730
E11569,0.0,0.0,730
E11570,0.125,0.0,730
E11571,0.0,0.0,334
E11572,0.0,0.0,730
E11573,0.0,0.0,730
E11574,0.5,0.0,650
E11575,0.0,0.3333333333333333,730
E11576,0.0,0.0,730
E11577,0.2,0.0,730
E11578,0.0,0.3333333333333333,730
E11579,0.0,0.0,730
E11580,0.125,0.3333333333333333,730
E11581,0.0,0.0,730
E11582,0.0,0.0,730
E11583,0.0,0.3333333333333333,730
E11584,0.0,0.0,730
E11585,0.0,0.3333333333333333,730
E11586,0.0,0.3333333333333333,730
E11587,0.0,0.3333333333333333,730
E11588,0.0,0.3333333333333333,730
E11589,0.0,0.0,277
E11590,,0.0,730
E11591,0.0,0.0,730
E11592,0.0,0.0,730
E11593,0.0,0.3333333333333333,730
E11594,0.2,0.0,730
E11595,0.0,0.0,730
E11596,,0.3333333333333333,730
E11597,0.0,0.0,730
E11598,0.0,0.0,730
E11599,1.0,0.0,730
E11600,1.0,0.0,730
E11601,0.0,0.3333333333333333,730
E11602,0.0,0.0,730
E11603,0.09090909090909091,0.3333333333333333,730
E11604,,0.0,730
E11605,0.0,1.0,181
E11606,0.3333333333333333,0.0,730
E11607,0.14285714285714285,0.3333333333333333,730
E11608,0.0,0.0,730
E11609,0.0,0.3333333333333333,730
E11610,0.0,0.3333333333333333,730
E11611,0.0,0.0,730
E11612,0.14285714285714285,0.3333333333333333,730
E11613,0.2,0.0,730
E11614,,0.0,730
E11615,0.16666666666666666,0.0,179
E11616,0.0,0.6666666666666666,730
E11617,0.0,0.0,182
E11618,0.0,0.0,730
E11619,,0.3333333333333333,730
E11620,0.0,0.0,730
E11621,0.0,0.3333333333333333,573
E11622,0.0,0.0,730
E11623,,0.0,730
E11624,0.0,0.0,730
E11625,0.0,0.0,730
E11626,0.0,0.0,730
E11627,,0.0,730
E11628,,0.0,522
E11629,0.0,0.0,730
E11630,0.027777777777777776,0.0,730
E11631,,0.3333333333333333,515
E11632,0.0,0.6666666666666666,730
E11633,,0.0,730
E11634,0.14285714285714285,0.3333333333333333,730
E11635,0.0,0.0,730
E11636,0.0,0.3333333333333333,730
E11637,0.25,0.0,730
E11638,0.0,0.0,183
E11639,0.0,0.0,730
E11640,0.0,0.0,730
E11641,0.0,0.0,730
E11642,0.125,0.5,485
E11643,0.0,0.0,730
E11644,,0.6666666666666666,730
E11645,0.0,0.0,730
E11646,1.0,0.0,730
E11647,0.0,0.0,730
E11648,0.0,0.0,301
E11649,0.0,0.3333333333333333,730
E11650,0.0,0.0,730
E11651,0.0,0.0,210
E11652,0.0,0.0,460
E11653,0.1,0.0,730
E11654,0.0,0.3333333333333333,730
E11655,0.0,0.0,730
E11656,0.0,0.0,730
E11657,0.0,0.0,730
E11658,0.0,0.3333333333333333,730
E11659,,0.0,730
E11660,0.25,0.5,333
E11661,0.0,0.0,730
E11662,0.0,0.0,304
E11663,0.0,0.0,730
E11664,0.0,1.0,291
E11665,0.0,0.0,730
E11666,0.25,0.0,730
E11667,0.5,0.0,730
E11668,0.3333333333333333,0.0,730
E11669,0.25,0.6666666666666666,730
E11670,0.0,0.0,730
E11671,0.3333333333333333,0.0,730
E11672,0.0,0.0,730
E11673,0.0,0.3333333333333333,730
E11674,0.0,0.0,730
E11675,0.0,0.3333333333333333,730
E11676,0.25,1.0,186
E11677,0.1,0.3333333333333333,730
E11678,0.0,0.6666666666666666,730
E11679,,0.0,730
E11680,0.0,0.0,730
E11681,0.0,0.0,730
E11682,0.0,0.0,730
E11683,0.0,0.0,730
E11684,,0.3333333333333333,730
E11685,0.0,0.0,730
E11686,0.0,0.0,730
E11687,0.0,0.0,730
E11688,0.0,0.3333333333333333,730
E11689,0.0,0.0,730
E11690,,0.0,730
E11691,0.0,0.0,730
E11692,1.0,0.0,730
E11693,0.0,0.0,730
E11694,,0.0,730
E11695,,0.0,381
E11696,0.16666666666666666,0.3333333333333333,730
E11697,0.5,0.0,292
E11698,0.0,0.0,730
E11699,,0.0,730
E11700,0.0,0.0,730
E11701,0.0,0.0,186
E11702,0.0,0.0,730
E11703,0.25,0.0,730
E11704,0.0,0.0,730
E11705,,0.0,473
E11706,0.0,0.0,730
E11707,0.4,0.0,730
E11708,0.0,0.0,730
E11709,0.0,0.0,730
E11710,0.2,0.3333333333333333,730
E11711,0.0,0.3333333333333333,730
E11712,0.16666666666666666,0.3333333333333333,730
E11713,0.0,0.0,495
E11714,,0.0,730
E11715,0.0,0.0,730
E11716,0.0,0.0,188
E11717,1.0,0.0,188
E11718,0.0,0.3333333333333333,730
E11719,0.0,0.3333333333333333,730
E11720,0.1,0.0,730
E11721,,0.3333333333333333,730
E11722,0.0,0.0,730
E11723,0.0,0.3333333333333333,730
E11724,0.0,0.3333333333333333,730
E11725,0.0,0.3333333333333333,730
E11726,0.0,0.3333333333333333,730
E11727,,0.0,186
E11728,0.25,0.0,730
E11729,0.25,0.0,730
E11730,0.0,0.0,186
E11731,0.0,0.0,730
E11732,0.0,0.0,730
E11733,0.5,0.0,730
E11734,0.25,0.0,730
E11735,0.0,0.3333333333333333,730
E11736,0.14285714285714285,0.0,730
E11737,0.0,0.0,186
E11738,0.0,0.0,730
E11739,0.0,0.3333333333333333,730
E11740,0.1111111111111111,0.3333333333333333,730
E11741,0.0,0.0,730
E11742,0.08333333333333333,0.0,730
E11743,0.5,0.0,730
E11744,0.0,0.0,730
E11745,0.0,0.0,730
E11746,0.0,0.0,730
E11747,0.0,0.0,730
E11748,0.0,0.0,730
E11749,0.0,0.0,186
E11750,0.0,0.6666666666666666,730
E11751,0.0,0.3333333333333333,730
E11752,0.0,0.3333333333333333,730
E11753,0.16666666666666666,0.0,730
E11754,0.0,0.0,730
E11755,0.14285714285714285,0.0,730
E11756,0.0,0.0,730
E11757,0.0,0.0,730
E11758,0.0,0.0,730
E11759,0.0,0.0,730
E11760,,0.3333333333333333,730
E11761,,0.3333333333333333,730
E11762,0.0,0.0,730
E11763,,0.0,242
E11764,,0.3333333333333333,730
E11765,0.25,0.0,730
E11766,0.0,0.0,730
E11767,0.16666666666666666,0.0,730
E11768,0.0,0.6666666666666666,730
E11769,0.0,0.6666666666666666,730
E11770,0.5,0.0,730
E11771,0.0,0.3333333333333333,730
E11772,0.4,0.0,655
E11773,,0.0,192
E11774,0.0,0.0,730
E11775,0.0,0.0,186
E11776,0.0,0.3333333333333333,730
E11777,0.0,0.0,730
E11778,1.0,0.3333333333333333,730
E11779,0.6666666666666666,0.3333333333333333,697
E11780,,0.3333333333333333,730
E11781,0.0,0.0,730
E11782,0.125,0.0,730
E11783,0.0,0.0,730
E11784,0.0,0.0,730
E11785,0.0,0.0,730
E11786,0.0,0.0,730
E11787,0.0,0.0,730
E11788,0.0,0.0,730
E11789,0.15384615384615385,0.0,730
E11790,0.0,0.3333333333333333,730
E11791,0.0,0.0,611
E11792,0.0,0.3333333333333333,730
E11793,,0.6666666666666666,730
E11794,0.0,0.0,730
E11795,0.25,0.0,730
E11796,0.0,0.0,730
E11797,0.0,0.3333333333333333,613
E11798,0.25,0.0,730
E11799,0.1111111111111111,0.0,730
E11800,0.2,0.3333333333333333,730
E11801,0.0,0.0,730
E11802,0.0,0.0,730
E11803,0.0,0.0,347
E11804,0.3333333333333333,0.3333333333333333,730
E11805,0.25,0.0,730
E11806,0.0,0.3333333333333333,730
E11807,0.0,0.0,730
E11808,0.0,0.3333333333333333,730
E11809,0.0,0.3333333333333333,730
E11810,0.0,0.3333333333333333,730
E11811,0.25,0.0,730
E11812,0.2,0.3333333333333333,730
E11813,,0.0,730
E11814,0.0,0.3333333333333333,730
E11815,0.0,0.0,730
E11816,0.09090909090909091,0.0,730
E11817,0.0,0.0,730
E11818,0.0,0.0,730
E11819,0.0,0.0,730
E11820,0.0,0.3333333333333333,730
E11821,0.0,0.0,730
E11822,0.0,0.0,730
E11823,0.125,0.0,730
E11824,0.0,0.0,730
E11825,0.0,0.0,730
E11826,0.25,0.3333333333333333,730
E11827,0.0,0.6666666666666666,730
E11828,,0.0,601
E11829,0.0,0.0,730
E11830,0.25,0.0,730
E11831,0.3333333333333333,0.0,730
E11832,0.0,0.3333333333333333,730
E11833,,0.0,196
E11834,0.0,0.3333333333333333,730
E11835,0.14285714285714285,0.0,730
E11836,0.14285714285714285,0.0,730
E11837,0.14285714285714285,0.0,730
E11838,0.0,0.0,730
E11839,0.3333333333333333,0.0,730
E11840,,0.3333333333333333,730
E11841,0.0,0.0,730
E11842,0.05,0.0,730
E11843,0.125,0.0,730
E11844,0.0,0.0,730
E11845,0.5,0.0,730
E11846,0.5,0.0,368
E11847,0.2,0.0,730
E11848,0.0,0.0,730
E11849,0.5,0.0,730
E11850,0.0,0.0,730
E11851,0.0,0.6666666666666666,730
E11852,,0.0,730
E11853,0.0,0.3333333333333333,730
E11854,0.0,0.3333333333333333,730
E11855,0.0,0.3333333333333333,730
E11856,0.0,0.3333333333333333,730
E11857,0.0,0.0,197
E11858,,0.0,284
E11859,0.0,0.0,730
E11860,0.0,0.0,730
E11861,0.0,0.0,730
E11862,0.14285714285714285,0.0,730
E11863,0.0,0.0,645
E11864,,0.0,730
E11865,0.0,0.6666666666666666,730
E11866,0.5,0.0,193
E11867,0.0,0.0,730
E11868,0.0,0.0,730
E11869,0.16666666666666666,0.6666666666666666,730
E11870,0.0,0.0,730
E11871,0.0,0.0,333
E11872,0.0,0.0,730
E11873,0.0,0.0,242
E11874,0.0,0.0,730
E11875,0.3333333333333333,0.0,730
E11876,0.0,0.0,730
E11877,1.0,0.0,730
E11878,0.0,0.0,730
E11879,0.0,0.0,193
E11880,0.25,0.0,730
E11881,0.0,0.3333333333333333,620
E11882,0.0,0.0,730
E11883,,0.3333333333333333,730
E11884,0.25,0.0,730
E11885,0.0,0.0,424
E11886,0.0,0.0,730
E11887,0.0,0.0,730
E11888,0.0,0.0,730
E11889,0.0,0.0,730
E11890,0.0,0.6666666666666666,730
E11891,0.0,0.0,730
E11892,0.2,0.0,730
E11893,0.0,0.0,730
E11894,0.11764705882352941,0.3333333333333333,730
E11895,,0.0,730
E11896,0.2,0.0,200
E11897,0.0,0.3333333333333333,730
E11898,,0.5,366
E11899,,0.0,212
E11900,0.14285714285714285,0.3333333333333333,730
E11901,0.15384615384615385,0.3333333333333333,730
E11902,0.0,0.0,500
E11903,0.0,0.6666666666666666,730
E11904,0.0,0.0,355
E11905,0.0,0.3333333333333333,522
E11906,,0.0,730
E11907,0.0,0.0,730
E11908,0.0,0.0,730
E11909,0.0,0.0,730
E11910,0.0,0.6666666666666666,730
E11911,,0.3333333333333333,730
E11912,,0.0,730
E11913,0.1,0.6666666666666666,730
E11914,0.0,0.0,730
E11915,0.0,0.0,730
E11916,0.3333333333333333,0.6666666666666666,730
E11917,0.0,0.0,730
E11918,0.14285714285714285,0.0,730
E11919,0.0,0.0,515
E11920,0.0,0.0,730
E11921,0.0,0.0,730
E11922,0.25,0.3333333333333333,730
E11923,0.0,0.0,614
E11924,,0.0,730
E11925,0.0,1.0,200
E11926,0.0,0.0,730
E11927,0.0,0.0,730
E11928,0.0,0.0,730
E11929,0.3333333333333333,0.3333333333333333,730
E11930,0.0,0.0,730
E11931,0.3333333333333333,0.0,730
E11932,0.14285714285714285,0.0,730
E11933,0.0,0.0,298
E11934,1.0,0.0,730
E11935,0.0,0.0,730
E11936,0.125,0.3333333333333333,730
E11937,0.0,0.0,515
E11938,0.14285714285714285,0.0,730
E11939,,0.0,730
E11940,0.25,0.0,730
E11941,0.0,0.3333333333333333,730
E11942,0.0,0.0,730
E11943,0.0,0.3333333333333333,730
E11944,,0.0,730
E11945,0.0,0.0,730
E11946,0.5,0.3333333333333333,730
E11947,0.2,0.0,730
E11948,0.0,0.0,730
E11949,0.0,0.0,638
E11950,0.0,0.0,730
E11951,0.0,0.3333333333333333,730
E11952,0.0,0.3333333333333333,730
E11953,0.2857142857142857,0.0,730
E11954,0.0,0.0,608
E11955,0.0,0.3333333333333333,730
E11956,0.0,0.0,212
E11957,0.034482758620689655,0.0,730
E11958,0.0,0.0,209
E11959,0.0,0.0,730
E11960,0.0,0.0,730
E11961,0.0,0.6666666666666666,730
E11962,,0.3333333333333333,730
E11963,0.5,0.0,730
E11964,0.0,0.0,730
E11965,0.2,0.0,730
E11966,0.0,0.0,730
E11967,0.0,0.0,730
E11968,0.0,0.0,730
E11969,0.0,0.0,730
E11970,0.16666666666666666,0.0,242
E11971,0.0,0.0,730
E11972,0.2,0.0,730
E11973,0.2,0.0,730
E11974,0.0,0.3333333333333333,730
E11975,0.0,0.3333333333333333,730
E11976,0.0,0.3333333333333333,730
E11977,0.0,0.3333333333333333,730
E11978,0.0,0.0,730
E11979,0.0,0.3333333333333333,730
E11980,0.0,0.3333333333333333,730
E11981,0.0,0.0,333
E11982,0.5,0.0,730
E11983,0.0,0.0,730
E11984,0.0,0.3333333333333333,730
E11985,1.0,0.0,473
E11986,0.5,0.3333333333333333,730
E11987,0.25,0.0,730
E11988,0.0,0.0,365
E11989,0.3333333333333333,0.0,730
E11990,0.2857142857142857,0.0,730
E11991,0.0,0.3333333333333333,730
E11992,0.0,0.3333333333333333,730
E11993,0.0,0.0,730
E11994,0.0,0.3333333333333333,730
E11995,,0.3333333333333333,730
E11996,0.1111111111111111,0.0,730
E11997,0.0,0.0,538
E11998,0.0,0.3333333333333333,730
E11999,,0.0,730
E12000,,0.0,730
E12001,0.0,0.0,730
E12002,0.0,0.0,730
E12003,0.0,0.0,730
E12004,0.1111111111111111,0.3333333333333333,730
E12005,,0.0,730
E12006,0.0,0.0,730
E12007,0.14285714285714285,0.3333333333333333,730
E12008,,0.3333333333333333,730
E12009,0.125,0.0,730
E12010,0.0,0.3333333333333333,730
E12011,0.0,0.6666666666666666,730
E12012,0.0,0.0,730
E12013,0.2,0.0,730
E12014,0.25,0.6666666666666666,730
E12015,0.0,0.0,730
E12016,0.0,0.3333333333333333,730
E12017,0.0,0.0,730
E12018,0.0,0.0,730
E12019,,0.0,730
E12020,1.0,0.5,375
E12021,0.0,0.3333333333333333,730
E12022,0.05263157894736842,0.0,730
E12023,,0.3333333333333333,730
E12024,0.0,0.0,730
E12025,0.0,0.3333333333333333,730
E12026,0.0,0.6666666666666666,730
E12027,0.0,0.0,730
E12028,0.0,0.0,730
E12029,0.0,0.0,730
E12030,0.0,0.0,730
E12031,,0.3333333333333333,730
E12032,0.0,0.0,730
E12033,0.1,0.3333333333333333,730
E12034,0.0,0.0,209
E12035,,0.0,730
E12036,0.5,0.0,256
E12037,0.0,0.0,730
E12038,0.0,0.0,730
E12039,0.0,0.0,341
E12040,0.0,0.3333333333333333,730
E12041,0.0,0.0,730
E12042,0.0,0.0,730
E12043,0.0,0.6666666666666666,515
E12044,0.0,0.0,730
E12045,0.0,0.0,730
E12046,0.0,0.3333333333333333,730
E12047,0.0,0.3333333333333333,730
E12048,1.0,0.0,522
E12049,0.0,0.0,730
E12050,0.0,0.3333333333333333,730
E12051,0.0,0.0,329
E12052,0.0,0.0,730
E12053,0.5,0.0,730
E12054,0.0,0.0,730
E12055,0.027777777777777776,0.0,730
E12056,0.0,0.0,730
E12057,0.0,0.0,730
E12058,0.0,0.3333333333333333,730
E12059,0.0,0.0,730
E12060,0.0,0.6666666666666666,730
E12061,0.0,0.0,730
E12062,0.0,0.3333333333333333,730
E12063,0.14285714285714285,0.0,730
E12064,0.0,0.0,730
E12065,0.0,0.0,211
E12066,0.0,0.0,730
E12067,0.0,0.0,730
E12068,0.0,0.0,730
E12069,0.0,0.0,730
E12070,0.0,0.5,730
E12071,0.0,0.0,730
E12072,0.0,0.0,730
E12073,0.25,0.5,730
E12074,0.0,0.0,730
E12075,0.14285714285714285,0.0,730
E12076,0.0,0.0,730
E12077,0.0,0.5,730
E12078,0.0,0.0,730
E12079,0.0,0.5,730
E12080,0.0,0.0,730
E12081,,0.0,730
E12082,,0.5,515
E12083,0.0,0.0,730
E12084,0.25,0.0,730
E12085,0.0,0.0,730
E12086,0.0,0.0,730
E12087,0.0,0.5,692
E12088,0.0,0.5,730
E12089,0.0,0.0,730
E12090,0.5,0.0,625
E12091,0.0,0.0,730
E12092,0.25,0.5,730
E12093,0.5,0.5,730
E12094,0.14285714285714285,0.0,730
E12095,0.0,0.0,730
E12096,0.0,0.0,730
E12097,,0.5,730
E12098,0.0,0.5,730
E12099,0.0,0.0,730
E12100,0.0,0.0,424
E12101,,0.0,730
E12102,0.0,0.5,730
E12103,0.0,0.0,242
E12104,0.0,0.0,730
E12105,0.0,0.0,730
E12106,0.0,0.5,730
E12107,,0.5,730
E12108,0.0,0.0,730
E12109,0.0,1.0,730
E12110,0.0,1.0,730
E12111,,0.5,730
E12112,0.0,0.0,730
E12113,0.0,0.0,730
E12114,0.0,0.0,527
E12115,0.6666666666666666,0.0,730
E12116,0.0,0.5,730
E12117,0.0,0.5,730
E12118,0.0,0.0,730
E12119,0.16666666666666666,0.0,730
E12120,0.0,0.0,730
E12121,0.0,0.0,730
E12122,0.3333333333333333,0.0,730
E12123,,0.0,730
E12124,0.2,0.0,730
E12125,0.0,1.0,730
E12126,0.5,1.0,273
E12127,0.0,0.0,641
E12128,0.0,0.0,730
E12129,0.0,0.5,730
E12130,0.0,0.0,730
E12131,0.0,0.0,730
E12132,0.0,0.0,730
E12133,0.0,0.0,730
E12134,0.3333333333333333,0.5,730
E12135,0.0,0.0,730
E12136,,0.0,730
E12137,0.0,0.5,730
E12138,0.0,0.0,730
E12139,0.0,0.5,730
E12140,0.0,0.0,730
E12141,0.5,0.5,730
E12142,0.0,0.0,452
E12143,,0.0,249
E12144,0.0,0.5,730
E12145,0.3333333333333333,0.0,216
E12146,0.5,0.0,730
E12147,0.047619047619047616,0.0,730
E12148,,0.5,730
E12149,0.0,0.0,730
E12150,0.034482758620689655,0.0,730
E12151,0.2,0.0,214
E12152,0.125,0.0,730
E12153,0.0,0.5,730
E12154,0.5,0.0,730
E12155,0.0,0.0,386
E12156,0.0,0.0,730
E12157,0.09090909090909091,0.5,730
E12158,0.0,0.0,730
E12159,,0.0,730
E12160,,0.0,730
E12161,0.0,0.0,499
E12162,0.1,0.5,730
E12163,0.09090909090909091,0.0,730
E12164,0.0,0.5,730
E12165,0.08695652173913043,0.0,730
E12166,0.0,0.5,730
E12167,0.14285714285714285,0.0,730
E12168,0.0,0.0,730
E12169,0.0,0.5,730
E12170,0.3333333333333333,0.0,730
E12171,0.0,0.5,730
E12172,0.0,0.0,730
E12173,,0.0,562
E12174,0.0,0.0,730
E12175,0.3333333333333333,0.5,730
E12176,0.2,0.0,730
E12177,0.0,0.0,730
E12178,0.0,0.5,730
E12179,0.0,0.0,473
E12180,0.0,0.5,730
E12181,0.0,0.0,730
E12182,0.0,0.0,730
E12183,0.0,0.0,730
E12184,0.0,0.0,730
E12185,0.08695652173913043,0.5,730
E12186,0.0,0.0,730
E12187,0.125,0.0,730
E12188,0.0,0.0,730
E12189,0.0,0.0,558
E12190,0.0,0.5,730
E12191,0.0,1.0,730
E12192,0.0,0.0,730
E12193,0.0,0.0,730
E12194,0.0,0.0,464
E12195,0.0,0.0,424
E12196,,0.0,730
E12197,0.0,0.0,730
E12198,0.0,0.5,730
E12199,0.25,0.0,730
E12200,0.0,0.5,730
E12201,0.0,0.0,730
E12202,0.14285714285714285,0.0,396
E12203,0.0,0.0,730
E12204,1.0,0.0,730
E12205,0.0,0.0,730
E12206,0.0,0.0,220
E12207,0.0,0.0,730
E12208,,0.0,730
E12209,0.0,0.5,730
E12210,,0.0,730
E12211,0.11764705882352941,0.0,730
E12212,0.0,0.0,730
E12213,0.0,0.5,730
E12214,0.0,0.0,515
E12215,0.0,0.0,730
E12216,0.0,0.5,730
E12217,0.0,0.0,730
E12218,0.0,0.0,730
E12219,0.5,0.5,730
E12220,0.0,0.0,730
E12221,,0.0,730
E12222,0.0,0.0,669
E12223,0.0,0.0,730
E12224,0.0,0.0,730
E12225,0.5,0.0,730
E12226,0.0,0.5,730
E12227,0.0,0.0,730
E12228,0.4,0.5,730
E12229,0.0,0.0,730
E12230,0.0,0.0,730
E12231,0.0,0.5,730
E12232,0.0,0.0,730
E12233,0.0,0.0,730
E12234,0.16666666666666666,0.0,730
E12235,0.5,0.5,730
E12236,0.0,0.0,730
E12237,0.3333333333333333,0.0,730
E12238,0.0,0.5,730
E12239,0.0,0.5,730
E12240,0.0,0.5,730
E12241,0.0,0.0,326
E12242,0.0,0.0,730
E12243,0.0,0.0,730
E12244,0.0,0.5,730
E12245,0.08333333333333333,0.5,730
E12246,0.5,0.0,730
E12247,0.0,0.0,730
E12248,0.14285714285714285,0.5,730
E12249,0.5,0.0,730
E12250,0.0,0.5,730
E12251,,0.0,730
E12252,0.0,0.0,730
E12253,0.0,0.0,730
E12254,0.0,0.5,730
E12255,0.0,0.5,730
E12256,0.0,0.5,730
E12257,0.2857142857142857,0.0,730
E12258,,0.0,240
E12259,0.0,0.0,730
E12260,0.0,0.0,730
E12261,,0.0,730
E12262,0.0,0.5,730
E12263,0.0,0.0,730
E12264,0.0,0.5,730
E12265,,0.0,577
E12266,,0.0,641
E12267,,0.0,730
E12268,0.0,0.5,730
E12269,0.0,0.0,730
E12270,0.25,0.0,730
E12271,0.1,0.0,730
E12272,0.0,0.0,730
E12273,0.0,0.5,730
E12274,0.0,0.0,730
E12275,0.14285714285714285,0.0,730
E12276,0.125,0.0,730
E12277,0.0,0.0,730
E12278,,0.5,730
E12279,0.16666666666666666,0.0,730
E12280,0.0,0.0,730
E12281,0.0,0.5,730
E12282,0.0,0.0,730
E12283,0.0,0.5,730
E12284,0.0,0.0,569
E12285,0.0,0.0,730
E12286,0.0,0.0,225
E12287,0.125,0.0,730
E12288,0.0,0.0,730
E12289,0.1,0.0,730
E12290,0.0,0.0,730
E12291,0.5,0.0,730
E12292,0.0,0.5,730
E12293,0.0,0.0,730
E12294,0.0,0.0,730
E12295,0.0,0.5,730
E12296,0.0,0.0,730
E12297,0.08333333333333333,0.0,730
E12298,0.0,0.0,730
E12299,,0.0,730
E12300,0.14285714285714285,0.0,730
E12301,0.4,0.0,730
E12302,0.3333333333333333,0.0,242
E12303,0.0,0.5,730
E12304,0.3333333333333333,0.5,730
E12305,0.0,0.5,730
E12306,0.0,0.0,730
E12307,0.0,0.5,730
E12308,0.0,0.0,730
E12309,0.2857142857142857,0.0,730
E12310,0.0,0.0,730
E12311,0.1,0.0,730
E12312,0.0,0.0,730
E12313,,0.0,730
E12314,0.0,0.0,730
E12315,0.0,0.0,730
E12316,0.0,0.0,730
E12317,0.0,0.0,730
E12318,0.0,0.0,730
E12319,0.0,0.0,730
E12320,,0.5,730
E12321,0.0,0.0,730
E12322,0.0,0.0,730
E12323,0.0,0.0,227
E12324,0.0,0.0,730
E12325,1.0,0.0,730
E12326,0.0,0.0,730
E12327,0.0,0.0,730
E12328,0.0,0.0,730
E12329,0.0,0.0,730
E12330,0.0,0.0,730
E12331,0.0,0.0,228
E12332,,0.0,304
E12333,0.14285714285714285,0.0,730
E12334,0.0,0.0,730
E12335,0.0,0.5,730
E12336,0.0,0.5,730
E12337,0.08333333333333333,0.5,730
E12338,0.0,0.5,730
E12339,0.0,0.0,730
E12340,0.0,0.0,730
E12341,0.0,0.0,730
E12342,0.0,0.0,730
E12343,0.0,0.0,730
E12344,0.14285714285714285,0.0,730
E12345,0.14285714285714285,0.0,730
E12346,0.25,0.5,730
E12347,0.0,0.5,730
E12348,0.0,0.0,730
E12349,0.0,0.0,730
E12350,1.0,0.0,730
E12351,0.0,0.0,730
E12352,0.3333333333333333,0.0,730
E12353,0.2857142857142857,0.0,730
E12354,0.0,0.0,730
E12355,0.25,0.0,596
E12356,0.0,0.0,730
E12357,0.0,0.0,730
E12358,0.034482758620689655,0.0,730
E12359,0.0,0.5,730
E12360,0.0,0.0,458
E12361,0.0,0.5,730
E12362,0.0,0.5,730
E12363,0.0,0.0,730
E12364,,0.0,730
E12365,0.0,0.0,730
E12366,0.0,0.0,730
E12367,0.0,0.0,730
E12368,0.0,0.0,730
E12369,0.0,0.5,730
E12370,0.0,0.0,730
E12371,0.0,0.0,730
E12372,0.0,0.5,730
E12373,0.0,0.5,730
E12374,0.0,0.0,230
E12375,0.0,0.0,730
E12376,0.3333333333333333,0.0,730
E12377,0.11764705882352941,0.0,730
E12378,0.0,0.0,730
E12379,,0.0,730
E12380,0.0,0.0,730
E12381,0.0,0.0,242
E12382,0.0,0.0,307
E12383,0.0,0.0,730
E12384,0.0,0.0,730
E12385,0.0,0.0,396
E12386,0.0,0.0,730
E12387,0.0,0.5,730
E12388,0.0,0.0,730
E12389,0.0,0.5,730
E12390,0.3333333333333333,0.5,730
E12391,0.0,0.0,242
E12392,,0.0,730
E12393,0.0,0.0,730
E12394,0.25,0.0,730
E12395,0.0,0.0,730
E12396,0.0,0.0,730
E12397,,0.0,730
E12398,0.2,0.0,730
E12399,0.0,0.0,730
E12400,,0.0,515
E12401,0.0,0.0,730
E12402,0.0,0.0,730
E12403,0.5,0.0,630
E12404,0.0,0.0,730
E12405,0.0,0.0,242
E12406,0.3333333333333333,0.0,730
E12407,0.0,0.0,730
E12408,0.0,0.0,284
E12409,0.0,0.0,730
E12410,1.0,0.5,730
E12411,0.0,0.0,730
E12412,0.0,0.5,730
E12413,0.15384615384615385,0.5,730
E12414,0.0,0.0,730
E12415,0.0,0.0,730
E12416,0.125,0.0,730
E12417,0.0,0.0,730
E12418,0.0,0.0,730
E12419,,0.0,730
E12420,0.0,0.0,730
E12421,1.0,0.0,730
E12422,1.0,0.5,730
E12423,0.0,0.0,730
E12424,0.0,0.0,323
E12425,0.0,0.5,730
E12426,0.0,0.5,730
E12427,0.0,0.0,730
E12428,0.25,0.0,466
E12429,0.0,0.0,730
E12430,,0.0,730
E12431,0.0,0.0,242
E12432,,0.0,730
E12433,0.0,0.0,730
E12434,0.25,0.0,730
E12435,,0.0,730
E12436,0.14285714285714285,0.0,730
E12437,0.125,0.0,730
E12438,0.0,0.5,730
E12439,0.0,0.0,730
E12440,0.0,0.0,311
E12441,0.0,0.0,730
E12442,,0.0,730
E12443,0.0,0.0,730
E12444,0.0,1.0,313
E12445,0.125,0.5,730
E12446,,0.5,730
E12447,0.0,0.0,730
E12448,0.0,0.0,730
E12449,0.0,0.0,228
E12450,0.0,0.0,730
E12451,0.0,0.0,730
E12452,0.0,0.0,730
E12453,0.0,0.0,730
E12454,0.0,0.0,730
E12455,0.0,0.5,730
E12456,0.0,0.0,730
E12457,0.0,0.5,730
E12458,0.0,0.0,730
E12459,0.25,0.0,730
E12460,0.0,1.0,294
E12461,0.0,0.0,730
E12462,0.5,0.0,730
E12463,0.0,0.5,730
E12464,,0.0,730
E12465,0.0,0.0,730
E12466,0.0,0.0,730
E12467,0.0,0.0,730
E12468,0.0,0.0,730
E12469,0.0,0.0,242
E12470,1.0,0.5,730
E12471,0.125,0.5,730
E12472,0.0,0.0,730
E12473,0.0,0.0,730
E12474,0.16666666666666666,0.0,730
E12475,0.0,0.0,730
E12476,0.0,0.0,730
E12477,0.0,0.5,730
E12478,0.0,0.0,235
E12479,0.0,0.0,730
E12480,0.0,0.0,730
E12481,,0.0,730
E12482,0.0,0.5,730
E12483,0.0,0.5,730
E12484,0.0,0.0,730
E12485,,0.0,730
E12486,0.3333333333333333,0.0,730
E12487,0.0,0.0,730
E12488,0.0,0.0,730
E12489,0.0,0.0,730
E12490,0.0,0.0,730
E12491,0.0,0.0,730
E12492,0.0,0.5,730
E12493,0.3333333333333333,0.0,730
E12494,0.0,0.0,276
E12495,0.0,0.0,730
E12496,,0.0,326
E12497,0.0,0.0,730
E12498,0.0,0.5,730
E12499,,1.0,406
E12500,0.0,0.0,730
E12501,0.0,0.0,730
E12502,0.0,0.0,730
E12503,0.0,0.0,626
E12504,0.0,0.0,730
E12505,0.0,0.0,730
E12506,0.0,0.0,730
E12507,0.4,0.0,730
E12508,0.25,0.0,730
E12509,0.0,0.0,730
E12510,0.0,0.0,730
E12511,0.2222222222222222,0.0,730
E12512,,0.0,730
E12513,0.0,0.0,238
E12514,0.16666666666666666,0.0,730
E12515,0.0,0.0,730
E12516,0.0,0.0,730
E12517,0.0,0.0,730
E12518,0.0,0.5,730
E12519,1.0,0.0,730
E12520,0.0,0.0,730
E12521,0.0,0.0,730
E12522,0.0,0.0,730
E12523,0.0,0.0,730
E12524,1.0,1.0,235
E12525,0.14285714285714285,0.0,730
E12526,0.0,0.0,730
E12527,0.0,0.5,730
E12528,0.0,0.0,333
E12529,0.3333333333333333,0.0,730
E12530,0.0,0.0,730
E12531,,0.5,730
E12532,0.0,0.0,730
E12533,0.0,0.0,608
E12534,0.0,0.0,730
E12535,0.0,0.0,730
E12536,0.0,0.0,730
E12537,0.0,0.5,730
E12538,0.2,0.0,730
E12539,0.0,0.0,730
E12540,,0.5,730
E12541,,0.0,730
E12542,0.0,0.5,730
E12543,0.0,0.0,730
E12544,0.0,0.5,730
E12545,0.0,0.0,730
E12546,0.0,0.0,730
E12547,1.0,0.0,730
E12548,0.25,0.0,730
E12549,0.14285714285714285,0.0,285
E12550,0.0,0.0,730
E12551,0.0,0.5,730
E12552,0.0,0.5,730
E12553,0.06666666666666667,0.0,730
E12554,,0.0,730
E12555,0.06666666666666667,0.0,730
E12556,0.0,0.0,730
E12557,,0.0,241
E12558,0.2,1.0,730
E12559,0.16666666666666666,0.5,730
E12560,,0.0,730
E12561,0.14285714285714285,0.0,730
E12562,,0.0,730
E12563,0.2,0.5,730
E12564,0.0,0.0,730
E12565,,0.0,235
E12566,0.2,0.0,730
E12567,0.0,0.5,730
E12568,0.0,0.0,656
E12569,0.0,0.5,730
E12570,,0.0,730
E12571,0.0,0.0,730
E12572,1.0,0.0,730
E12573,0.0,0.0,730
E12574,0.0,0.0,730
E12575,0.0,0.5,730
E12576,0.0,0.5,730
E12577,0.25,0.5,730
E12578,0.2,0.0,730
E12579,0.0,0.0,730
E12580,0.0,0.0,730
E12581,0.5,0.5,730
E12582,1.0,0.0,242
E12583,0.0,0.0,730
E12584,0.0,0.0,730
E12585,0.0,0.0,242
E12586,0.5,0.5,730
E12587,0.0,0.0,730
E12588,0.0,0.0,455
E12589,,0.0,730
E12590,0.06666666666666667,0.5,730
E12591,1.0,0.0,242
E12592,,1.0,333
E12593,0.3333333333333333,0.0,730
E12594,0.0,0.0,730
E12595,0.5,0.5,730
E12596,,0.5,577
E12597,0.0,0.0,730
E12598,,0.0,730
E12599,0.0,0.0,243
E12600,0.0,0.0,730
E12601,0.0,0.0,730
E12602,,0.0,242
E12603,0.0,0.0,730
E12604,0.3333333333333333,0.0,730
E12605,0.5,0.0,242
E12606,0.25,0.5,730
E12607,,0.0,730
E12608,0.0,0.0,730
E12609,0.0,0.0,730
E12610,0.0,0.5,730
E12611,0.0,0.5,730
E12612,0.2,0.0,730
E12613,0.08333333333333333,0.0,730
E12614,0.0,1.0,730
E12615,0.0,0.0,730
E12616,0.0,0.0,730
E12617,0.0,0.0,244
E12618,,0.0,730
E12619,0.0,0.0,730
E12620,0.0,0.0,730
E12621,0.0,0.5,730
E12622,0.0,0.0,730
E12623,0.0,0.5,730
E12624,0.0,0.0,730
E12625,0.0,0.0,730
E12626,0.0,0.5,730
E12627,0.0,0.0,730
E12628,0.125,0.0,730
E12629,0.0,0.0,730
E12630,0.0,0.0,431
E12631,0.0,0.0,730
E12632,,0.0,730
E12633,0.0,0.0,730
E12634,0.16666666666666666,0.0,730
E12635,0.0,0.0,730
E12636,0.0,0.0,730
E12637,0.0,0.0,730
E12638,0.1,0.0,730
E12639,0.0,0.0,245
E12640,0.0,0.5,730
E12641,0.0,0.0,730
E12642,0.0,1.0,669
E12643,0.0,0.0,730
E12644,0.0,0.0,730
E12645,0.0,0.5,730
E12646,,0.0,730
E12647,0.1111111111111111,0.5,730
E12648,0.0,0.5,730
E12649,,0.5,730
E12650,0.0,0.0,730
E12651,0.0,0.5,730
E12652,,0.0,730
E12653,0.0,0.0,730
E12654,0.0,0.0,730
E12655,,0.0,730
E12656,0.2,0.0,730
E12657,0.0,0.0,298
E12658,0.0,0.5,730
E12659,0.0,0.0,730
E12660,0.0,0.5,730
E12661,,0.0,730
E12662,,0.0,242
E12663,0.0,0.5,730
E12664,0.0,0.0,730
E12665,0.0,0.0,730
E12666,0.3333333333333333,0.0,247
E12667,1.0,0.0,242
E12668,0.0,1.0,273
E12669,0.2222222222222222,0.5,730
E12670,0.0,0.0,730
E12671,0.0,0.0,730
E12672,0.0,0.0,730
E12673,0.0,0.0,730
E12674,0.1,0.0,730
E12675,0.0,0.5,730
E12676,0.0,0.0,730
E12677,0.0,0.0,730
E12678,1.0,0.0,466
E12679,0.0,0.0,683
E12680,0.0,0.0,730
E12681,0.0,0.0,730
E12682,,0.0,339
E12683,0.0,0.0,730
E12684,0.2,0.0,730
E12685,0.5,0.0,535
E12686,0.0,0.0,730
E12687,,0.0,730
E12688,0.0,0.0,730
E12689,0.11764705882352941,0.0,730
E12690,0.0,0.0,730
E12691,1.0,0.0,730
E12692,0.0,0.0,730
E12693,0.0,0.0,730
E12694,0.0,0.0,730
E12695,,0.0,438
E12696,0.0,0.0,389
E12697,0.0,1.0,365
E12698,0.0,0.0,730
E12699,0.0,0.0,730
E12700,,0.0,730
E12701,0.0,0.5,730
E12702,0.0,0.0,730
E12703,0.0,0.0,730
E12704,0.0,0.0,459
E12705,,0.5,730
E12706,0.0,0.0,613
E12707,0.0,0.5,730
E12708,0.0,0.0,730
E12709,0.5,0.0,466
E12710,0.0,0.0,730
E12711,0.0,0.0,562
E12712,,0.0,730
E12713,0.0,0.0,730
E12714,,0.0,730
E12715,0.0,0.0,730
E12716,0.0,0.0,730
E12717,0.0,0.0,730
E12718,1.0,0.0,250
E12719,0.5,0.0,730
E12720,,0.0,730
E12721,0.2,0.0,250
E12722,0.0,0.0,730
E12723,0.0,0.5,730
E12724,0.0,0.0,730
E12725,0.25,0.5,730
E12726,1.0,0.0,730
E12727,0.0,0.0,730
E12728,0.0,0.0,730
E12729,0.25,0.0,730
E12730,0.0,0.0,635
E12731,0.5,0.0,730
E12732,0.0,0.5,730
E12733,0.0,0.5,730
E12734,0.25,0.5,730
E12735,,0.0,480
E12736,0.0,0.5,730
E12737,0.5,0.0,249
E12738,0.0,0.0,730
E12739,,0.5,730
E12740,0.0,0.0,730
E12741,0.06666666666666667,0.0,730
E12742,0.0,0.0,251
E12743,0.3333333333333333,0.0,730
E12744,0.0,0.0,730
E12745,0.0,0.5,730
E12746,0.0,0.5,730
E12747,0.0,0.0,393
E12748,0.0,0.0,730
E12749,0.0,0.0,730
E12750,0.0,0.5,730
E12751,0.0,0.0,730
E12752,0.0,0.0,730
E12753,0.0,0.0,730
E12754,0.0,0.0,730
E12755,0.0,0.0,730
E12756,1.0,0.0,730
E12757,0.0,0.0,730
E12758,0.5,0.0,730
E12759,,0.0,730
E12760,0.25,0.5,730
E12761,0.0,0.0,730
E12762,0.14285714285714285,0.0,730
E12763,0.0,0.0,730
E12764,0.0,0.0,730
E12765,,0.0,730
E12766,0.2,0.0,730
E12767,0.0,0.5,730
E12768,0.0,0.0,327
E12769,,0.0,319
E12770,,0.0,730
E12771,0.2,0.5,730
E12772,0.0,0.0,730
E12773,0.0,0.0,730
E12774,0.0,0.0,730
E12775,0.0,0.0,613
E12776,0.0,0.0,730
E12777,0.0,0.0,730
E12778,0.5,0.0,730
E12779,0.11764705882352941,0.0,730
E12780,0.0,0.0,730
E12781,0.0,0.0,730
E12782,0.14285714285714285,0.0,730
E12783,0.0,0.0,730
E12784,0.0,0.5,730
E12785,0.0,0.0,730
E12786,,0.0,730
E12787,0.0,0.0,730
E12788,0.3333333333333333,0.0,730
E12789,0.0,0.0,730
E12790,0.5,0.0,730
E12791,0.25,0.0,730
E12792,0.0,0.0,730
E12793,,0.5,730
E12794,0.0,0.0,730
E12795,0.15384615384615385,0.0,730
E12796,0.0,0.0,730
E12797,0.0,0.0,730
E12798,0.0,0.0,730
E12799,0.0,0.0,730
E12800,0.0,0.5,730
E12801,0.0,0.5,730
E12802,0.0,0.5,730
E12803,0.0,0.0,730
E12804,0.5,0.5,730
E12805,0.0,0.5,730
E12806,0.3333333333333333,0.0,730
E12807,0.0,0.0,273
E12808,0.16666666666666666,0.0,730
E12809,0.0,0.0,730
E12810,0.11764705882352941,0.0,730
E12811,0.15384615384615385,0.5,730
E12812,0.0,0.5,730
E12813,0.0,0.0,730
E12814,1.0,0.0,730
E12815,0.0,0.0,730
E12816,,0.0,273
E12817,,0.0,730
E12818,0.0,0.5,730
E12819,0.0,0.5,730
E12820,1.0,0.0,730
E12821,0.0,0.0,730
E12822,0.0,0.0,730
E12823,0.0,0.0,730
E12824,0.3333333333333333,0.0,730
E12825,0.0,0.0,256
E12826,0.0,0.5,730
E12827,0.0,0.5,730
E12828,,0.0,730
E12829,0.0,0.0,382
E12830,0.0,0.0,730
E12831,0.0,0.5,730
E12832,0.0,0.0,730
E12833,,0.0,438
E12834,0.0,0.0,730
E12835,0.0,0.0,730
E12836,0.0,0.0,730
E12837,,0.5,730
E12838,0.5,0.0,730
E12839,,0.0,593
E12840,,0.5,730
E12841,0.0,0.0,730
E12842,0.0,0.0,257
E12843,,0.5,730
E12844,0.2,0.5,730
E12845,0.0,0.0,730
E12846,0.0,0.0,730
E12847,0.0,0.0,730
E12848,0.0,0.5,730
E12849,0.0,0.0,730
E12850,0.0,0.0,730
E12851,,0.0,730
E12852,1.0,0.5,730
E12853,0.0,0.0,730
E12854,0.0,0.0,730
E12855,,0.0,730
E12856,0.5,0.0,730
E12857,0.0,0.0,730
E12858,0.0,0.0,730
E12859,,0.0,730
E12860,0.0,0.0,730
E12861,0.5,0.0,730
E12862,0.16666666666666666,0.0,730
E12863,0.0,0.0,730
E12864,,0.0,730
E12865,0.3333333333333333,0.5,730
E12866,0.2,0.5,730
E12867,0.0,0.0,730
E12868,0.0,0.0,730
E12869,,0.0,730
E12870,,0.5,730
E12871,0.0,0.0,256
E12872,,0.0,730
E12873,0.14285714285714285,0.0,730
E12874,0.0,0.0,730
E12875,0.0,0.0,730
E12876,0.0,0.0,730
E12877,0.1111111111111111,0.0,730
E12878,0.0,0.5,730
E12879,0.0,0.0,730
E12880,0.0,0.0,730
E12881,0.0,0.0,256
E12882,0.0,0.0,730
E12883,0.25,0.0,730
E12884,0.0,0.0,730
E12885,0.07142857142857142,0.0,730
E12886,0.0,0.0,577
E12887,0.0,1.0,730
E12888,0.5,0.0,341
E12889,,0.5,730
E12890,0.0,0.0,730
E12891,0.0,0.0,730
E12892,0.0,0.0,730
E12893,0.14285714285714285,0.0,730
E12894,0.0,0.0,730
E12895,0.0,0.0,333
E12896,0.0,0.0,730
E12897,0.125,0.0,730
E12898,0.0,0.0,730
E12899,0.0,0.0,730
E12900,0.0,0.0,730
E12901,0.0,0.0,730
E12902,0.0,0.0,730
E12903,0.0,0.0,730
E12904,0.16666666666666666,0.0,730
E12905,0.0,0.0,730
E12906,0.0,0.0,730
E12907,0.2857142857142857,0.0,730
E12908,,0.0,730
E12909,0.0,0.0,256
E12910,0.0,0.0,730
E12911,,0.5,730
E12912,0.0,0.0,730
E12913,0.1,0.0,730
E12914,0.0,0.0,730
E12915,0.0,0.0,536
E12916,0.0,0.0,730
E12917,0.5,0.5,641
E12918,0.0,0.0,730
E12919,0.0,0.0,730
E12920,0.0,0.0,730
E12921,0.1111111111111111,0.5,730
E12922,0.2,0.0,730
E12923,0.0,0.0,730
E12924,0.3333333333333333,0.0,730
E12925,0.0,0.5,730
E12926,0.0,0.0,730
E12927,0.0,0.0,730
E12928,,0.5,627
E12929,0.0,0.5,730
E12930,0.0,0.5,730
E12931,0.5,0.0,730
E12932,,0.0,730
E12933,0.0,0.5,730
E12934,0.0,0.0,730
E12935,0.0,0.5,730
E12936,0.125,0.0,730
E12937,0.25,0.5,730
E12938,0.14285714285714285,0.0,730
E12939,0.08333333333333333,0.5,730
E12940,0.0625,0.0,263
E12941,0.0,0.0,263
E12942,0.3333333333333333,0.0,730
E12943,0.1111111111111111,0.5,730
E12944,0.0,0.0,730
E12945,0.0,0.0,730
E12946,,0.5,730
E12947,0.0,0.5,730
E12948,0.0,0.0,730
E12949,0.16666666666666666,0.0,730
E12950,0.2,0.0,730
E12951,0.0,0.0,730
E12952,0.0,0.0,730
E12953,0.0,0.0,730
E12954,0.0,0.0,264
E12955,0.0,0.0,730
E12956,,0.0,730
E12957,0.0,0.0,730
E12958,0.0,0.0,730
E12959,0.5,0.0,730
E12960,0.0,1.0,730
E12961,,0.0,730
E12962,,0.0,730
E12963,,0.0,730
E12964,1.0,0.0,730
E12965,,0.0,730
E12966,0.0,0.0,730
E12967,,0.0,730
E12968,0.0,0.0,730
E12969,0.0,0.5,730
E12970,0.09090909090909091,0.0,730
E12971,0.0,0.5,730
E12972,0.3333333333333333,0.5,730
E12973,,0.0,515
E12974,0.0,0.0,319
E12975,0.0,0.0,730
E12976,0.3333333333333333,0.5,730
E12977,0.0,0.0,730
E12978,0.0,0.0,730
E12979,0.0,0.0,730
E12980,0.0,0.0,620
E12981,0.0,0.0,730
E12982,0.0,0.0,730
E12983,0.0,0.0,263
E12984,0.2222222222222222,0.0,730
E12985,0.5,0.0,730
E12986,0.0,0.0,730
E12987,0.0,0.0,730
E12988,0.2,0.0,730
E12989,0.0,0.0,730
E12990,0.5,0.0,730
E12991,,0.5,730
E12992,0.0,0.0,730
E12993,0.0,0.5,730
E12994,0.0,0.0,730
E12995,,0.0,730
E12996,0.25,0.5,730
E12997,0.25,0.5,730
E12998,0.0,0.5,730
E12999,0.0,0.0,730
E13000,0.0,0.0,730
E13001,0.0,0.0,730
E13002,0.1111111111111111,0.0,416
E13003,0.5,0.5,730
E13004,,0.0,730
E13005,0.0,0.0,730
E13006,0.0,0.0,263
E13007,0.16666666666666666,0.5,730
E13008,,0.0,263
E13009,0.5,0.5,730
E13010,0.0,0.0,730
E13011,0.0,0.0,730
E13012,,0.0,263
E13013,0.0,0.0,730
E13014,0.0,0.0,730
E13015,0.0,0.0,588
E13016,0.0,0.0,730
E13017,0.5,0.0,263
E13018,0.0,0.0,730
E13019,0.0,0.0,730
E13020,0.0,0.0,730
E13021,0.25,0.0,730
E13022,0.0,0.0,730
E13023,0.0,0.0,488
E13024,0.5,0.0,730
E13025,0.0,0.5,730
E13026,0.08333333333333333,0.5,730
E13027,0.0,0.0,730
E13028,,0.0,730
E13029,0.25,0.5,730
E13030,0.0,0.5,730
E13031,0.0,0.0,730
E13032,0.0,0.0,730
E13033,0.0,0.5,730
E13034,0.0,0.5,730
E13035,0.0,0.5,730
E13036,0.0,0.5,730
E13037,0.0,0.5,730
E13038,0.0,0.5,730
E13039,0.0,0.0,671
E13040,0.0,0.0,730
E13041,0.0,0.0,573
E13042,0.0,0.0,730
E13043,0.0,0.0,405
E13044,0.25,0.5,730
E13045,0.0,0.0,730
E13046,0.0,0.0,730
E13047,0.0,0.0,730
E13048,0.0,0.5,730
E13049,0.0,0.0,730
E13050,0.25,0.0,730
E13051,0.0,0.0,730
E13052,0.0,0.0,396
E13053,0.0,0.0,730
E13054,0.0,0.0,572
E13055,0.3333333333333333,0.0,536
E13056,,0.0,730
E13057,0.0,0.5,730
E13058,1.0,0.0,730
E13059,0.07692307692307693,0.0,730
E13060,0.0,0.5,730
E13061,0.5,0.5,730
E13062,0.3333333333333333,0.0,730
E13063,0.0,0.0,730
E13064,0.0,0.0,730
E13065,0.0,0.5,730
E13066,0.25,0.0,621
E13067,0.0,0.0,730
E13068,0.0,0.0,730
E13069,0.0,0.5,730
E13070,0.0,0.0,730
E13071,0.0,0.5,730
E13072,0.2222222222222222,0.0,730
E13073,,0.0,730
E13074,0.0,0.5,607
E13075,,0.0,730
E13076,,0.0,273
E13077,,0.0,730
E13078,0.0,0.0,730
E13079,0.0,0.5,730
E13080,,0.0,730
E13081,0.1111111111111111,0.5,730
E13082,0.0,0.0,730
E13083,0.0,0.5,730
E13084,0.125,0.0,730
E13085,0.0,0.5,730
E13086,0.0,0.0,730
E13087,0.0,0.0,365
E13088,0.07692307692307693,0.0,730
E13089,0.0,0.0,730
E13090,0.0,0.0,730
E13091,0.0,0.0,730
E13092,0.0,0.5,730
E13093,,0.0,730
E13094,0.0,0.0,730
E13095,0.3333333333333333,0.5,730
E13096,0.0,0.5,730
E13097,0.0,0.0,730
E13098,0.0,0.0,730
E13099,0.0,0.0,730
E13100,0.0,0.0,730
E13101,0.18181818181818182,0.0,730
E13102,0.15384615384615385,0.0,730
E13103,,0.0,730
E13104,0.0,0.0,730
E13105,0.0,0.0,730
E13106,0.0,0.5,730
E13107,,0.0,730
E13108,0.0,0.0,730
E13109,0.125,0.0,730
E13110,1.0,0.5,730
E13111,0.0,0.0,730
E13112,,0.0,730
E13113,0.0,0.0,275
E13114,0.0,0.0,385
E13115,0.0,0.0,730
E13116,0.0,0.0,730
E13117,1.0,0.0,730
E13118,0.0,0.0,730
E13119,0.0,0.0,730
E13120,0.0,0.5,730
E13121,0.0,0.5,730
E13122,0.5,0.0,730
E13123,1.0,0.0,270
E13124,0.125,0.0,730
E13125,1.0,0.0,730
E13126,0.0,0.0,730
E13127,0.3333333333333333,0.0,730
E13128,0.0,0.0,730
E13129,0.0,0.0,730
E13130,0.0,0.0,730
E13131,0.0,0.0,730
E13132,,0.0,276
E13133,,0.0,347
E13134,0.0,0.5,730
E13135,,0.0,730
E13136,0.5,0.0,730
E13137,0.1111111111111111,0.5,730
E13138,0.25,0.0,730
E13139,0.5,0.5,730
E13140,0.0,0.0,303
E13141,0.0,0.5,730
E13142,0.0,0.0,730
E13143,0.0,0.5,730
E13144,,0.0,730
E13145,0.0,0.0,730
E13146,1.0,0.0,277
E13147,0.25,0.0,730
E13148,0.3333333333333333,0.5,730
E13149,0.0,0.0,730
E13150,0.0,0.0,730
E13151,0.0,0.0,730
E13152,0.0,0.5,730
E13153,0.0,0.0,730
E13154,0.0,0.5,730
E13155,0.0,0.0,730
E13156,,0.5,730
E13157,0.0,0.0,546
E13158,0.1111111111111111,0.0,730
E13159,0.0,0.0,475
E13160,0.0,0.0,543
E13161,,0.5,730
E13162,0.0,0.5,730
E13163,0.0,0.0,730
E13164,0.0,0.0,730
E13165,0.16666666666666666,1.0,730
E13166,0.0,0.5,730
E13167,0.0,0.0,730
E13168,0.0,0.0,730
E13169,0.0,0.0,730
E13170,,0.0,501
E13171,0.0,0.0,416
E13172,0.0,0.5,730
E13173,,0.0,730
E13174,0.0,0.0,730
E13175,,0.5,730
E13176,0.16666666666666666,0.0,730
E13177,0.0,0.0,730
E13178,0.5,0.0,487
E13179,0.0,0.0,304
E13180,0.0,0.0,730
E13181,0.0,0.0,279
E13182,0.0,0.5,730
E13183,0.0,1.0,730
E13184,0.0,0.0,730
E13185,0.0,0.0,730
E13186,0.0,0.0,730
E13187,0.0,0.0,730
E13188,0.0,0.0,730
E13189,0.0,0.0,730
E13190,0.0,0.5,730
E13191,0.0,0.0,459
E13192,,0.0,730
E13193,0.0,0.0,730
E13194,0.0,0.5,730
E13195,0.0,0.0,730
E13196,0.0,0.0,730
E13197,0.0,0.5,730
E13198,0.0,0.5,730
E13199,,0.0,730
E13200,0.0,0.0,730
E13201,0.25,0.0,730
E13202,0.0,0.0,730
E13203,,0.5,730
E13204,0.125,0.5,730
E13205,0.0,0.0,330
E13206,,1.0,730
E13207,1.0,0.5,730
E13208,0.0,0.0,730
E13209,0.0,0.0,730
E13210,0.0,0.0,606
E13211,0.0,0.0,730
E13212,1.0,0.0,730
E13213,0.0,0.0,730
E13214,0.0,0.0,730
E13215,0.0,0.5,730
E13216,0.0,0.0,730
E13217,0.0,0.5,730
E13218,0.0,0.0,730
E13219,0.125,0.5,730
E13220,0.0,0.5,730
E13221,0.1,0.0,730
E13222,,0.0,638
E13223,0.0,0.0,730
E13224,0.0,0.0,730
E13225,0.0,0.0,730
E13226,0.0,0.0,730
E13227,0.0,0.0,730
E13228,0.0,0.5,730
E13229,0.0,0.5,730
E13230,0.0,0.0,730
E13231,0.0,0.0,730
E13232,0.0,0.0,730
E13233,0.5,0.0,730
E13234,0.0,0.0,730
E13235,,0.5,730
E13236,0.0,0.0,730
E13237,0.0,0.5,730
E13238,0.0,0.5,730
E13239,0.0,0.0,730
E13240,0.0,0.5,730
E13241,0.0,0.0,730
E13242,0.0,0.0,730
E13243,0.0,0.0,730
E13244,0.125,0.0,730
E13245,0.0,0.5,730
E13246,0.2,0.0,730
E13247,,0.0,730
E13248,0.0,0.0,730
E13249,0.3333333333333333,0.5,730
E13250,0.0,0.5,730
E13251,0.0,0.0,730
E13252,0.0,0.5,730
E13253,0.14285714285714285,0.5,730
E13254,0.0,0.0,730
E13255,0.0,0.0,730
E13256,0.0,0.0,730
E13257,0.3333333333333333,0.0,730
E13258,0.0,0.5,730
E13259,0.0,0.0,371
E13260,0.0,0.0,643
E13261,0.0,0.5,730
E13262,0.0,0.0,730
E13263,0.0,0.0,730
E13264,0.0,0.0,730
E13265,,0.0,730
E13266,0.5,0.5,730
E13267,0.0,0.0,730
E13268,0.0,0.0,730
E13269,0.0,0.0,730
E13270,0.125,0.0,730
E13271,0.0,0.5,730
E13272,1.0,0.0,730
E13273,0.2,0.0,730
E13274,0.0,0.0,730
E13275,0.16666666666666666,0.0,730
E13276,0.0,0.0,730
E13277,,0.0,730
E13278,0.0,0.0,730
E13279,0.0,0.0,730
E13280,0.0,0.0,730
E13281,0.0,0.0,730
E13282,0.0,0.0,424
E13283,0.1111111111111111,0.0,730
E13284,0.0,1.0,730
E13285,0.0,0.0,424
E13286,0.0,0.0,730
E13287,0.0,0.0,730
E13288,,0.0,599
E13289,,1.0,730
E13290,0.0,1.0,730
E13291,0.0,0.0,730
E13292,0.0,1.0,730
E13293,,0.0,730
E13294,0.0,0.0,730
E13295,0.0,0.0,730
E13296,0.0,0.0,730
E13297,0.0,0.0,730
E13298,0.0,0.0,730
E13299,0.0,0.0,730
E13300,0.0,0.0,730
E13301,0.0,0.0,448
E13302,0.3333333333333333,1.0,670
E13303,0.0,0.0,730
E13304,0.2,1.0,730
E13305,0.0,1.0,730
E13306,0.0,0.0,730
E13307,0.1111111111111111,0.0,730
E13308,0.05263157894736842,0.0,730
E13309,0.047619047619047616,0.0,730
E13310,0.0,0.0,730
E13311,,0.0,730
E13312,0.0,0.0,730
E13313,0.0,1.0,471
E13314,0.0,0.0,466
E13315,0.14285714285714285,0.0,730
E13316,0.0,0.0,730
E13317,0.0,1.0,669
E13318,0.0,0.0,730
E13319,0.08333333333333333,1.0,730
E13320,0.0,0.0,730
E13321,0.2,0.0,730
E13322,0.0,1.0,730
E13323,,0.0,730
E13324,0.0,0.0,730
E13325,0.1111111111111111,1.0,730
E13326,0.0,0.0,730
E13327,0.25,1.0,730
E13328,0.0,0.0,487
E13329,0.0,0.0,730
E13330,0.0,0.0,627
E13331,0.0,0.0,730
E13332,0.0,1.0,730
E13333,0.0,1.0,730
E13334,0.0,0.0,730
E13335,0.0,0.0,730
E13336,0.0,0.0,730
E13337,0.0,0.0,730
E13338,0.0,0.0,730
E13339,0.0,0.0,730
E13340,0.0,0.0,730
E13341,0.0,0.0,730
E13342,0.0,1.0,730
E13343,1.0,0.0,730
E13344,0.1111111111111111,0.0,730
E13345,0.3333333333333333,0.0,730
E13346,0.05263157894736842,0.0,730
E13347,,0.0,730
E13348,,0.0,730
E13349,0.5,0.0,730
E13350,0.0,0.0,730
E13351,0.0,0.0,730
E13352,0.0,1.0,730
E13353,0.0,0.0,730
E13354,0.5,0.0,730
E13355,0.0,0.0,730
E13356,0.0,0.0,730
E13357,0.0,1.0,730
E13358,0.2,1.0,730
E13359,0.0,0.0,730
E13360,0.16666666666666666,0.0,730
E13361,0.0,0.0,730
E13362,1.0,0.0,730
E13363,0.0,0.0,730
E13364,0.0,0.0,730
E13365,,0.0,492
E13366,0.0,0.0,730
E13367,0.0,0.0,730
E13368,0.0,0.0,515
E13369,0.0,0.0,730
E13370,0.0,1.0,487
E13371,0.0,0.0,730
E13372,0.0,0.0,730
E13373,0.5,0.0,730
E13374,0.0,0.0,730
E13375,0.0,1.0,730
E13376,0.25,0.0,730
E13377,,0.0,730
E13378,0.0,0.0,730
E13379,1.0,0.0,730
E13380,0.0,0.0,730
E13381,,0.0,515
E13382,0.0,0.0,730
E13383,,0.0,730
E13384,0.25,1.0,730
E13385,0.1111111111111111,0.0,730
E13386,0.0,1.0,730
E13387,0.0,0.0,730
E13388,0.0,0.0,493
E13389,0.0,0.0,730
E13390,0.0625,0.0,515
E13391,0.0,0.0,730
E13392,0.0,0.0,730
E13393,0.5,0.0,730
E13394,0.0,1.0,730
E13395,0.0,1.0,730
E13396,0.0,0.0,730
E13397,0.0,0.0,730
E13398,,1.0,730
E13399,0.0,0.0,730
E13400,0.0,0.0,730
E13401,0.0,0.0,730
E13402,0.0,0.0,730
E13403,0.0,0.0,730
E13404,0.5,0.0,730
E13405,0.0,0.0,730
E13406,0.0,0.0,730
E13407,0.0,1.0,730
E13408,0.5,0.0,730
E13409,0.25,0.0,730
E13410,0.0,0.0,730
E13411,0.1111111111111111,0.0,730
E13412,0.0,0.0,730
E13413,0.125,0.0,730
E13414,0.0,0.0,730
E13415,0.0,0.0,730
E13416,0.0,0.0,495
E13417,0.0,0.0,730
E13418,0.0,0.0,730
E13419,,1.0,730
E13420,0.0,0.0,730
E13421,0.3333333333333333,0.0,730
E13422,0.0,0.0,515
E13423,0.0,0.0,730
E13424,0.0,0.0,494
E13425,0.0,0.0,730
E13426,,0.0,730
E13427,0.0,0.0,730
E13428,0.0,0.0,576
E13429,0.0,0.0,529
E13430,0.0,1.0,730
E13431,0.0,0.0,730
E13432,0.16666666666666666,0.0,730
E13433,0.0,0.0,730
E13434,,0.0,730
E13435,0.2,0.0,730
E13436,0.5,0.0,730
E13437,0.0,0.0,646
E13438,1.0,0.0,730
E13439,,0.0,730
E13440,0.0,0.0,730
E13441,0.0,0.0,730
E13442,0.09090909090909091,1.0,730
E13443,0.0,0.0,730
E13444,0.0,1.0,730
E13445,0.0,0.0,730
E13446,0.0,0.0,494
E13447,0.5,0.0,730
E13448,0.0,0.0,672
E13449,0.0,0.0,730
E13450,,0.0,730
E13451,,0.0,730
E13452,,0.0,730
E13453,0.0,0.0,730
E13454,0.0,0.0,730
E13455,0.16666666666666666,0.0,730
E13456,0.0,0.0,730
E13457,0.16666666666666666,0.0,730
E13458,0.2,0.0,730
E13459,0.0,0.0,730
E13460,0.0,0.0,730
E13461,0.2,0.0,730
E13462,0.0,0.0,730
E13463,0.0,0.0,730
E13464,0.125,0.0,730
E13465,0.0,0.0,522
E13466,0.0,0.0,730
E13467,0.0,0.0,730
E13468,0.0,0.0,730
E13469,0.0,1.0,730
E13470,0.5,0.0,730
E13471,0.0,0.0,730
E13472,0.0,0.0,730
E13473,0.0,0.0,730
E13474,0.0,0.0,730
E13475,0.0,0.0,730
E13476,0.0,0.0,730
E13477,0.0,0.0,498
E13478,0.0,0.0,730
E13479,0.0,0.0,730
E13480,0.0,0.0,730
E13481,0.0,0.0,730
E13482,0.0,0.0,730
E13483,0.14285714285714285,0.0,730
E13484,0.0,0.0,730
E13485,0.0,0.0,730
E13486,0.5,0.0,730
E13487,0.0,0.0,730
E13488,0.0,0.0,730
E13489,0.0,0.0,730
E13490,0.08695652173913043,0.0,730
E13491,0.0,0.0,730
E13492,0.0,0.0,730
E13493,0.0,0.0,730
E13494,0.0,0.0,730
E13495,0.0,1.0,730
E13496,0.06666666666666667,0.0,730
E13497,0.0,0.0,500
E13498,0.0,0.0,730
E13499,0.0,0.0,730
E13500,0.0,0.0,730
E13501,0.0,0.0,730
E13502,0.0,0.0,730
E13503,0.5,0.0,730
E13504,0.0,0.0,730
E13505,0.0,0.0,730
E13506,0.08333333333333333,0.0,730
E13507,1.0,0.0,730
E13508,0.0,1.0,730
E13509,0.0,1.0,730
E13510,1.0,0.0,730
E13511,,0.0,730
E13512,,0.0,515
E13513,0.0,0.0,730
E13514,0.5,0.0,730
E13515,0.0,0.0,730
E13516,0.0,0.0,730
E13517,0.0,0.0,730
E13518,0.0,0.0,730
E13519,0.09090909090909091,0.0,730
E13520,0.0,0.0,730
E13521,0.3333333333333333,0.0,730
E13522,0.2857142857142857,0.0,730
E13523,0.0,0.0,501
E13524,0.0,0.0,730
E13525,,0.0,730
E13526,0.3333333333333333,0.0,730
E13527,0.0,0.0,730
E13528,0.0,0.0,501
E13529,0.0,0.0,730
E13530,0.0,0.0,730
E13531,1.0,1.0,730
E13532,0.0,0.0,730
E13533,0.0,0.0,730
E13534,0.0,1.0,730
E13535,0.0,0.0,502
E13536,0.25,0.0,730
E13537,0.14285714285714285,1.0,730
E13538,0.0,0.0,730
E13539,0.0,0.0,730
E13540,0.0,0.0,730
E13541,,0.0,730
E13542,0.14285714285714285,0.0,730
E13543,,0.0,501
E13544,0.125,0.0,730
E13545,0.0,0.0,730
E13546,0.0,0.0,730
E13547,0.0,1.0,730
E13548,0.0,0.0,730
E13549,0.16666666666666666,0.0,730
E13550,0.0,0.0,730
E13551,0.2,0.0,730
E13552,0.2,0.0,730
E13553,,1.0,730
E13554,,0.0,501
E13555,0.0,0.0,730
E13556,0.058823529411764705,0.0,680
E13557,0.0,0.0,501
E13558,,0.0,730
E13559,,0.0,730
E13560,0.3333333333333333,0.0,730
E13561,,0.0,730
E13562,0.1111111111111111,0.0,730
E13563,0.25,0.0,730
E13564,0.0,0.0,730
E13565,0.14285714285714285,1.0,730
E13566,,0.0,730
E13567,0.0,1.0,730
E13568,0.0,0.0,730
E13569,,0.0,730
E13570,0.0,0.0,730
E13571,0.0,0.0,730
E13572,0.0,0.0,730
E13573,,0.0,515
E13574,0.0,0.0,730
E13575,0.0,0.0,730
E13576,0.6666666666666666,0.0,504
E13577,0.0,0.0,730
E13578,0.0,0.0,730
E13579,0.25,0.0,730
E13580,0.0,0.0,730
E13581,0.0,0.0,730
E13582,0.0,0.0,730
E13583,0.0,0.0,730
E13584,0.0,0.0,730
E13585,0.0,0.0,515
E13586,0.13333333333333333,0.0,730
E13587,0.0,1.0,730
E13588,0.6666666666666666,0.0,730
E13589,0.0,0.0,730
E13590,1.0,0.0,730
E13591,0.0,1.0,730
E13592,0.0,0.0,730
E13593,0.14285714285714285,0.0,730
E13594,0.0,0.0,730
E13595,1.0,0.0,730
E13596,0.2,0.0,730
E13597,0.0,1.0,730
E13598,0.07692307692307693,0.0,730
E13599,0.0,0.0,730
E13600,0.1111111111111111,0.0,730
E13601,0.0,0.0,730
E13602,0.2,1.0,730
E13603,0.25,0.0,730
E13604,0.2,1.0,730
E13605,0.16666666666666666,0.0,730
E13606,0.0,0.0,730
E13607,0.5,0.0,583
E13608,,0.0,730
E13609,0.0,0.0,730
E13610,0.0,0.0,730
E13611,0.0,1.0,730
E13612,,0.0,730
E13613,0.1,0.0,730
E13614,,0.0,730
E13615,0.0,0.0,730
E13616,0.0,0.0,730
E13617,,0.0,730
E13618,,0.0,730
E13619,0.125,0.0,730
E13620,0.08333333333333333,0.0,730
E13621,0.0,0.0,730
E13622,0.0,0.0,730
E13623,0.1111111111111111,0.0,730
E13624,0.0,0.0,730
E13625,0.0,1.0,507
E13626,,0.0,730
E13627,0.0,0.0,730
E13628,0.0,0.0,730
E13629,0.0,0.0,730
E13630,0.0,0.0,730
E13631,0.0,0.0,730
E13632,0.0,0.0,730
E13633,0.1111111111111111,0.0,730
E13634,0.0,0.0,730
E13635,0.0,0.0,730
E13636,0.0,0.0,508
E13637,0.0,0.0,730
E13638,0.0,1.0,730
E13639,0.14285714285714285,0.0,730
E13640,0.0,0.0,730
E13641,0.25,0.0,546
E13642,0.0,0.0,730
E13643,0.0,0.0,730
E13644,0.0,0.0,730
E13645,0.25,0.0,730
E13646,0.0,0.0,730
E13647,0.0,0.0,730
E13648,,0.0,571
E13649,0.0,0.0,730
E13650,0.3333333333333333,0.0,730
E13651,0.0,1.0,730
E13652,0.0,0.0,730
E13653,,0.0,730
E13654,0.25,0.0,730
E13655,0.0,1.0,515
E13656,0.0,0.0,730
E13657,0.05,1.0,730
E13658,0.0,0.0,730
E13659,0.0,0.0,730
E13660,0.0,1.0,730
E13661,0.0,0.0,730
E13662,0.1,1.0,730
E13663,,0.0,730
E13664,0.0,0.0,730
E13665,0.125,0.0,730
E13666,0.0,0.0,730
E13667,0.0,1.0,730
E13668,0.0,0.0,730
E13669,0.0,0.0,730
E13670,0.0,1.0,730
E13671,0.0,0.0,730
E13672,0.125,0.0,730
E13673,0.5,0.0,730
E13674,0.0,0.0,730
E13675,0.0,0.0,730
E13676,0.0,0.0,730
E13677,0.14285714285714285,0.0,730
E13678,0.0,0.0,730
E13679,0.0,0.0,730
E13680,0.0,0.0,730
E13681,0.0,0.0,730
E13682,0.5,0.0,730
E13683,0.0,0.0,730
E13684,0.0,0.0,730
E13685,0.5,1.0,730
E13686,0.0,0.0,730
E13687,,0.0,730
E13688,0.0,0.0,730
E13689,,0.0,730
E13690,0.25,0.0,730
E13691,0.0,0.0,730
E13692,0.0,0.0,730
E13693,0.0,0.0,730
E13694,0.0,0.0,730
E13695,0.0,0.0,730
E13696,0.0,0.0,730
E13697,0.0,0.0,730
E13698,0.14285714285714285,0.0,730
E13699,0.0,0.0,730
E13700,,0.0,730
E13701,0.0,0.0,730
E13702,,0.0,730
E13703,0.0,0.0,730
E13704,0.125,0.0,730
E13705,0.0,0.0,730
E13706,,0.0,730
E13707,1.0,0.0,730
E13708,,0.0,730
E13709,0.0,0.0,730
E13710,0.3333333333333333,0.0,730
E13711,,0.0,730
E13712,0.5,0.0,730
E13713,0.25,0.0,730
E13714,0.0,0.0,730
E13715,0.0,0.0,730
E13716,0.0,0.0,730
E13717,,0.0,508
E13718,0.15384615384615385,0.0,730
E13719,0.0,1.0,730
E13720,0.0,0.0,730
E13721,0.0,0.0,730
E13722,0.0,0.0,730
E13723,0.0,0.0,730
E13724,0.125,0.0,730
E13725,0.0,0.0,730
E13726,0.0,0.0,730
E13727,,1.0,730
E13728,0.0,0.0,730
E13729,0.0,0.0,730
E13730,0.0,0.0,730
E13731,0.0,0.0,730
E13732,0.0,0.0,730
E13733,0.5,0.0,730
E13734,0.0,0.0,730
E13735,0.0,0.0,730
E13736,0.0,1.0,730
E13737,0.0,0.0,730
E13738,0.0,0.0,730
E13739,0.0,0.0,730
E13740,0.3333333333333333,0.0,730
E13741,0.0,0.0,730
E13742,0.1111111111111111,0.0,730
E13743,0.0,0.0,730
E13744,0.0,0.0,730
E13745,0.25,0.0,730
E13746,0.0,0.0,730
E13747,0.25,0.0,730
E13748,0.0,0.0,730
E13749,0.14285714285714285,0.0,508
E13750,,0.0,508
E13751,0.0,0.0,730
E13752,0.0,0.0,730
E13753,0.0,0.0,730
E13754,0.0,0.0,730
E13755,0.0,0.0,730
E13756,0.75,0.0,730
E13757,0.0,1.0,730
E13758,0.0,0.0,730
E13759,0.0,1.0,730
E13760,0.1111111111111111,0.0,730
E13761,0.0,0.0,730
E13762,,0.0,730
E13763,0.0,0.0,730
E13764,0.0,1.0,730
E13765,0.0,0.0,730
E13766,0.0,0.0,730
E13767,0.0,1.0,730
E13768,0.0,0.0,730
E13769,0.0,0.0,730
E13770,0.0,0.0,730
E13771,0.0,0.0,730
E13772,0.14285714285714285,0.0,730
E13773,0.0,0.0,730
E13774,0.0,0.0,730
E13775,0.0,0.0,730
E13776,0.0,0.0,730
E13777,0.0,0.0,730
E13778,0.0,0.0,730
E13779,0.0,0.0,730
E13780,0.0,0.0,730
E13781,0.0,0.0,730
E13782,0.0,0.0,555
E13783,0.0,0.0,730
E13784,0.3333333333333333,0.0,730
E13785,0.0,0.0,730
E13786,1.0,0.0,730
E13787,0.0,0.0,730
E13788,0.0,0.0,730
E13789,0.2,1.0,730
E13790,,0.0,730
E13791,0.0,1.0,730
E13792,,0.0,730
E13793,0.0,0.0,730
E13794,0.0,0.0,730
E13795,,0.0,730
E13796,0.0,0.0,516
E13797,0.0,1.0,515
E13798,0.0,0.0,730
E13799,0.0,0.0,730
E13800,0.25,1.0,730
E13801,0.25,0.0,546
E13802,,0.0,730
E13803,0.2,1.0,730
E13804,0.25,0.0,730
E13805,0.0,0.0,515
E13806,0.2222222222222222,0.0,730
E13807,0.0,0.0,730
E13808,0.0,0.0,730
E13809,0.0,0.0,730
E13810,0.0,0.0,730
E13811,0.14285714285714285,1.0,517
E13812,0.0,0.0,730
E13813,,0.0,730
E13814,0.0,0.0,730
E13815,0.0,0.0,730
E13816,0.0,0.0,730
E13817,0.0,0.0,517
E13818,0.1111111111111111,0.0,730
E13819,0.0,1.0,730
E13820,0.15384615384615385,0.0,730
E13821,,0.0,730
E13822,0.16666666666666666,0.0,730
E13823,0.0,0.0,730
E13824,1.0,0.0,730
E13825,0.0,0.0,730
E13826,0.0,0.0,730
E13827,0.16666666666666666,0.0,730
E13828,0.18181818181818182,0.0,730
E13829,0.0,0.0,730
E13830,0.0,1.0,730
E13831,0.09090909090909091,1.0,730
E13832,0.125,1.0,730
E13833,0.0,0.0,730
E13834,0.0,0.0,730
E13835,1.0,0.0,519
E13836,0.0,0.0,730
E13837,0.0,0.0,515
E13838,,0.0,538
E13839,0.0,0.0,730
E13840,1.0,0.0,730
E13841,0.14285714285714285,0.0,730
E13842,,1.0,730
E13843,0.0,0.0,730
E13844,0.15384615384615385,0.0,730
E13845,,0.0,730
E13846,0.0,0.0,730
E13847,0.0,0.0,730
E13848,,0.0,730
E13849,0.0,0.0,730
E13850,0.0,0.0,730
E13851,0.0,0.0,730
E13852,0.0,0.0,730
E13853,0.0,0.0,515
E13854,0.0,0.0,730
E13855,0.0,0.0,730
E13856,0.0,0.0,730
E13857,0.125,0.0,521
E13858,0.0,0.0,730
E13859,0.0,0.0,730
E13860,0.0,1.0,730
E13861,0.0,1.0,730
E13862,0.0,0.0,730
E13863,0.16666666666666666,0.0,515
E13864,0.25,0.0,730
E13865,0.0,0.0,730
E13866,0.0,0.0,730
E13867,0.0,0.0,730
E13868,0.0,0.0,730
E13869,0.0,0.0,730
E13870,0.0,0.0,730
E13871,0.0,0.0,730
E13872,0.06666666666666667,0.0,730
E13873,0.0,0.0,730
E13874,0.0,0.0,546
E13875,0.0,0.0,730
E13876,0.0,0.0,730
E13877,0.0,1.0,730
E13878,0.0,0.0,730
E13879,,1.0,730
E13880,,0.0,730
E13881,0.2,0.0,730
E13882,0.0,0.0,730
E13883,0.0,0.0,730
E13884,,0.0,730
E13885,0.0,0.0,730
E13886,0.0,0.0,730
E13887,0.0,0.0,730
E13888,0.0,0.0,523
E13889,0.0,0.0,730
E13890,0.0,0.0,730
E13891,0.0,0.0,730
E13892,0.0,0.0,730
E13893,0.125,0.0,730
E13894,0.0,1.0,730
E13895,0.0,0.0,730
E13896,0.0,0.0,730
E13897,0.0,0.0,730
E13898,0.0,0.0,730
E13899,0.0,0.0,730
E13900,0.0,0.0,730
E13901,0.0,1.0,730
E13902,0.0,0.0,730
E13903,0.0,0.0,730
E13904,0.0,1.0,730
E13905,0.375,0.0,730
E13906,0.0,0.0,730
E13907,0.0,0.0,730
E13908,0.0,0.0,730
E13909,0.15384615384615385,0.0,730
E13910,,0.0,730
E13911,0.0,0.0,730
E13912,0.0,0.0,730
E13913,,0.0,730
E13914,0.0,0.0,730
E13915,0.0,1.0,730
E13916,0.0,0.0,730
E13917,,0.0,730
E13918,0.0,0.0,730
E13919,0.16666666666666666,0.0,730
E13920,0.5,1.0,730
E13921,0.0,0.0,525
E13922,0.0,0.0,730
E13923,0.11764705882352941,1.0,730
E13924,,0.0,730
E13925,0.14285714285714285,0.0,730
E13926,0.0,1.0,730
E13927,0.0,0.0,730
E13928,0.0,0.0,730
E13929,0.0,0.0,730
E13930,0.047619047619047616,0.0,730
E13931,0.0,0.0,730
E13932,0.0,0.0,730
E13933,0.25,0.0,730
E13934,0.0,0.0,730
E13935,0.06666666666666667,0.0,730
E13936,0.0,0.0,730
E13937,0.0,0.0,730
E13938,0.0,1.0,730
E13939,0.0,0.0,730
E13940,0.1,1.0,730
E13941,0.0,0.0,730
E13942,0.08695652173913043,0.0,730
E13943,0.0,0.0,730
E13944,0.25,0.0,730
E13945,0.0,0.0,730
E13946,0.0,0.0,730
E13947,0.0,0.0,730
E13948,0.0,0.0,730
E13949,0.1,0.0,730
E13950,0.6666666666666666,0.0,730
E13951,0.0,1.0,730
E13952,0.0,0.0,730
E13953,,0.0,730
E13954,0.0,0.0,730
E13955,0.0,1.0,730
E13956,0.0,0.0,730
E13957,0.0,0.0,522
E13958,0.0,1.0,730
E13959,,0.0,730
E13960,0.0,0.0,730
E13961,0.0,0.0,730
E13962,0.5,0.0,730
E13963,0.0,0.0,730
E13964,0.3333333333333333,0.0,730
E13965,0.5,0.0,730
E13966,0.0,0.0,730
E13967,,0.0,730
E13968,0.5,0.0,730
E13969,0.0,0.0,730
E13970,0.0,0.0,730
E13971,0.0,0.0,730
E13972,,0.0,730
E13973,0.09090909090909091,0.0,730
E13974,0.0,0.0,730
E13975,,0.0,522
E13976,0.0,0.0,730
E13977,0.3333333333333333,0.0,730
E13978,0.11764705882352941,0.0,730
E13979,0.0,0.0,730
E13980,,0.0,730
E13981,0.0,0.0,730
E13982,0.0,0.0,730
E13983,0.0,0.0,730
E13984,0.5,0.0,606
E13985,0.25,0.0,730
E13986,0.0,0.0,730
E13987,0.0,0.0,730
E13988,0.1,0.0,730
E13989,0.0,0.0,730
E13990,0.0,0.0,730
E13991,0.0,0.0,730
E13992,,0.0,730
E13993,0.6666666666666666,0.0,730
E13994,0.0,0.0,730
E13995,0.4,0.0,730
E13996,0.0,0.0,730
E13997,0.0,0.0,730
E13998,0.0,0.0,730
E13999,0.0,0.0,730
E14000,0.125,1.0,730
E14001,1.0,0.0,529
E14002,,0.0,730
E14003,0.3333333333333333,1.0,730
E14004,0.0,0.0,730
E14005,0.0,0.0,730
E14006,,0.0,730
E14007,0.0,0.0,730
E14008,0.0,0.0,730
E14009,0.0,0.0,730
E14010,,1.0,730
E14011,0.0,0.0,730
E14012,0.0,0.0,730
E14013,0.0,1.0,730
E14014,0.0,0.0,730
E14015,0.25,0.0,730
E14016,0.0,0.0,730
E14017,0.2,1.0,730
E14018,0.0,0.0,730
E14019,0.0,1.0,730
E14020,0.0,1.0,730
E14021,0.027777777777777776,1.0,730
E14022,0.2,0.0,730
E14023,0.0,0.0,730
E14024,0.2,0.0,730
E14025,0.0,0.0,730
E14026,,0.0,730
E14027,0.16666666666666666,0.0,730
E14028,1.0,0.0,730
E14029,0.5,0.0,730
E14030,0.0,0.0,730
E14031,0.0,0.0,730
E14032,0.3333333333333333,0.0,546
E14033,0.0,0.0,730
E14034,0.08333333333333333,0.0,730
E14035,0.0,0.0,730
E14036,0.0,1.0,730
E14037,0.0,0.0,730
E14038,0.25,0.0,730
E14039,0.0,1.0,730
E14040,0.0,0.0,730
E14041,0.0,1.0,730
E14042,0.0,0.0,730
E14043,0.0,0.0,730
E14044,0.0,0.0,730
E14045,0.0,0.0,730
E14046,0.0,0.0,730
E14047,0.14285714285714285,1.0,730
E14048,0.0,0.0,730
E14049,0.0,0.0,730
E14050,0.0,1.0,730
E14051,0.0,1.0,614
E14052,0.1111111111111111,0.0,730
E14053,0.14285714285714285,0.0,730
E14054,0.0,0.0,533
E14055,0.1111111111111111,0.0,730
E14056,0.16666666666666666,0.0,730
E14057,0.0,0.0,730
E14058,0.0,0.0,730
E14059,0.125,0.0,730
E14060,,1.0,730
E14061,0.0,0.0,730
E14062,0.0,0.0,730
E14063,0.047619047619047616,0.0,730
E14064,0.0,0.0,730
E14065,0.0,0.0,730
E14066,0.0,1.0,730
E14067,0.0,0.0,730
E14068,0.4,0.0,730
E14069,0.14285714285714285,0.0,730
E14070,0.09090909090909091,0.0,730
E14071,0.0,0.0,730
E14072,0.0,0.0,730
E14073,,0.0,730
E14074,0.0,0.0,730
E14075,0.0,1.0,730
E14076,,0.0,730
E14077,0.0,1.0,730
E14078,0.0,0.0,730
E14079,0.0,1.0,730
E14080,0.0,0.0,730
E14081,0.0,0.0,730
E14082,0.16666666666666666,0.0,578
E14083,0.0,0.0,730
E14084,0.0,0.0,730
E14085,0.0,1.0,730
E14086,0.0,0.0,730
E14087,0.0,0.0,546
E14088,0.0,0.0,529
E14089,0.0,0.0,730
E14090,0.0,0.0,730
E14091,0.0,0.0,730
E14092,0.0,0.0,730
E14093,0.5,0.0,730
E14094,0.25,0.0,730
E14095,0.0,1.0,730
E14096,0.0,0.0,730
E14097,0.2,0.0,730
E14098,0.0,0.0,730
E14099,,0.0,730
E14100,0.0,0.0,529
E14101,,0.0,730
E14102,,0.0,730
E14103,0.0,0.0,730
E14104,0.0,0.0,730
E14105,0.1111111111111111,1.0,730
E14106,0.2,0.0,730
E14107,0.0,0.0,730
E14108,0.0,0.0,541
E14109,0.0,0.0,730
E14110,0.25,0.0,730
E14111,0.5,0.0,546
E14112,0.0,0.0,730
E14113,,0.0,730
E14114,0.0,0.0,669
E14115,0.0,0.0,730
E14116,0.0,0.0,730
E14117,0.0,1.0,536
E14118,0.0,0.0,730
E14119,0.0,0.0,730
E14120,0.0,0.0,730
E14121,0.1,0.0,730
E14122,1.0,0.0,536
E14123,0.0,0.0,730
E14124,0.0,1.0,730
E14125,0.0,1.0,730
E14126,0.0,0.0,730
E14127,0.0,0.0,730
E14128,0.0,1.0,546
E14129,0.0,0.0,730
E14130,,1.0,730
E14131,0.2,0.0,730
E14132,0.2857142857142857,0.0,730
E14133,0.0,0.0,730
E14134,0.15384615384615385,0.0,730
E14135,0.0,0.0,730
E14136,0.5,0.0,730
E14137,0.0,1.0,730
E14138,,0.0,730
E14139,,0.0,730
E14140,0.0,0.0,730
E14141,0.14285714285714285,0.0,730
E14142,,1.0,730
E14143,0.3333333333333333,0.0,537
E14144,0.14285714285714285,0.0,730
E14145,0.0,0.0,730
E14146,0.0,0.0,730
E14147,0.0,0.0,730
E14148,0.3333333333333333,0.0,730
E14149,0.0,0.0,730
E14150,0.25,0.0,730
E14151,0.0,0.0,730
E14152,0.0,0.0,730
E14153,0.25,1.0,730
E14154,0.0,0.0,730
E14155,0.0,0.0,596
E14156,0.1111111111111111,0.0,730
E14157,0.0,0.0,730
E14158,0.0,0.0,730
E14159,0.0,0.0,730
E14160,0.0,0.0,730
E14161,0.25,1.0,730
E14162,0.0,0.0,730
E14163,0.0,0.0,730
E14164,0.0,1.0,730
E14165,0.0,0.0,730
E14166,0.0,0.0,730
E14167,0.16666666666666666,0.0,730
E14168,,0.0,730
E14169,1.0,1.0,730
E14170,0.0,0.0,730
E14171,0.0,0.0,730
E14172,0.0,0.0,730
E14173,0.15384615384615385,0.0,730
E14174,,0.0,730
E14175,0.0,0.0,730
E14176,0.0,1.0,730
E14177,0.5,1.0,730
E14178,0.0,0.0,730
E14179,,0.0,730
E14180,0.0,1.0,730
E14181,0.0,0.0,730
E14182,,0.0,730
E14183,0.0,0.0,730
E14184,0.0,0.0,730
E14185,0.0,0.0,730
E14186,0.0,0.0,730
E14187,0.125,0.0,730
E14188,0.0,0.0,730
E14189,0.0,0.0,730
E14190,0.25,0.0,690
E14191,0.0,0.0,536
E14192,0.0,0.0,541
E14193,0.0,0.0,730
E14194,0.0,1.0,730
E14195,0.0,0.0,730
E14196,,0.0,730
E14197,0.2,0.0,730
E14198,0.0,0.0,730
E14199,0.0,0.0,730
E14200,0.125,0.0,541
E14201,0.4,0.0,546
E14202,0.5,0.0,730
E14203,0.0,0.0,730
E14204,1.0,0.0,730
E14205,0.0,0.0,730
E14206,0.0,0.0,536
E14207,0.0,0.0,730
E14208,0.0,1.0,536
E14209,0.0,0.0,730
E14210,0.2222222222222222,0.0,730
E14211,0.0,0.0,730
E14212,0.0,0.0,730
E14213,0.0,1.0,730
E14214,,0.0,730
E14215,0.0,0.0,542
E14216,0.5,0.0,730
E14217,0.0,0.0,730
E14218,0.0,0.0,730
E14219,0.0,0.0,730
E14220,0.0,0.0,730
E14221,0.3333333333333333,0.0,730
E14222,0.0,1.0,648
E14223,0.2222222222222222,0.0,730
E14224,0.0,0.0,730
E14225,,0.0,730
E14226,0.0,0.0,542
E14227,0.0,0.0,730
E14228,0.0,0.0,730
E14229,0.0,0.0,730
E14230,0.2,0.0,730
E14231,0.0,0.0,730
E14232,0.0,0.0,730
E14233,0.0,0.0,730
E14234,0.25,1.0,730
E14235,,1.0,730
E14236,0.14285714285714285,0.0,730
E14237,0.0,0.0,730
E14238,0.058823529411764705,0.0,543
E14239,0.0,0.0,730
E14240,0.0,0.0,730
E14241,0.0,0.0,543
E14242,0.3333333333333333,1.0,730
E14243,0.1111111111111111,0.0,730
E14244,0.0,0.0,730
E14245,0.0,0.0,730
E14246,0.0,1.0,730
E14247,0.0,0.0,730
E14248,0.0,0.0,546
E14249,0.0,0.0,730
E14250,0.0,0.0,730
E14251,0.07142857142857142,0.0,730
E14252,0.0,0.0,730
E14253,,0.0,730
E14254,0.5,1.0,730
E14255,0.0,0.0,730
E14256,0.0,0.0,730
E14257,,0.0,730
E14258,0.0,0.0,730
E14259,0.0,0.0,730
E14260,1.0,0.0,730
E14261,0.0,0.0,730
E14262,,0.0,730
E14263,0.1,0.0,730
E14264,0.0,0.0,730
E14265,0.0,0.0,730
E14266,0.0,0.0,730
E14267,0.0,0.0,730
E14268,0.5,1.0,730
E14269,0.0,1.0,730
E14270,,1.0,730
E14271,0.0,0.0,730
E14272,0.0,0.0,730
E14273,,1.0,546
E14274,0.0,0.0,543
E14275,0.25,0.0,730
E14276,0.0,0.0,730
E14277,0.0,1.0,730
E14278,0.0,1.0,730
E14279,0.0,1.0,730
E14280,0.0,0.0,730
E14281,0.125,0.0,730
E14282,,0.0,730
E14283,0.0,0.0,730
E14284,0.0,1.0,730
E14285,0.0,0.0,543
E14286,0.0,0.0,730
E14287,0.5,0.0,730
E14288,0.043478260869565216,0.0,571
E14289,0.0,0.0,730
E14290,0.0,0.0,730
E14291,,1.0,730
E14292,0.0,0.0,730
E14293,0.0,0.0,730
E14294,0.0,0.0,730
E14295,0.0,0.0,730
E14296,0.1,0.0,730
E14297,0.0,1.0,730
E14298,0.0,1.0,730
E14299,0.0,0.0,730
E14300,0.2,0.0,547
E14301,0.0,0.0,730
E14302,,0.0,730
E14303,0.5,1.0,730
E14304,,0.0,730
E14305,,1.0,730
E14306,0.25,1.0,730
E14307,0.05,0.0,730
E14308,0.0,1.0,730
E14309,0.0,0.0,577
E14310,0.0,0.0,730
E14311,0.05,0.0,730
E14312,0.0,0.0,730
E14313,0.14285714285714285,0.0,730
E14314,0.1111111111111111,0.0,730
E14315,0.0,1.0,730
E14316,0.0,1.0,730
E14317,,0.0,730
E14318,0.0,0.0,730
E14319,,1.0,730
E14320,,0.0,730
E14321,0.0,0.0,730
E14322,0.3333333333333333,0.0,730
E14323,0.0,1.0,730
E14324,0.0,0.0,730
E14325,1.0,0.0,730
E14326,0.0,0.0,730
E14327,0.25,0.0,730
E14328,0.1,0.0,730
E14329,0.0,0.0,730
E14330,0.125,0.0,730
E14331,0.125,0.0,730
E14332,,1.0,730
E14333,0.0,0.0,730
E14334,0.0,0.0,730
E14335,0.0,0.0,730
E14336,,0.0,730
E14337,0.0,0.0,730
E14338,,0.0,730
E14339,0.0,0.0,730
E14340,0.0,0.0,730
E14341,1.0,0.0,549
E14342,,0.0,730
E14343,0.0,0.0,730
E14344,,0.0,730
E14345,0.0,0.0,730
E14346,0.0,1.0,549
E14347,0.0,0.0,730
E14348,0.0,0.0,730
E14349,0.0,0.0,730
E14350,0.0,0.0,730
E14351,0.25,0.0,730
E14352,0.0,0.0,730
E14353,0.0,0.0,730
E14354,0.0,0.0,730
E14355,0.6666666666666666,0.0,730
E14356,0.25,0.0,730
E14357,0.0,0.0,730
E14358,0.0,0.0,730
E14359,0.0,1.0,730
E14360,0.0,0.0,730
E14361,0.0,0.0,730
E14362,1.0,0.0,730
E14363,0.2,0.0,550
E14364,0.0,0.0,730
E14365,0.125,0.0,730
E14366,0.0,0.0,584
E14367,0.0,0.0,730
E14368,0.0,1.0,730
E14369,0.0,0.0,730
E14370,0.0,0.0,730
E14371,0.0,0.0,730
E14372,0.0,1.0,730
E14373,0.0,0.0,730
E14374,0.2,0.0,730
E14375,0.0,1.0,730
E14376,1.0,0.0,730
E14377,0.0,0.0,730
E14378,0.0,0.0,730
E14379,,0.0,730
E14380,0.0,0.0,730
E14381,0.0,0.0,730
E14382,0.2,,730
E14383,,,730
E14384,0.0,,730
E14385,0.0,0.0,606
E14386,0.0,,730
E14387,0.0,,730
E14388,0.3333333333333333,,730
E14389,0.0,,730
E14390,0.0,,730
E14391,,,730
E14392,0.0,,730
E14393,,,730
E14394,0.0,,730
E14395,0.0,,730
E14396,0.0,,730
E14397,0.0,,730
E14398,0.2857142857142857,,730
E14399,0.0,,730
E14400,0.0,,730
E14401,0.0,,730
E14402,0.2857142857142857,,730
E14403,0.5,,730
E14404,0.0,,730
E14405,0.0,,730
E14406,0.0,,730
E14407,0.07692307692307693,,730
E14408,0.0,,730
E14409,0.3333333333333333,,730
E14410,0.0,,730
E14411,0.0,,730
E14412,,,730
E14413,0.25,0.0,620
E14414,0.0,,730
E14415,0.0,,730
E14416,,0.0,633
E14417,0.5,,730
E14418,0.0,,730
E14419,1.0,,730
E14420,0.0,,730
E14421,0.2857142857142857,,730
E14422,0.06666666666666667,,730
E14423,0.0,,730
E14424,,,730
E14425,0.0,,730
E14426,0.0,,730
E14427,0.0,,730
E14428,0.0,,730
E14429,0.0,,730
E14430,0.0,,730
E14431,0.0,,730
E14432,0.0,,730
E14433,0.0,,730
E14434,0.0,,730
E14435,0.0,,730
E14436,0.0,,730
E14437,0.0,,730
E14438,0.0,,730
E14439,0.0,,730
E14440,0.0,,730
E14441,,,730
E14442,0.2,,730
E14443,0.0,,730
E14444,0.0,,730
E14445,0.0,0.0,685
E14446,0.0,,730
E14447,0.0,,730
E14448,0.0,,730
E14449,0.5,,730
E14450,0.0,,730
E14451,0.0,,730
E14452,0.0,,730
E14453,0.0,,730
E14454,,,730
E14455,0.0,,730
E14456,,,730
E14457,0.0,,730
E14458,0.25,0.0,697
E14459,0.0,,730
E14460,0.0,,730
E14461,0.0,,730
E14462,0.0,,730
E14463,0.0,,730
E14464,0.0,,730
E14465,0.3333333333333333,0.0,697
E14466,,,730
E14467,,0.0,702
E14468,0.0,,730
E14469,0.08333333333333333,,730
E14470,0.0,0.0,730
E14471,0.14285714285714285,0.0,730
E14472,0.0,0.0,707
E14473,0.0,,730
E14474,1.0,,730
E14475,0.0,,730
E14476,0.05,,730
E14477,0.25,,730
E14478,0.15384615384615385,,730
E14479,0.0,,730
E14480,0.0,,730
E14481,0.0,,730
E14482,0.0,,730
E14483,0.0,,730
E14484,0.0,,730
E14485,0.0,,730
E14486,0.0,,730
E14487,0.0,,730
E14488,0.0,,730
E14489,0.0,,730
E14490,0.0,,730
E14491,1.0,,730
E14492,,,730
E14493,0.0,,730
E14494,0.1,,730
E14495,0.1111111111111111,,730
E14496,0.0,,730
E14497,0.0,,730
E14498,,,730
E14499,0.0,,730
E14500,0.0,,730
