employee_id,exit_date,exit_type,stated_exit_reason,notice_period_served,regrettable_flag,performance_band_at_exit,salary_at_exit,manager_id_at_exit,pathway,name,hire_date,exit_date_e,status,department,role_family,role_level,job_title,salary,compa_ratio,gender,age_band,cultural_background,contract_type,hipo_flag,promotion_eligible,manager_id,hire_source,legacy_entity_code,data_source_system,days_to_fill,tenure_months,acting_appointment,tenure_d,last_rating,last_goal,bucket
E00005,2024-12-24,voluntary,Relocation,True,False,Meets Expectations,132400.0,E12337,push,Gabrielle Crawford,1988-01-14,2024-12-24,departed,Wealth Management,Technology,2,"Manager, Wealth Management",132400.0,0.91,Female,60+,East Asian,Full-time,False,True,E12337,direct,NovaCorp-Origin,WorkdayHR,63.0,449,False,13494,Outstanding,97.1,regrettable_attrition
E00006,2025-04-17,voluntary,Work-life balance,True,False,Below Expectations,120600.0,E00218,push,Karen Hernandez,1988-01-15,2025-04-17,departed,Corporate Operations,Risk-Compliance,2,"Manager, Corporate Operations",120600.0,0.83,Female,60+,Anglo-Australian,Full-time,False,False,E00218,agency,NovaCorp-Origin,WorkdayHR,20.0,453,False,13607,Outstanding,86.8,regrettable_attrition
E00008,2024-02-19,voluntary,Career advancement,True,False,Meets Expectations,117800.0,E00249,push,Mr. Aaron Higgins,1988-01-18,2024-02-19,departed,Technology,Corporate-Support,2,"Manager, Technology",117800.0,0.81,Male,55-59,Anglo-Australian,Fixed-term,False,False,E00249,acquisition,NovaCorp-Origin,WorkdayHR,79.0,439,False,13181,Outstanding,75.7,regrettable_attrition
E00021,2024-05-24,voluntary,Career advancement,True,False,Meets Expectations,125500.0,E08861,push,Peter Myers MD,1988-02-04,2024-05-24,departed,Insurance,Risk-Compliance,2,"Manager, Insurance",125500.0,0.87,Male,60+,East Asian,Part-time,False,False,E08861,referral,NovaCorp-Origin,WorkdayHR,89.0,441,False,13259,High Performer,69.4,regrettable_attrition
E00023,2025-07-04,voluntary,Career advancement,False,False,Outstanding,175400.0,E09824,pull,Jordan Anderson,1988-02-05,2025-07-04,departed,Technology,Corporate-Support,3,"Senior Manager, Technology",175400.0,0.88,Male,60+,Anglo-Australian,Full-time,False,False,E09824,direct,NovaCorp-Origin,WorkdayHR,85.0,455,False,13664,High Performer,60.2,regrettable_attrition
E00027,2025-04-30,voluntary,Better opportunity,True,False,High Performer,172700.0,E09174,pull,Mr. Stephen Duran MD,1988-02-10,2025-04-30,departed,Risk & Compliance,Corporate-Support,3,"Senior Manager, Risk & Compliance",172700.0,0.86,Male,60+,East Asian,Casual,False,False,E09174,graduate,NovaCorp-Origin,WorkdayHR,39.0,453,False,13594,Outstanding,84.4,regrettable_attrition
E00036,2025-09-29,voluntary,Study/career change,True,False,Unsatisfactory,130000.0,E02132,push,Hayley Mitchell,1988-02-16,2025-09-29,departed,Corporate Operations,Technology,2,"Manager, Corporate Operations",130000.0,0.9,Female,60+,Anglo-Australian,Full-time,False,True,E02132,agency,NovaCorp-Origin,WorkdayHR,54.0,458,False,13740,Below Expectations,56.0,routine_voluntary
E00046,2025-04-29,voluntary,Career advancement,True,False,Meets Expectations,127800.0,E10271,push,John Simmons,1988-03-03,2025-04-29,departed,Corporate Operations,Risk-Compliance,2,"Manager, Corporate Operations",127800.0,0.88,Prefer not to say,60+,East Asian,Full-time,False,False,E10271,referral,NovaCorp-Origin,WorkdayHR,89.0,452,False,13571,Meets Expectations,48.6,routine_voluntary
E00053,2024-05-01,voluntary,Better opportunity,True,False,Meets Expectations,132700.0,E00523,pull,Regina Burns,1988-03-21,2024-05-01,departed,Risk & Compliance,Risk-Compliance,2,"Manager, Risk & Compliance",132700.0,0.92,Female,55-59,Anglo-Australian,Full-time,False,True,E00523,agency,NovaCorp-Origin,WorkdayHR,17.0,439,False,13190,High Performer,57.1,regrettable_attrition
E00071,2024-09-30,voluntary,Career advancement,True,False,Below Expectations,123400.0,E04453,push,Christian Heath,1988-04-16,2024-09-30,departed,Technology,Risk-Compliance,2,"Manager, Technology",123400.0,0.85,Male,60+,Maori/Aboriginal & Torres Strait Islander,Full-time,False,False,E04453,agency,NovaCorp-Origin,WorkdayHR,69.0,443,False,13316,Below Expectations,51.4,routine_voluntary
E00072,2025-05-18,voluntary,Compensation,True,False,Meets Expectations,132800.0,E01982,push,Philip Gilmore,1988-04-17,2025-05-18,departed,Technology,Technology,2,"Manager, Technology",132800.0,0.92,Non-binary,60+,Anglo-Australian,Casual,False,True,E01982,agency,NovaCorp-Origin,WorkdayHR,70.0,451,False,13545,Below Expectations,43.7,routine_voluntary
E00074,2025-08-29,voluntary,Compensation,True,False,Unsatisfactory,130700.0,E01790,push,Tracey Franklin,1988-04-21,2025-08-29,departed,Corporate Operations,Operations-Processing,2,"Manager, Corporate Operations",130700.0,0.9,Female,55-59,Anglo-Australian,Part-time,False,True,E01790,graduate,NovaCorp-Origin,WorkdayHR,78.0,454,False,13644,Meets Expectations,72.4,routine_voluntary
E00077,2024-08-30,involuntary,Involuntary - restructure,True,False,Meets Expectations,132200.0,E00271,push,Melissa Abbott,1988-04-24,2024-08-30,departed,Risk & Compliance,Corporate-Support,2,"Manager, Risk & Compliance",132200.0,0.91,Female,60+,Anglo-Australian,Part-time,False,True,E00271,agency,NovaCorp-Origin,WorkdayHR,31.0,442,False,13277,Meets Expectations,65.0,involuntary
E00078,2024-06-28,voluntary,Career advancement,True,False,Unsatisfactory,182200.0,E08854,push,Mr. William Hayes PhD,1988-04-25,2024-06-28,departed,Insurance,Corporate-Support,3,"Senior Manager, Insurance",182200.0,0.91,Male,60+,Anglo-Australian,Part-time,False,False,E08854,direct,NovaCorp-Origin,WorkdayHR,65.0,440,False,13213,Meets Expectations,67.0,routine_voluntary
E00082,2025-03-14,voluntary,Career advancement,True,False,Meets Expectations,124500.0,E08751,pull,John Martinez,1988-04-26,2025-03-14,departed,Technology,Management,2,"Manager, Technology",124500.0,0.86,Male,60+,Anglo-Australian,Full-time,False,False,E08751,direct,NovaCorp-Origin,WorkdayHR,28.0,449,False,13471,Below Expectations,34.7,routine_voluntary
E00095,2024-12-22,involuntary,Involuntary - performance,True,False,Below Expectations,122800.0,E00583,push,Richard Wood,1988-05-05,2024-12-22,departed,Wealth Management,Corporate-Support,2,"Manager, Wealth Management",122800.0,0.85,Male,60+,Middle Eastern,Full-time,False,True,E00583,agency,NovaCorp-Origin,WorkdayHR,15.0,446,False,13380,Below Expectations,73.5,involuntary
E00099,2024-09-27,voluntary,Career advancement,True,False,Below Expectations,142600.0,E00164,push,Julie Gray,1988-05-10,2024-09-27,departed,Retail Banking,Risk-Compliance,2,"Manager, Retail Banking",142600.0,0.98,Female,60+,South Asian,Full-time,True,True,E00164,agency,NovaCorp-Origin,WorkdayHR,26.0,442,False,13289,Below Expectations,49.7,regrettable_attrition
E00102,2025-06-18,voluntary,Better opportunity,False,False,Unsatisfactory,180700.0,E06617,push,Patrick Smith,1988-05-15,2025-06-18,departed,Risk & Compliance,Technology,3,"Senior Manager, Risk & Compliance",180700.0,0.96,Male,60+,Anglo-Australian,Full-time,False,False,E06617,agency,NovaCorp-Origin,WorkdayHR,72.0,451,False,13548,Meets Expectations,63.1,routine_voluntary
E00106,2024-05-31,voluntary,Better opportunity,True,False,Outstanding,132200.0,E11480,pull,Renee Murphy,1988-05-23,2024-05-31,departed,Retail Banking,Corporate-Support,2,"Manager, Retail Banking",132200.0,0.91,Female,55-59,Anglo-Australian,Fixed-term,False,True,E11480,graduate,NovaCorp-Origin,WorkdayHR,59.0,438,False,13157,Meets Expectations,56.6,routine_voluntary
E00115,2024-03-15,voluntary,Career advancement,False,False,Below Expectations,137200.0,E05469,push,Michael Wang,1988-06-06,2024-03-15,departed,Insurance,Management,2,"Manager, Insurance",137200.0,0.95,Male,55-59,Anglo-Australian,Full-time,False,False,E05469,agency,NovaCorp-Origin,WorkdayHR,25.0,435,False,13066,Meets Expectations,66.4,routine_voluntary
E00146,2024-06-28,involuntary,Involuntary - performance,False,False,Unsatisfactory,115600.0,E10143,push,Carlos Miller,1988-07-28,2024-06-28,departed,Technology,Operations-Processing,2,"Manager, Technology",115600.0,0.8,Male,60+,Southeast Asian,Full-time,False,False,E10143,direct,NovaCorp-Origin,WorkdayHR,41.0,437,False,13119,Meets Expectations,45.1,involuntary
E00149,2025-03-31,voluntary,Better opportunity,True,False,High Performer,265200.0,E06846,pull,Lisa Lopez,1988-08-07,2025-03-31,departed,Risk & Compliance,Client-Advisory,4,"Director, Risk & Compliance",265200.0,1.02,Female,60+,Anglo-Australian,Part-time,False,False,E06846,graduate,NovaCorp-Origin,WorkdayHR,82.0,446,False,13385,Meets Expectations,67.9,routine_voluntary
E00156,2024-03-15,voluntary,Better opportunity,False,True,Meets Expectations,185700.0,E00273,pull,Matthew Davis,1988-08-13,2024-03-15,departed,Risk & Compliance,Risk-Compliance,3,"Senior Manager, Risk & Compliance",185700.0,0.93,Male,55-59,Prefer not to say,Full-time,True,True,E00273,graduate,NovaCorp-Origin,WorkdayHR,63.0,433,False,12998,Meets Expectations,59.7,regrettable_attrition
E00160,2025-02-02,voluntary,Better opportunity,True,False,Below Expectations,125200.0,E10143,pull,David Wilson,1988-08-16,2025-02-02,departed,Technology,Risk-Compliance,2,"Manager, Technology",125200.0,0.86,Male,60+,Anglo-Australian,Full-time,False,False,E10143,direct,NovaCorp-Origin,WorkdayHR,62.0,443,False,13319,High Performer,64.5,regrettable_attrition
E00190,2024-04-30,voluntary,Career advancement,False,False,Meets Expectations,140200.0,E00880,pull,Karen Peterson,1988-10-15,2024-04-30,departed,Wealth Management,Technology,2,"Manager, Wealth Management",140200.0,0.97,Female,60+,Anglo-Australian,Full-time,False,True,E00880,referral,NovaCorp-Origin,WorkdayHR,49.0,432,False,12981,Below Expectations,38.5,routine_voluntary
E00200,2025-08-10,voluntary,Career advancement,True,True,Outstanding,143000.0,E07060,pull,Mr. Allen Price,1988-10-26,2025-08-10,departed,Insurance,Client-Advisory,2,"Manager, Insurance",143000.0,0.99,Male,55-59,East Asian,Full-time,False,True,E07060,referral,NovaCorp-Origin,WorkdayHR,38.0,447,False,13437,Meets Expectations,66.4,routine_voluntary
E00206,2025-06-19,voluntary,Career advancement,True,False,Below Expectations,126000.0,E12811,push,Amy Stone,1988-11-03,2025-06-19,departed,Risk & Compliance,Risk-Compliance,2,"Manager, Risk & Compliance",126000.0,0.87,Female,60+,Anglo-Australian,Part-time,False,True,E12811,direct,NovaCorp-Origin,WorkdayHR,85.0,445,False,13377,Meets Expectations,56.6,routine_voluntary
E00207,2024-10-31,voluntary,Career advancement,True,False,Meets Expectations,123200.0,E09414,push,Jade Allen,1988-11-04,2024-10-31,departed,Technology,Management,2,"Manager, Technology",123200.0,0.85,Female,55-59,Anglo-Australian,Full-time,False,False,E09414,direct,NovaCorp-Origin,WorkdayHR,41.0,438,False,13145,Meets Expectations,56.3,routine_voluntary
E00210,2025-05-02,voluntary,Career advancement,True,False,Below Expectations,129800.0,E01498,push,Sean Moreno,1988-11-06,2025-05-02,departed,Risk & Compliance,Client-Advisory,2,"Manager, Risk & Compliance",129800.0,0.9,Male,60+,Southeast Asian,Full-time,False,True,E01498,graduate,NovaCorp-Origin,WorkdayHR,32.0,444,False,13326,High Performer,70.6,regrettable_attrition
E00211,2025-02-28,voluntary,Career advancement,True,False,Meets Expectations,117600.0,E06218,push,Gina Moran,1988-11-09,2025-02-28,departed,Wealth Management,Risk-Compliance,2,"Manager, Wealth Management",117600.0,0.81,Female,60+,African,Full-time,False,True,E06218,agency,NovaCorp-Origin,WorkdayHR,76.0,442,False,13260,Outstanding,84.9,regrettable_attrition
E00231,2024-10-26,involuntary,Involuntary - performance,True,False,High Performer,131900.0,E07606,push,Kevin Campos,1988-12-13,2024-10-26,departed,Wealth Management,Client-Advisory,2,"Manager, Wealth Management",131900.0,0.91,Male,60+,Anglo-Australian,Full-time,False,False,E07606,agency,NovaCorp-Origin,WorkdayHR,57.0,436,False,13101,Meets Expectations,75.9,involuntary
E00239,2025-05-13,voluntary,Career advancement,True,False,High Performer,129400.0,E03544,pull,Lisa Smith,1988-12-30,2025-05-13,departed,Technology,Operations-Processing,2,"Manager, Technology",129400.0,0.89,Female,60+,Anglo-Australian,Full-time,False,True,E03544,direct,NovaCorp-Origin,WorkdayHR,79.0,442,False,13283,Below Expectations,47.9,routine_voluntary
E00273,2024-03-25,voluntary,Career advancement,False,True,High Performer,258500.0,E08830,pull,Brian Martinez,1989-03-09,2024-03-25,departed,Risk & Compliance,Operations-Processing,4,"Director, Risk & Compliance",258500.0,0.84,Male,60+,South Asian,Full-time,True,False,E08830,direct,NovaCorp-Origin,WorkdayHR,32.0,426,False,12800,Below Expectations,37.9,regrettable_attrition
E00276,2024-05-31,voluntary,Career advancement,True,False,Meets Expectations,135900.0,E00087,push,Francisco Johnson,1989-03-12,2024-05-31,departed,Technology,Operations-Processing,2,"Manager, Technology",135900.0,0.94,Male,60+,Anglo-Australian,Full-time,True,False,E00087,agency,NovaCorp-Origin,WorkdayHR,77.0,428,False,12864,Outstanding,82.9,regrettable_attrition
E00284,2025-09-05,voluntary,Career advancement,True,False,Meets Expectations,175500.0,E13928,push,Bradley Cochran,1989-03-24,2025-09-05,departed,Retail Banking,Technology,3,"Senior Manager, Retail Banking",175500.0,0.88,Male,60+,Southeast Asian,Full-time,False,False,E13928,agency,NovaCorp-Origin,WorkdayHR,62.0,443,False,13314,Below Expectations,51.6,routine_voluntary
E00294,2025-01-24,involuntary,Involuntary - performance,True,False,Below Expectations,184500.0,E12110,push,Sabrina Pierce,1989-04-02,2025-01-24,departed,Wealth Management,Technology,3,"Senior Manager, Wealth Management",184500.0,0.92,Female,60+,European (non-Anglo),Casual,False,True,E12110,graduate,NovaCorp-Origin,WorkdayHR,18.0,436,False,13081,High Performer,72.4,involuntary
E00309,2024-03-29,voluntary,Better opportunity,True,False,Meets Expectations,190900.0,E09447,push,Tara Stewart,1989-04-26,2024-03-29,departed,Technology,Technology,3,"Senior Manager, Technology",190900.0,0.95,Female,60+,Anglo-Australian,Full-time,False,False,E09447,referral,NovaCorp-Origin,WorkdayHR,89.0,425,False,12756,Outstanding,93.0,regrettable_attrition
E00325,2024-02-29,voluntary,Career advancement,True,False,Meets Expectations,179900.0,E10710,push,John Garner,1989-05-19,2024-02-29,departed,Retail Banking,Client-Advisory,3,"Senior Manager, Retail Banking",179900.0,0.9,Male,60+,Anglo-Australian,Full-time,False,False,E10710,direct,NovaCorp-Origin,WorkdayHR,51.0,423,False,12704,High Performer,74.4,regrettable_attrition
E00395,2024-05-17,involuntary,Involuntary - performance,False,False,Unsatisfactory,123600.0,E08101,push,Brooke Mcconnell DDS,1989-08-18,2024-05-17,departed,Risk & Compliance,Corporate-Support,2,"Manager, Risk & Compliance",123600.0,0.85,Female,60+,Anglo-Australian,Full-time,False,True,E08101,referral,NovaCorp-Origin,WorkdayHR,65.0,423,False,12691,High Performer,85.3,involuntary
E00402,2025-11-11,voluntary,Career advancement,True,True,Outstanding,134500.0,E03948,pull,Michael Blankenship,1989-08-29,2025-11-11,departed,Risk & Compliance,Corporate-Support,2,"Manager, Risk & Compliance",134500.0,0.93,Male,60+,Maori/Aboriginal & Torres Strait Islander,Full-time,False,True,E03948,direct,NovaCorp-Origin,WorkdayHR,77.0,440,False,13223,Meets Expectations,56.2,routine_voluntary
E00407,2025-06-20,involuntary,Involuntary - performance,True,False,Below Expectations,121000.0,E01225,push,Jeffrey Brown,1989-09-04,2025-06-20,departed,Technology,Risk-Compliance,2,"Manager, Technology",121000.0,0.83,Male,55-59,Prefer not to say,Full-time,False,False,E01225,direct,NovaCorp-Origin,WorkdayHR,25.0,435,False,13073,Meets Expectations,48.9,involuntary
E00459,2024-03-20,voluntary,Career advancement,False,False,Meets Expectations,126300.0,E02577,push,Joshua Williams,1989-11-15,2024-03-20,departed,Wealth Management,Client-Advisory,2,"Manager, Wealth Management",126300.0,0.87,Non-binary,50-54,Maori/Aboriginal & Torres Strait Islander,Part-time,False,False,E02577,agency,NovaCorp-Origin,WorkdayHR,68.0,418,False,12544,Meets Expectations,72.3,routine_voluntary
E00465,2024-10-08,voluntary,Career advancement,True,False,High Performer,129500.0,E02562,pull,Miss Christine Ortiz,1989-11-25,2024-10-08,departed,Insurance,Corporate-Support,2,"Manager, Insurance",129500.0,0.89,Female,60+,Anglo-Australian,Full-time,False,True,E02562,graduate,NovaCorp-Origin,WorkdayHR,19.0,424,False,12736,Meets Expectations,59.5,routine_voluntary
E00483,2025-05-07,voluntary,Career advancement,False,False,Meets Expectations,129300.0,E01657,pull,Jason Shields DDS,1989-12-17,2025-05-07,departed,Retail Banking,Client-Advisory,2,"Manager, Retail Banking",129300.0,0.89,Prefer not to say,60+,Prefer not to say,Full-time,False,False,E01657,acquisition,NovaCorp-Origin,WorkdayHR,24.0,430,False,12925,Meets Expectations,46.5,routine_voluntary
E00490,2024-04-30,voluntary,Better opportunity,True,False,Outstanding,175400.0,E11855,pull,Courtney Garza,1989-12-22,2024-04-30,departed,Technology,Risk-Compliance,3,"Senior Manager, Technology",175400.0,0.88,Female,60+,East Asian,Full-time,True,False,E11855,referral,NovaCorp-Origin,WorkdayHR,69.0,418,False,12548,High Performer,64.7,regrettable_attrition
E00537,2024-08-30,involuntary,Involuntary - performance,True,False,Below Expectations,175400.0,E04420,push,Ashley Murphy,1990-02-09,2024-08-30,departed,Technology,Corporate-Support,3,"Senior Manager, Technology",175400.0,0.88,Female,60+,Anglo-Australian,Fixed-term,False,False,E04420,direct,NovaCorp-Origin,WorkdayHR,30.0,420,False,12621,Meets Expectations,51.4,involuntary
E00538,2024-02-05,voluntary,Career advancement,True,False,Meets Expectations,125700.0,E00271,push,Matthew Nelson,1990-02-10,2024-02-05,departed,Technology,Risk-Compliance,2,"Manager, Technology",125700.0,0.87,Male,60+,Maori/Aboriginal & Torres Strait Islander,Full-time,False,False,E00271,agency,NovaCorp-Origin,WorkdayHR,87.0,413,False,12413,Unsatisfactory,25.5,routine_voluntary
E00551,2024-06-21,voluntary,Career advancement,True,False,Meets Expectations,182200.0,E06513,pull,Joseph Jones,1990-03-01,2024-06-21,departed,Risk & Compliance,Risk-Compliance,3,"Senior Manager, Risk & Compliance",182200.0,0.91,Male,60+,Anglo-Australian,Full-time,False,True,E06513,agency,NovaCorp-Origin,WorkdayHR,53.0,417,False,12531,Unsatisfactory,36.7,routine_voluntary
E00558,2024-08-28,voluntary,Career advancement,True,False,Outstanding,173200.0,E12796,push,Benjamin Smith,1990-03-16,2024-08-28,departed,Technology,Corporate-Support,3,"Senior Manager, Technology",173200.0,0.87,Male,60+,Anglo-Australian,Full-time,False,False,E12796,direct,NovaCorp-Origin,WorkdayHR,54.0,419,False,12584,Meets Expectations,53.6,routine_voluntary
E00565,2025-01-19,voluntary,Career advancement,True,False,High Performer,121900.0,E11739,pull,Abigail Carlson,1990-03-26,2025-01-19,departed,Technology,Corporate-Support,2,"Manager, Technology",121900.0,0.84,Female,60+,South Asian,Full-time,True,False,E11739,referral,NovaCorp-Origin,WorkdayHR,78.0,423,False,12718,High Performer,78.5,regrettable_attrition
E00573,2024-05-20,voluntary,Career advancement,False,False,Meets Expectations,118500.0,E00312,push,Michael Knight,1990-04-10,2024-05-20,departed,Insurance,Risk-Compliance,2,"Manager, Insurance",118500.0,0.82,Male,60+,Southeast Asian,Full-time,False,False,E00312,acquisition,NovaCorp-Origin,WorkdayHR,52.0,415,False,12459,Meets Expectations,51.7,routine_voluntary
E00578,2024-06-08,voluntary,Career advancement,True,False,Meets Expectations,210200.0,E11584,push,Jose Edwards,1990-04-19,2024-06-08,departed,Insurance,Technology,3,"Senior Manager, Insurance",210200.0,0.93,Male,60+,Anglo-Australian,Part-time,False,False,E11584,direct,NovaCorp-Origin,WorkdayHR,17.0,415,False,12469,Outstanding,87.8,regrettable_attrition
E00588,2024-03-22,voluntary,Better opportunity,True,False,High Performer,121200.0,E00333,pull,Gerald Mitchell,1990-04-30,2024-03-22,departed,Risk & Compliance,Client-Advisory,2,"Manager, Risk & Compliance",121200.0,0.84,Male,60+,Anglo-Australian,Full-time,False,False,E00333,agency,NovaCorp-Origin,WorkdayHR,16.0,412,False,12380,High Performer,78.6,regrettable_attrition
E00591,2024-05-31,voluntary,Study/career change,True,False,Meets Expectations,129100.0,E01107,push,Elaine Pruitt MD,1990-05-06,2024-05-31,departed,Corporate Operations,Corporate-Support,2,"Manager, Corporate Operations",129100.0,0.89,Female,60+,Anglo-Australian,Full-time,False,False,E01107,agency,NovaCorp-Origin,WorkdayHR,29.0,414,False,12444,Meets Expectations,70.0,routine_voluntary
E00603,2024-02-02,voluntary,Compensation,True,False,Meets Expectations,130600.0,E00193,push,Alexander Mclaughlin,1990-05-27,2024-02-02,departed,Retail Banking,Management,2,"Manager, Retail Banking",130600.0,0.9,Male,60+,Anglo-Australian,Full-time,False,False,E00193,agency,NovaCorp-Origin,WorkdayHR,43.0,410,False,12304,Outstanding,100.0,regrettable_attrition
E00616,2025-09-30,voluntary,Career advancement,True,False,High Performer,136700.0,E01135,push,Emily Flores,1990-06-11,2025-09-30,departed,Corporate Operations,Risk-Compliance,2,"Manager, Corporate Operations",136700.0,0.94,Female,60+,European (non-Anglo),Full-time,False,False,E01135,referral,NovaCorp-Origin,WorkdayHR,37.0,429,False,12895,Below Expectations,45.0,routine_voluntary
E00639,2025-04-28,involuntary,Involuntary - performance,True,False,Below Expectations,122200.0,E08590,push,Jennifer Johnson,1990-07-06,2025-04-28,departed,Wealth Management,Client-Advisory,2,"Manager, Wealth Management",122200.0,0.84,Female,55-59,Maori/Aboriginal & Torres Strait Islander,Full-time,False,False,E08590,graduate,NovaCorp-Origin,WorkdayHR,50.0,423,False,12715,Meets Expectations,59.1,involuntary
E00648,2024-03-27,voluntary,Compensation,True,False,Unsatisfactory,170300.0,E02887,push,Laura Vaughn,1990-07-16,2024-03-27,departed,Retail Banking,Client-Advisory,3,"Senior Manager, Retail Banking",170300.0,0.85,Female,60+,Anglo-Australian,Full-time,False,False,E02887,direct,NovaCorp-Origin,WorkdayHR,28.0,410,False,12308,High Performer,74.1,regrettable_attrition
E00654,2025-07-31,involuntary,Involuntary - performance,True,False,Below Expectations,117600.0,E09166,push,Katie Hendrix,1990-07-21,2025-07-31,departed,Insurance,Operations-Processing,2,"Manager, Insurance",117600.0,0.81,Female,60+,African,Full-time,False,False,E09166,agency,NovaCorp-Origin,WorkdayHR,57.0,426,False,12794,High Performer,76.8,involuntary
E00660,2024-08-10,voluntary,Better opportunity,True,False,High Performer,126600.0,E08688,pull,Jody Jimenez,1990-07-29,2024-08-10,departed,Retail Banking,Corporate-Support,2,"Manager, Retail Banking",126600.0,0.87,Female,55-59,Anglo-Australian,Full-time,False,False,E08688,agency,NovaCorp-Origin,WorkdayHR,87.0,414,False,12431,High Performer,81.9,regrettable_attrition
E00661,2025-07-29,involuntary,Involuntary - performance,True,False,Meets Expectations,115400.0,E00003,push,Samantha Smith,1990-08-01,2025-07-29,departed,Wealth Management,Risk-Compliance,2,"Manager, Wealth Management",115400.0,0.8,Female,60+,Anglo-Australian,Full-time,False,False,E00003,agency,NovaCorp-Origin,WorkdayHR,75.0,426,False,12781,High Performer,70.6,involuntary
E00669,2025-03-15,voluntary,Personal reasons,True,False,Meets Expectations,121700.0,E01123,push,Dalton Sheppard,1990-08-16,2025-03-15,departed,Risk & Compliance,Operations-Processing,2,"Manager, Risk & Compliance",121700.0,0.84,Male,60+,Anglo-Australian,Part-time,False,True,E01123,acquisition,NovaCorp-Origin,WorkdayHR,34.0,421,False,12630,Meets Expectations,50.0,routine_voluntary
E00675,2024-06-17,voluntary,Career advancement,True,False,Below Expectations,131100.0,E13940,push,Sarah Patterson,1990-08-27,2024-06-17,departed,Corporate Operations,Corporate-Support,2,"Manager, Corporate Operations",131100.0,0.9,Female,60+,Anglo-Australian,Part-time,False,True,E13940,agency,NovaCorp-Origin,WorkdayHR,68.0,411,False,12348,Meets Expectations,58.4,routine_voluntary
E00681,2025-01-31,voluntary,Work-life balance,True,False,High Performer,132500.0,E00832,push,Daniel Ferrell,1990-09-09,2025-01-31,departed,Insurance,Client-Advisory,2,"Manager, Insurance",132500.0,0.91,Male,60+,Anglo-Australian,Full-time,False,True,E00832,direct,NovaCorp-Origin,WorkdayHR,70.0,418,False,12563,Meets Expectations,54.7,routine_voluntary
E00687,2024-10-11,voluntary,Career advancement,True,False,Meets Expectations,187400.0,E10847,push,Nicole Walton,1990-09-14,2024-10-11,departed,Technology,Client-Advisory,3,"Senior Manager, Technology",187400.0,0.94,Female,55-59,European (non-Anglo),Full-time,False,True,E10847,agency,NovaCorp-Origin,WorkdayHR,24.0,414,False,12446,High Performer,58.0,regrettable_attrition
E00696,2024-08-23,involuntary,Involuntary - restructure,False,False,Meets Expectations,171400.0,E06609,push,Larry Robinson,1990-09-23,2024-08-23,departed,Technology,Risk-Compliance,3,"Senior Manager, Technology",171400.0,0.86,Male,50-54,Anglo-Australian,Full-time,False,True,E06609,direct,NovaCorp-Origin,WorkdayHR,57.0,412,False,12388,Meets Expectations,60.9,involuntary
E00707,2024-04-29,involuntary,Involuntary - performance,True,False,Below Expectations,121100.0,E00223,push,Dominic Jacobs,1990-10-12,2024-04-29,departed,Technology,Risk-Compliance,2,"Manager, Technology",121100.0,0.84,Male,60+,Anglo-Australian,Full-time,False,False,E00223,direct,NovaCorp-Origin,WorkdayHR,36.0,408,False,12253,Outstanding,73.8,involuntary
E00713,2025-01-19,voluntary,Career advancement,True,False,Meets Expectations,128900.0,E00446,push,Ann Sanchez,1990-10-16,2025-01-19,departed,Retail Banking,Operations-Processing,2,"Manager, Retail Banking",128900.0,0.89,Female,55-59,Maori/Aboriginal & Torres Strait Islander,Full-time,False,False,E00446,agency,NovaCorp-Origin,WorkdayHR,24.0,417,False,12514,High Performer,81.9,regrettable_attrition
E00734,2024-09-06,voluntary,Career advancement,True,False,Meets Expectations,121500.0,E05067,pull,Michael Conner,1990-11-12,2024-09-06,departed,Wealth Management,Client-Advisory,2,"Manager, Wealth Management",121500.0,0.84,Male,55-59,Maori/Aboriginal & Torres Strait Islander,Casual,False,False,E05067,agency,NovaCorp-Origin,WorkdayHR,64.0,411,False,12352,Meets Expectations,53.7,routine_voluntary
E00735,2024-07-09,involuntary,Involuntary - performance,True,False,Below Expectations,127300.0,E00704,push,Jordan Sosa,1990-11-15,2024-07-09,departed,Risk & Compliance,Operations-Processing,2,"Manager, Risk & Compliance",127300.0,0.88,Male,60+,Anglo-Australian,Fixed-term,True,False,E00704,agency,NovaCorp-Origin,WorkdayHR,36.0,409,False,12290,High Performer,72.0,involuntary
E00744,2024-03-01,voluntary,Career advancement,True,False,High Performer,221300.0,E00645,push,Jason Bentley,1990-11-29,2024-03-01,departed,Technology,Operations-Processing,3,"Senior Manager, Technology",221300.0,1.03,Male,60+,Latin American,Full-time,False,False,E00645,direct,NovaCorp-Origin,WorkdayHR,23.0,404,False,12146,Outstanding,83.8,regrettable_attrition
E00785,2024-06-10,voluntary,Career advancement,True,False,Below Expectations,116800.0,E00332,push,Cassandra Barnes,1991-01-28,2024-06-10,departed,Technology,Technology,2,"Manager, Technology",116800.0,0.81,Female,55-59,Middle Eastern,Full-time,False,False,E00332,agency,NovaCorp-Origin,WorkdayHR,50.0,406,False,12187,Meets Expectations,65.2,routine_voluntary
E00791,2025-08-15,involuntary,Involuntary - restructure,False,False,Meets Expectations,186700.0,E10094,push,Andrea Bennett,1991-02-03,2025-08-15,departed,Corporate Operations,Operations-Processing,3,"Senior Manager, Corporate Operations",186700.0,0.93,Female,60+,Anglo-Australian,Full-time,False,False,E10094,direct,NovaCorp-Origin,WorkdayHR,64.0,420,False,12612,Meets Expectations,65.0,involuntary
E00794,2024-03-22,involuntary,Involuntary - performance,True,False,Below Expectations,130200.0,E00552,push,Michael Wood,1991-02-05,2024-03-22,departed,Wealth Management,Risk-Compliance,2,"Manager, Wealth Management",130200.0,0.9,Male,60+,Prefer not to say,Fixed-term,True,False,E00552,direct,NovaCorp-Origin,WorkdayHR,22.0,403,False,12099,Outstanding,81.9,involuntary
E00795,2024-12-31,voluntary,Career advancement,True,False,High Performer,119400.0,E00586,push,Andrew Ross,1991-02-05,2024-12-31,departed,Risk & Compliance,Corporate-Support,2,"Manager, Risk & Compliance",119400.0,0.82,Male,60+,Anglo-Australian,Full-time,False,True,E00586,agency,NovaCorp-Origin,WorkdayHR,50.0,412,False,12383,High Performer,74.6,regrettable_attrition
E00796,2024-05-23,voluntary,Role uncertainty / unclear future,False,False,Meets Expectations,173000.0,E11308,push,Gabriella Gutierrez,1991-02-06,2024-05-23,departed,Retail Banking,Client-Advisory,3,"Senior Manager, Retail Banking",173000.0,0.86,Female,60+,Anglo-Australian,Full-time,False,False,E11308,agency,NovaCorp-Origin,WorkdayHR,59.0,405,False,12160,High Performer,58.1,regrettable_attrition
E00806,2025-03-31,involuntary,Involuntary - performance,False,False,Below Expectations,123800.0,E13889,push,Katie Peterson,1991-02-16,2025-03-31,departed,Technology,Operations-Processing,2,"Manager, Technology",123800.0,0.85,Female,60+,Anglo-Australian,Full-time,False,True,E13889,agency,NovaCorp-Origin,WorkdayHR,50.0,415,False,12462,High Performer,87.8,involuntary
E00807,2024-12-31,voluntary,Better opportunity,True,False,High Performer,173200.0,E07539,pull,Justin Saunders,1991-02-16,2024-12-31,departed,Insurance,Technology,3,"Senior Manager, Insurance",173200.0,0.91,Male,60+,East Asian,Full-time,False,True,E07539,referral,NovaCorp-Origin,WorkdayHR,15.0,412,False,12372,High Performer,78.8,regrettable_attrition
E00810,2025-10-31,voluntary,Career advancement,True,False,Below Expectations,183200.0,E10628,push,Christopher Newton,1991-02-21,2025-10-31,departed,Technology,Technology,3,"Senior Manager, Technology",183200.0,0.88,Male,60+,East Asian,Part-time,False,False,E10628,direct,NovaCorp-Origin,WorkdayHR,45.0,422,False,12671,Below Expectations,43.8,routine_voluntary
E00811,2024-02-29,voluntary,Career advancement,True,False,Unsatisfactory,187800.0,E07084,push,George Welch,1991-02-24,2024-02-29,departed,Risk & Compliance,Technology,3,"Senior Manager, Risk & Compliance",187800.0,0.94,Male,50-54,East Asian,Casual,False,False,E07084,direct,NovaCorp-Origin,WorkdayHR,70.0,401,False,12058,Meets Expectations,67.2,routine_voluntary
E00815,2024-09-30,voluntary,Career advancement,True,False,Unsatisfactory,188600.0,E10053,push,Brandon Graves,1991-02-27,2024-09-30,departed,Risk & Compliance,Operations-Processing,3,"Senior Manager, Risk & Compliance",188600.0,0.94,Male,60+,Anglo-Australian,Fixed-term,False,True,E10053,agency,NovaCorp-Origin,WorkdayHR,40.0,408,False,12269,Meets Expectations,49.2,routine_voluntary
E00819,2024-03-15,voluntary,Work-life balance,True,False,Meets Expectations,205800.0,E10847,push,Melanie Ramos,1991-03-09,2024-03-15,departed,Technology,Client-Advisory,3,"Senior Manager, Technology",205800.0,1.05,Female,60+,Anglo-Australian,Full-time,False,False,E10847,direct,NovaCorp-Origin,WorkdayHR,38.0,402,False,12060,Meets Expectations,68.9,routine_voluntary
E00829,2025-03-29,voluntary,Career advancement,False,True,Outstanding,175400.0,E09938,pull,Susan Banks,1991-03-30,2025-03-29,departed,Wealth Management,Management,3,"Senior Manager, Wealth Management",175400.0,0.88,Female,60+,Anglo-Australian,Full-time,True,True,E09938,direct,NovaCorp-Origin,WorkdayHR,64.0,413,False,12418,Meets Expectations,52.3,regrettable_attrition
E00834,2024-12-20,voluntary,Role uncertainty / unclear future,True,False,Meets Expectations,180900.0,E06226,push,Janice Holmes,1991-04-02,2024-12-20,departed,Retail Banking,Technology,3,"Senior Manager, Retail Banking",180900.0,0.9,Female,60+,South Asian,Full-time,False,False,E06226,acquisition,NovaCorp-Origin,WorkdayHR,22.0,410,False,12316,Meets Expectations,75.2,routine_voluntary
E00835,2024-05-26,involuntary,Involuntary - conduct,False,False,Meets Expectations,183600.0,E06695,push,Amy Rodriguez,1991-04-11,2024-05-26,departed,Wealth Management,Corporate-Support,3,"Senior Manager, Wealth Management",183600.0,0.92,Female,60+,Anglo-Australian,Casual,False,False,E06695,agency,NovaCorp-Origin,WorkdayHR,55.0,403,False,12099,High Performer,86.0,involuntary
E00836,2024-02-15,voluntary,Better opportunity,True,False,Below Expectations,126400.0,E00774,push,Luis Jones,1991-04-11,2024-02-15,departed,Retail Banking,Risk-Compliance,2,"Manager, Retail Banking",126400.0,0.87,Male,50-54,Southeast Asian,Full-time,False,False,E00774,agency,NovaCorp-Origin,WorkdayHR,44.0,399,False,11998,High Performer,72.2,regrettable_attrition
E00849,2024-12-13,voluntary,Career advancement,False,False,High Performer,127400.0,E13072,pull,Sierra Martin,1991-04-29,2024-12-13,departed,Retail Banking,Client-Advisory,2,"Manager, Retail Banking",127400.0,0.88,Female,55-59,Anglo-Australian,Full-time,True,False,E13072,agency,NovaCorp-Origin,WorkdayHR,37.0,409,False,12282,High Performer,78.5,regrettable_attrition
E00861,2024-03-26,voluntary,Better opportunity,False,True,Outstanding,120600.0,E01502,pull,Megan Buchanan,1991-05-22,2024-03-26,departed,Corporate Operations,Management,2,"Manager, Corporate Operations",120600.0,0.83,Female,60+,Anglo-Australian,Casual,False,False,E01502,graduate,NovaCorp-Origin,WorkdayHR,41.0,399,False,11997,Below Expectations,53.0,routine_voluntary
E00868,2024-11-06,voluntary,Better opportunity,True,False,High Performer,121300.0,E05282,pull,Max Miller,1991-06-06,2024-11-06,departed,Technology,Risk-Compliance,2,"Manager, Technology",121300.0,0.84,Male,55-59,South Asian,Full-time,True,False,E05282,agency,NovaCorp-Origin,WorkdayHR,80.0,406,False,12207,Meets Expectations,64.5,regrettable_attrition
E00874,2024-11-29,voluntary,Career advancement,True,True,Outstanding,139300.0,E03511,pull,Calvin Bowers,1991-06-16,2024-11-29,departed,Technology,Technology,2,"Manager, Technology",139300.0,0.96,Male,60+,Southeast Asian,Full-time,False,True,E03511,agency,NovaCorp-Origin,WorkdayHR,69.0,407,False,12220,Meets Expectations,61.3,routine_voluntary
E00875,2025-10-31,voluntary,Better opportunity,False,False,Meets Expectations,135300.0,E01657,pull,Bethany Gonzalez,1991-06-17,2025-10-31,departed,Retail Banking,Risk-Compliance,2,"Manager, Retail Banking",135300.0,0.93,Female,50-54,Anglo-Australian,Fixed-term,False,True,E01657,agency,NovaCorp-Origin,WorkdayHR,86.0,418,False,12555,High Performer,78.0,regrettable_attrition
E00891,2024-03-09,voluntary,Career advancement,False,True,Outstanding,141100.0,E14118,pull,Justin Small,1991-07-14,2024-03-09,departed,Technology,Risk-Compliance,2,"Manager, Technology",141100.0,0.97,Male,60+,Anglo-Australian,Full-time,False,False,E14118,direct,NovaCorp-Origin,WorkdayHR,23.0,397,False,11927,Below Expectations,53.7,routine_voluntary
E00902,2024-08-28,voluntary,Work-life balance,True,False,Meets Expectations,132900.0,E05341,push,Luis Molina,1991-08-04,2024-08-28,departed,Technology,Corporate-Support,2,"Manager, Technology",132900.0,0.92,Male,60+,Maori/Aboriginal & Torres Strait Islander,Part-time,False,False,E05341,agency,NovaCorp-Origin,WorkdayHR,75.0,402,False,12078,Meets Expectations,68.2,routine_voluntary
E00915,2025-09-22,involuntary,Involuntary - performance,True,False,Unsatisfactory,125700.0,E04908,push,Gregory Peck,1991-08-23,2025-09-22,departed,Retail Banking,Management,2,"Manager, Retail Banking",125700.0,0.87,Male,50-54,Pacific Islander,Part-time,False,False,E04908,acquisition,NovaCorp-Origin,WorkdayHR,66.0,414,False,12449,Meets Expectations,50.8,involuntary
E00923,2025-04-14,voluntary,Career advancement,True,False,High Performer,140200.0,E07425,pull,Paul Curtis,1991-09-07,2025-04-14,departed,Technology,Technology,2,"Manager, Technology",140200.0,0.97,Male,55-59,Anglo-Australian,Full-time,False,True,E07425,acquisition,NovaCorp-Origin,WorkdayHR,19.0,409,False,12273,Meets Expectations,63.7,routine_voluntary
E00936,2024-01-31,voluntary,Compensation,True,False,High Performer,130600.0,E08454,push,Rebecca White,1991-09-22,2024-01-31,departed,Executive Leadership,Client-Advisory,2,"Manager, Executive Leadership",130600.0,0.9,Female,50-54,Anglo-Australian,Full-time,True,True,E08454,referral,NovaCorp-Origin,WorkdayHR,63.0,393,False,11819,Meets Expectations,82.7,regrettable_attrition
E00938,2025-09-18,involuntary,Involuntary - performance,False,False,Unsatisfactory,177900.0,E09860,push,Gerald Cunningham,1991-09-25,2025-09-18,departed,Wealth Management,Management,3,"Senior Manager, Wealth Management",177900.0,1.01,Male,60+,European (non-Anglo),Part-time,False,False,E09860,agency,NovaCorp-Origin,WorkdayHR,67.0,413,False,12412,Outstanding,72.9,involuntary
E00953,2025-07-16,involuntary,Involuntary - performance,False,False,Unsatisfactory,128100.0,E09918,push,Erik Burke,1991-10-14,2025-07-16,departed,Insurance,Risk-Compliance,2,"Manager, Insurance",128100.0,0.88,Male,50-54,Anglo-Australian,Full-time,False,False,E09918,direct,NovaCorp-Origin,WorkdayHR,61.0,410,False,12329,Meets Expectations,64.8,involuntary
E00973,2025-03-31,voluntary,Career advancement,True,False,Unsatisfactory,186900.0,E12162,push,Brenda Ward,1991-11-13,2025-03-31,departed,Wealth Management,Management,3,"Senior Manager, Wealth Management",186900.0,0.93,Female,60+,Anglo-Australian,Full-time,False,False,E12162,direct,NovaCorp-Origin,WorkdayHR,43.0,406,False,12192,Meets Expectations,72.7,routine_voluntary
E00977,2024-07-12,voluntary,Career advancement,True,False,Below Expectations,128800.0,E02456,push,April Ochoa,1991-11-17,2024-07-12,departed,Insurance,Risk-Compliance,2,"Manager, Insurance",128800.0,0.89,Female,60+,Anglo-Australian,Full-time,False,True,E02456,graduate,NovaCorp-Origin,WorkdayHR,71.0,397,False,11926,Outstanding,84.3,regrettable_attrition
E01024,2024-02-12,voluntary,Career advancement,True,False,High Performer,174900.0,E11918,pull,Kristine Stone,1992-01-15,2024-02-12,departed,Retail Banking,Corporate-Support,3,"Senior Manager, Retail Banking",174900.0,0.87,Female,60+,South Asian,Part-time,True,True,E11918,direct,NovaCorp-Origin,WorkdayHR,53.0,390,False,11716,Meets Expectations,70.1,regrettable_attrition
E01025,2025-01-27,involuntary,Involuntary - performance,False,False,Below Expectations,121000.0,E00487,push,Courtney Rodriguez,1992-01-15,2025-01-27,departed,Wealth Management,Technology,2,"Manager, Wealth Management",121000.0,0.83,Female,60+,Anglo-Australian,Full-time,False,False,E00487,agency,NovaCorp-Origin,WorkdayHR,46.0,402,False,12066,Meets Expectations,56.4,involuntary
E01033,2024-10-11,voluntary,Career advancement,True,False,Unsatisfactory,126400.0,E14091,push,Wendy Mann,1992-01-26,2024-10-11,departed,Corporate Operations,Client-Advisory,2,"Manager, Corporate Operations",126400.0,0.87,Female,60+,Middle Eastern,Full-time,False,False,E14091,direct,NovaCorp-Origin,WorkdayHR,56.0,398,False,11947,Outstanding,71.8,regrettable_attrition
E01059,2025-01-24,voluntary,Career advancement,True,False,Unsatisfactory,171100.0,E07800,push,Jeremy Wallace,1992-02-22,2025-01-24,departed,Wealth Management,Management,3,"Senior Manager, Wealth Management",171100.0,0.86,Male,50-54,East Asian,Full-time,False,False,E07800,agency,NovaCorp-Origin,WorkdayHR,90.0,400,False,12025,High Performer,81.0,regrettable_attrition
E01067,2024-06-14,involuntary,Involuntary - performance,False,False,Unsatisfactory,119500.0,E05775,push,Charlotte Thomas,1992-03-02,2024-06-14,departed,Insurance,Client-Advisory,2,"Manager, Insurance",119500.0,0.82,Female,50-54,South Asian,Fixed-term,False,False,E05775,direct,NovaCorp-Origin,WorkdayHR,28.0,393,False,11792,Below Expectations,43.9,involuntary
E01078,2025-11-19,voluntary,Career advancement,False,False,Meets Expectations,131200.0,E00983,push,Jane Franklin,1992-04-01,2025-11-19,departed,Insurance,Technology,2,"Manager, Insurance",131200.0,0.9,Female,60+,South Asian,Full-time,False,False,E00983,agency,NovaCorp-Origin,WorkdayHR,34.0,409,False,12285,Below Expectations,56.0,routine_voluntary
E01140,2025-11-28,voluntary,Better opportunity,True,True,Outstanding,120000.0,E01600,pull,Daniel Berger,1992-06-21,2025-11-28,departed,Technology,Technology,2,"Manager, Technology",120000.0,0.83,Male,60+,Anglo-Australian,Full-time,True,False,E01600,direct,NovaCorp-Origin,WorkdayHR,34.0,407,False,12213,High Performer,80.0,regrettable_attrition
E01152,2024-12-31,voluntary,Better opportunity,True,False,Below Expectations,138100.0,E00730,pull,Nicole Marks,1992-07-10,2024-12-31,departed,Insurance,Corporate-Support,2,"Manager, Insurance",138100.0,0.95,Female,60+,East Asian,Full-time,False,False,E00730,direct,NovaCorp-Origin,WorkdayHR,22.0,395,False,11862,Meets Expectations,71.5,routine_voluntary
E01154,2025-01-31,involuntary,Involuntary - performance,True,False,Unsatisfactory,130200.0,E12811,push,Brittany Welch,1992-07-14,2025-01-31,departed,Risk & Compliance,Technology,2,"Manager, Risk & Compliance",130200.0,0.9,Prefer not to say,60+,Southeast Asian,Casual,False,False,E12811,agency,NovaCorp-Origin,WorkdayHR,14.0,396,False,11889,Unsatisfactory,22.9,involuntary
E01156,2025-07-29,voluntary,Career advancement,True,False,Meets Expectations,120800.0,E02099,push,Travis Cruz,1992-07-17,2025-07-29,departed,Risk & Compliance,Client-Advisory,2,"Manager, Risk & Compliance",120800.0,0.83,Male,60+,Prefer not to say,Full-time,False,False,E02099,referral,NovaCorp-Origin,WorkdayHR,42.0,402,False,12065,High Performer,63.7,regrettable_attrition
E01169,2025-03-28,involuntary,Involuntary - performance,False,False,Below Expectations,141800.0,E10173,push,Crystal Myers,1992-08-04,2025-03-28,departed,Corporate Operations,Operations-Processing,2,"Manager, Corporate Operations",141800.0,0.98,Female,55-59,Anglo-Australian,Full-time,False,False,E10173,graduate,NovaCorp-Origin,WorkdayHR,34.0,397,False,11924,High Performer,76.3,involuntary
E01170,2025-03-25,voluntary,Better opportunity,False,False,Below Expectations,188300.0,E09934,push,David Campbell,1992-08-05,2025-03-25,departed,Retail Banking,Client-Advisory,3,"Senior Manager, Retail Banking",188300.0,0.94,Male,60+,Anglo-Australian,Full-time,False,False,E09934,graduate,NovaCorp-Origin,WorkdayHR,53.0,397,True,11920,Meets Expectations,67.0,routine_voluntary
E01175,2025-07-25,voluntary,Work-life balance,True,False,Meets Expectations,117600.0,E01260,push,Douglas Evans,1992-08-13,2025-07-25,departed,Retail Banking,Operations-Processing,2,"Manager, Retail Banking",117600.0,0.81,Male,50-54,Anglo-Australian,Full-time,False,True,E01260,direct,NovaCorp-Origin,WorkdayHR,19.0,401,False,12034,Meets Expectations,73.0,routine_voluntary
E01183,2024-08-23,voluntary,Career advancement,True,False,Meets Expectations,116800.0,E13072,push,Isabel Smith,1992-08-27,2024-08-23,departed,Retail Banking,Corporate-Support,2,"Manager, Retail Banking",116800.0,0.81,Female,60+,East Asian,Full-time,False,True,E13072,direct,NovaCorp-Origin,WorkdayHR,89.0,389,False,11684,High Performer,77.9,regrettable_attrition
E01187,2025-06-27,voluntary,Career advancement,True,False,Meets Expectations,122700.0,E00733,push,Mary Burke,1992-09-05,2025-06-27,departed,Technology,Technology,2,"Manager, Technology",122700.0,0.85,Female,60+,East Asian,Full-time,False,False,E00733,agency,NovaCorp-Origin,WorkdayHR,27.0,399,False,11983,Below Expectations,30.4,routine_voluntary
E01193,2024-12-29,involuntary,Involuntary - performance,True,False,Unsatisfactory,123200.0,E06460,push,Randall Tran,1992-09-14,2024-12-29,departed,Technology,Client-Advisory,2,"Manager, Technology",123200.0,0.85,Male,60+,Southeast Asian,Casual,False,False,E06460,agency,NovaCorp-Origin,WorkdayHR,30.0,393,False,11794,Below Expectations,22.9,involuntary
E01221,2024-04-26,voluntary,Work-life balance,True,False,Below Expectations,135300.0,E14238,push,Kristin Grant,1992-10-26,2024-04-26,departed,Executive Leadership,Risk-Compliance,2,"Manager, Executive Leadership",135300.0,0.93,Female,50-54,Anglo-Australian,Full-time,False,False,E14238,agency,NovaCorp-Origin,WorkdayHR,85.0,383,False,11505,Meets Expectations,64.6,routine_voluntary
E01222,2024-02-02,voluntary,Compensation,True,False,Meets Expectations,129600.0,E05639,push,Victoria Gonzalez,1992-10-28,2024-02-02,departed,Technology,Risk-Compliance,2,"Manager, Technology",129600.0,0.89,Female,55-59,East Asian,Full-time,False,False,E05639,direct,NovaCorp-Origin,WorkdayHR,74.0,380,False,11419,Unsatisfactory,9.7,routine_voluntary
E01227,2024-03-29,voluntary,Career advancement,True,False,Meets Expectations,136000.0,E10164,pull,Kenneth Farmer,1992-11-05,2024-03-29,departed,Technology,Client-Advisory,2,"Manager, Technology",136000.0,0.94,Male,60+,Anglo-Australian,Full-time,False,False,E10164,direct,NovaCorp-Origin,WorkdayHR,31.0,382,False,11467,Meets Expectations,69.3,routine_voluntary
E01231,2024-05-31,involuntary,Involuntary - performance,False,False,Below Expectations,182700.0,E10156,push,Robert Garcia,1992-11-08,2024-05-31,departed,Risk & Compliance,Operations-Processing,3,"Senior Manager, Risk & Compliance",182700.0,1.01,Male,60+,East Asian,Full-time,False,False,E10156,direct,NovaCorp-Origin,WorkdayHR,86.0,384,False,11527,High Performer,78.0,involuntary
E01244,2024-06-21,voluntary,Compensation,True,False,High Performer,125400.0,E02008,push,Eugene Fletcher,1992-11-28,2024-06-21,departed,Corporate Operations,Corporate-Support,2,"Manager, Corporate Operations",125400.0,0.86,Male,50-54,South Asian,Fixed-term,False,False,E02008,direct,NovaCorp-Origin,WorkdayHR,89.0,384,False,11528,Outstanding,94.1,regrettable_attrition
E01249,2024-08-19,voluntary,Better opportunity,True,True,Outstanding,187100.0,E05144,pull,Mr. Joe Chang,1992-12-07,2024-08-19,departed,Corporate Operations,Client-Advisory,3,"Senior Manager, Corporate Operations",187100.0,0.94,Male,60+,Anglo-Australian,Full-time,False,False,E05144,agency,NovaCorp-Origin,WorkdayHR,58.0,385,False,11578,Meets Expectations,79.6,routine_voluntary
E01293,2025-04-11,voluntary,Career advancement,False,False,Meets Expectations,119500.0,E03672,push,Ricky Bradley,1993-01-29,2025-04-11,departed,Retail Banking,Operations-Processing,2,"Manager, Retail Banking",119500.0,0.82,Male,60+,Anglo-Australian,Full-time,False,True,E03672,direct,NovaCorp-Origin,WorkdayHR,32.0,392,False,11760,Meets Expectations,62.8,routine_voluntary
E01302,2024-08-29,voluntary,Career advancement,False,True,Outstanding,131300.0,E01000,pull,Austin Romero,1993-02-14,2024-08-29,departed,Retail Banking,Client-Advisory,2,"Manager, Retail Banking",131300.0,0.91,Male,50-54,Anglo-Australian,Full-time,False,False,E01000,acquisition,NovaCorp-Origin,WorkdayHR,49.0,383,False,11519,Meets Expectations,69.2,routine_voluntary
E01304,2024-08-30,voluntary,Career advancement,True,False,Unsatisfactory,115000.0,E02425,push,Dana Adams,1993-02-17,2024-08-30,departed,Wealth Management,Technology,2,"Manager, Wealth Management",115000.0,0.79,Female,60+,Anglo-Australian,Full-time,False,False,E02425,referral,NovaCorp-Origin,WorkdayHR,56.0,383,False,11517,Meets Expectations,70.1,routine_voluntary
E01309,2025-04-30,involuntary,Involuntary - conduct,True,False,Meets Expectations,132300.0,E11603,push,Dustin Ashley,1993-02-24,2025-04-30,departed,Risk & Compliance,Technology,2,"Manager, Risk & Compliance",132300.0,0.91,Male,60+,Anglo-Australian,Full-time,False,False,E11603,agency,NovaCorp-Origin,WorkdayHR,73.0,391,False,11753,Outstanding,83.3,involuntary
E01322,2024-03-15,voluntary,Personal reasons,True,False,Meets Expectations,131200.0,E01374,push,Cody Miller,1993-03-13,2024-03-15,departed,Wealth Management,Operations-Processing,2,"Manager, Wealth Management",131200.0,0.9,Male,60+,Anglo-Australian,Full-time,False,False,E01374,direct,NovaCorp-Origin,WorkdayHR,42.0,377,False,11325,Meets Expectations,71.8,routine_voluntary
E01349,2025-09-30,voluntary,Career advancement,True,False,Meets Expectations,129300.0,E14346,push,Abigail Moreno,1993-04-21,2025-09-30,departed,Corporate Operations,Technology,2,"Manager, Corporate Operations",129300.0,0.89,Non-binary,60+,South Asian,Full-time,False,False,E14346,direct,NovaCorp-Origin,WorkdayHR,76.0,395,False,11850,Meets Expectations,71.3,routine_voluntary
E01365,2025-03-25,voluntary,Better opportunity,True,True,Below Expectations,187600.0,E06153,pull,Terry Williams,1993-05-10,2025-03-25,departed,Risk & Compliance,Risk-Compliance,3,"Senior Manager, Risk & Compliance",187600.0,0.94,Male,55-59,Anglo-Australian,Part-time,True,False,E06153,direct,NovaCorp-Origin,WorkdayHR,45.0,388,False,11642,Meets Expectations,69.7,regrettable_attrition
E01382,2024-12-11,voluntary,Career advancement,True,False,Meets Expectations,135600.0,E12308,pull,Kenneth Smith,1993-06-08,2024-12-11,departed,Corporate Operations,Client-Advisory,2,"Manager, Corporate Operations",135600.0,0.94,Male,55-59,Anglo-Australian,Full-time,False,True,E12308,agency,NovaCorp-Origin,WorkdayHR,62.0,383,False,11509,High Performer,58.9,regrettable_attrition
E01488,2025-04-25,involuntary,Involuntary - performance,True,False,Below Expectations,126400.0,E12413,push,Cathy Davidson,1993-11-29,2025-04-25,departed,Risk & Compliance,Risk-Compliance,2,"Manager, Risk & Compliance",126400.0,0.87,Female,60+,Anglo-Australian,Full-time,False,False,E12413,graduate,NovaCorp-Origin,WorkdayHR,68.0,382,False,11470,Unsatisfactory,15.9,involuntary
E01489,2024-07-27,voluntary,Personal reasons,True,False,High Performer,118300.0,E04338,push,Maureen Shelton,1993-11-30,2024-07-27,departed,Risk & Compliance,Risk-Compliance,2,"Manager, Risk & Compliance",118300.0,0.82,Female,50-54,Anglo-Australian,Full-time,False,False,E04338,agency,NovaCorp-Origin,WorkdayHR,38.0,373,False,11197,Outstanding,80.3,regrettable_attrition
E01504,2025-01-24,voluntary,Career advancement,True,False,Below Expectations,122500.0,E12471,push,Lynn Santos,1993-12-31,2025-01-24,departed,Retail Banking,Operations-Processing,2,"Manager, Retail Banking",122500.0,0.84,Non-binary,60+,South Asian,Fixed-term,False,False,E12471,agency,NovaCorp-Origin,WorkdayHR,61.0,378,False,11347,High Performer,74.2,regrettable_attrition
E01508,2025-11-28,involuntary,Involuntary - performance,False,False,Below Expectations,118300.0,E08267,push,Mariah Jones,1994-01-06,2025-11-28,departed,Retail Banking,Technology,2,"Manager, Retail Banking",118300.0,0.82,Female,50-54,Anglo-Australian,Full-time,False,False,E08267,agency,NovaCorp-Origin,WorkdayHR,48.0,388,False,11649,High Performer,66.1,involuntary
E01511,2024-12-31,voluntary,Better opportunity,False,False,Meets Expectations,115400.0,E01209,push,Andrea Krause,1994-01-09,2024-12-31,departed,Corporate Operations,Operations-Processing,2,"Manager, Corporate Operations",115400.0,0.8,Female,45-49,Anglo-Australian,Full-time,False,False,E01209,direct,NovaCorp-Origin,WorkdayHR,37.0,377,False,11314,High Performer,85.1,regrettable_attrition
E01522,2025-10-17,voluntary,Career advancement,True,True,Outstanding,142300.0,E07892,push,Michael Lyons,1994-01-29,2025-10-17,departed,Risk & Compliance,Management,2,"Manager, Risk & Compliance",142300.0,0.98,Non-binary,60+,Anglo-Australian,Full-time,False,True,E07892,agency,NovaCorp-Origin,WorkdayHR,34.0,386,False,11584,Meets Expectations,76.3,routine_voluntary
E01524,2025-09-30,voluntary,Compensation,True,False,Meets Expectations,123100.0,E07580,push,Allen Wilson,1994-01-29,2025-09-30,departed,Technology,Client-Advisory,2,"Manager, Technology",123100.0,0.85,Male,50-54,South Asian,Full-time,False,False,E07580,direct,NovaCorp-Origin,WorkdayHR,40.0,385,False,11567,Meets Expectations,53.2,routine_voluntary
E01531,2025-03-06,voluntary,Career advancement,True,False,Meets Expectations,124300.0,E03672,pull,Jocelyn Beard,1994-02-08,2025-03-06,departed,Retail Banking,Risk-Compliance,2,"Manager, Retail Banking",124300.0,0.86,Female,60+,South Asian,Casual,False,True,E03672,referral,NovaCorp-Origin,WorkdayHR,30.0,378,False,11349,Meets Expectations,59.0,routine_voluntary
E01535,2024-04-09,voluntary,Better opportunity,False,True,Outstanding,128200.0,E01474,pull,Richard Gutierrez,1994-02-12,2024-04-09,departed,Risk & Compliance,Corporate-Support,2,"Manager, Risk & Compliance",128200.0,0.88,Male,55-59,European (non-Anglo),Part-time,True,True,E01474,direct,NovaCorp-Origin,WorkdayHR,75.0,367,False,11014,High Performer,69.2,regrettable_attrition
E01555,2025-08-18,voluntary,Relocation,True,False,Below Expectations,125600.0,E06406,push,Stephanie Shaw,1994-03-13,2025-08-18,departed,Corporate Operations,Operations-Processing,2,"Manager, Corporate Operations",125600.0,0.87,Female,50-54,Maori/Aboriginal & Torres Strait Islander,Full-time,False,False,E06406,direct,NovaCorp-Origin,WorkdayHR,49.0,382,False,11481,High Performer,74.9,regrettable_attrition
E01563,2025-10-31,voluntary,Career advancement,True,False,Meets Expectations,138800.0,E02635,push,Joanne Harmon,1994-03-26,2025-10-31,departed,Corporate Operations,Technology,2,"Manager, Corporate Operations",138800.0,0.96,Female,60+,Anglo-Australian,Full-time,False,False,E02635,graduate,NovaCorp-Origin,WorkdayHR,70.0,384,False,11542,Meets Expectations,64.4,routine_voluntary
E01565,2025-09-05,voluntary,Better opportunity,True,False,High Performer,183200.0,E07560,pull,Christopher Mendoza,1994-04-03,2025-09-05,departed,Corporate Operations,Corporate-Support,3,"Senior Manager, Corporate Operations",183200.0,0.92,Male,50-54,South Asian,Part-time,True,True,E07560,direct,NovaCorp-Origin,WorkdayHR,85.0,382,False,11478,Outstanding,79.2,regrettable_attrition
E01569,2024-08-27,involuntary,Involuntary - performance,True,False,Unsatisfactory,117400.0,E07509,push,Mark Harper,1994-04-07,2024-08-27,departed,Technology,Management,2,"Manager, Technology",117400.0,0.81,Male,60+,Anglo-Australian,Full-time,False,False,E07509,direct,NovaCorp-Origin,WorkdayHR,80.0,370,False,11100,High Performer,84.8,involuntary
E01596,2025-04-04,voluntary,Career advancement,True,False,Below Expectations,130300.0,E06688,push,Laura Sanchez,1994-05-24,2025-04-04,departed,Risk & Compliance,Operations-Processing,2,"Manager, Risk & Compliance",130300.0,0.9,Female,60+,Anglo-Australian,Full-time,False,True,E06688,referral,NovaCorp-Origin,WorkdayHR,53.0,375,False,11273,Below Expectations,32.2,routine_voluntary
E01605,2024-10-04,involuntary,Involuntary - performance,False,False,Below Expectations,172600.0,E12162,push,Taylor Espinoza,1994-06-05,2024-10-04,departed,Wealth Management,Risk-Compliance,3,"Senior Manager, Wealth Management",172600.0,0.86,Non-binary,60+,Southeast Asian,Full-time,False,False,E12162,agency,NovaCorp-Origin,WorkdayHR,69.0,369,False,11079,Meets Expectations,54.5,involuntary
E01612,2024-03-15,involuntary,Involuntary - performance,False,False,Below Expectations,117400.0,E10171,push,Karen Williams,1994-06-18,2024-03-15,departed,Retail Banking,Operations-Processing,2,"Manager, Retail Banking",117400.0,0.81,Female,60+,Anglo-Australian,Full-time,False,False,E10171,agency,NovaCorp-Origin,WorkdayHR,83.0,362,False,10863,High Performer,73.9,involuntary
E01634,2025-01-09,involuntary,Involuntary - performance,False,False,Below Expectations,122500.0,E09166,push,Lonnie Miller,1994-07-19,2025-01-09,departed,Insurance,Risk-Compliance,2,"Manager, Insurance",122500.0,0.84,Male,55-59,South Asian,Full-time,False,False,E09166,referral,NovaCorp-Origin,WorkdayHR,62.0,371,False,11132,Outstanding,100.0,involuntary
E01652,2024-12-25,voluntary,Compensation,True,False,Meets Expectations,128800.0,E12779,push,Jill Santiago,1994-08-07,2024-12-25,departed,Executive Leadership,Management,2,"Manager, Executive Leadership",128800.0,0.89,Female,45-49,Anglo-Australian,Full-time,False,False,E12779,direct,NovaCorp-Origin,WorkdayHR,69.0,369,False,11098,Meets Expectations,83.8,routine_voluntary
E01662,2024-07-15,voluntary,Career advancement,True,False,Meets Expectations,141800.0,E09750,push,Dawn Miller,1994-08-24,2024-07-15,departed,Corporate Operations,Technology,2,"Manager, Corporate Operations",141800.0,0.98,Female,60+,Southeast Asian,Full-time,False,False,E09750,direct,NovaCorp-Origin,WorkdayHR,56.0,363,False,10918,High Performer,88.2,regrettable_attrition
E01672,2025-09-26,voluntary,Compensation,True,False,High Performer,133900.0,E08787,push,Daniel Anderson DVM,1994-09-08,2025-09-26,departed,Risk & Compliance,Risk-Compliance,2,"Manager, Risk & Compliance",133900.0,0.92,Male,55-59,Anglo-Australian,Full-time,False,True,E08787,agency,NovaCorp-Origin,WorkdayHR,82.0,378,False,11341,Meets Expectations,49.8,routine_voluntary
E01684,2025-08-20,voluntary,Career advancement,True,False,Meets Expectations,118500.0,E13088,push,Vincent Mcgee,1994-09-27,2025-08-20,departed,Corporate Operations,Operations-Processing,2,"Manager, Corporate Operations",118500.0,0.82,Male,45-49,Southeast Asian,Full-time,False,False,E13088,direct,NovaCorp-Origin,WorkdayHR,29.0,376,False,11285,Meets Expectations,62.8,routine_voluntary
E01686,2025-07-27,voluntary,Career advancement,True,True,High Performer,173700.0,E02048,pull,Daniel Rodriguez,1994-09-29,2025-07-27,departed,Technology,Client-Advisory,3,"Senior Manager, Technology",173700.0,0.94,Male,60+,South Asian,Full-time,True,False,E02048,agency,NovaCorp-Origin,WorkdayHR,61.0,375,False,11259,High Performer,75.9,regrettable_attrition
E01689,2025-03-16,voluntary,Better opportunity,True,False,High Performer,118900.0,E01170,pull,Jill Mcbride,1994-10-05,2025-03-16,departed,Retail Banking,Corporate-Support,2,"Manager, Retail Banking",118900.0,0.82,Female,60+,Prefer not to say,Full-time,False,False,E01170,agency,NovaCorp-Origin,WorkdayHR,35.0,370,False,11120,Meets Expectations,73.8,routine_voluntary
E01719,2025-02-07,voluntary,Career advancement,True,False,High Performer,130700.0,E10272,pull,Erik Rodgers,1994-12-02,2025-02-07,departed,Retail Banking,Management,2,"Manager, Retail Banking",130700.0,0.9,Male,60+,Anglo-Australian,Full-time,False,True,E10272,acquisition,NovaCorp-Origin,WorkdayHR,90.0,367,False,11025,Below Expectations,63.1,routine_voluntary
E01730,2025-10-13,voluntary,Career advancement,True,True,High Performer,182100.0,E02897,pull,Nicholas Smith,1994-12-15,2025-10-13,departed,Wealth Management,Client-Advisory,3,"Senior Manager, Wealth Management",182100.0,0.86,Male,60+,Anglo-Australian,Casual,True,False,E02897,agency,NovaCorp-Origin,WorkdayHR,41.0,375,False,11260,High Performer,73.9,regrettable_attrition
E01739,2025-03-03,voluntary,Personal reasons,False,False,Below Expectations,129700.0,E01853,push,Jerome Gates,1994-12-26,2025-03-03,departed,Technology,Client-Advisory,2,"Manager, Technology",129700.0,0.89,Male,50-54,Maori/Aboriginal & Torres Strait Islander,Full-time,False,False,E01853,agency,NovaCorp-Origin,WorkdayHR,61.0,367,False,11025,Outstanding,91.6,regrettable_attrition
E01742,2024-08-30,voluntary,Better opportunity,False,False,Outstanding,191700.0,E04294,pull,Tina Ballard,1994-12-30,2024-08-30,departed,Corporate Operations,Corporate-Support,3,"Senior Manager, Corporate Operations",191700.0,0.86,Prefer not to say,60+,Middle Eastern,Full-time,True,False,E04294,referral,NovaCorp-Origin,WorkdayHR,70.0,361,False,10836,Outstanding,85.6,regrettable_attrition
E01746,2024-08-26,voluntary,Career advancement,True,False,Meets Expectations,123300.0,E07243,push,Kelli Acevedo,1994-12-31,2024-08-26,departed,Risk & Compliance,Client-Advisory,2,"Manager, Risk & Compliance",123300.0,0.85,Female,60+,Anglo-Australian,Full-time,False,True,E07243,agency,NovaCorp-Origin,WorkdayHR,71.0,361,False,10831,Below Expectations,49.6,routine_voluntary
E01765,2024-02-14,voluntary,Compensation,True,False,High Performer,250800.0,E09879,push,Madison Harris,1995-01-23,2024-02-14,departed,Retail Banking,Operations-Processing,4,"Director, Retail Banking",250800.0,1.05,Female,60+,Anglo-Australian,Fixed-term,False,True,E09879,direct,NovaCorp-Origin,WorkdayHR,79.0,353,False,10614,Outstanding,80.0,regrettable_attrition
E01779,2024-07-12,voluntary,Career advancement,True,False,High Performer,232300.0,E08605,push,John Schwartz,1995-02-16,2024-07-12,departed,Risk & Compliance,Management,4,"Director, Risk & Compliance",232300.0,1.04,Male,60+,Anglo-Australian,Full-time,False,True,E08605,agency,NovaCorp-Origin,WorkdayHR,47.0,357,False,10739,High Performer,66.5,regrettable_attrition
E01788,2025-06-24,voluntary,Better opportunity,True,True,Outstanding,172700.0,E04361,pull,Charles Lloyd,1995-03-03,2025-06-24,departed,Corporate Operations,Operations-Processing,3,"Senior Manager, Corporate Operations",172700.0,1.01,Male,60+,Anglo-Australian,Part-time,False,True,E04361,referral,NovaCorp-Origin,WorkdayHR,89.0,369,False,11071,Meets Expectations,65.0,routine_voluntary
E01809,2025-08-03,voluntary,Better opportunity,True,False,High Performer,124200.0,E10865,pull,Christopher Wilson,1995-04-14,2025-08-03,departed,Retail Banking,Corporate-Support,2,"Manager, Retail Banking",124200.0,0.86,Male,60+,Anglo-Australian,Full-time,False,True,E10865,acquisition,NovaCorp-Origin,WorkdayHR,73.0,368,False,11069,High Performer,78.0,regrettable_attrition
E01818,2025-09-19,voluntary,Career advancement,False,False,Below Expectations,140100.0,E02790,push,Julie Kane,1995-04-22,2025-09-19,departed,Technology,Operations-Processing,2,"Manager, Technology",140100.0,0.97,Female,50-54,South Asian,Casual,False,True,E02790,referral,NovaCorp-Origin,WorkdayHR,18.0,370,False,11108,Below Expectations,38.3,routine_voluntary
E01824,2024-04-19,voluntary,Work-life balance,False,False,Below Expectations,123400.0,E11836,push,Cheryl Cooper,1995-04-27,2024-04-19,departed,Risk & Compliance,Operations-Processing,2,"Manager, Risk & Compliance",123400.0,0.85,Female,60+,Anglo-Australian,Full-time,False,False,E11836,direct,NovaCorp-Origin,WorkdayHR,81.0,352,False,10585,Meets Expectations,69.3,routine_voluntary
E01825,2024-07-31,voluntary,Better opportunity,False,False,High Performer,139600.0,E02532,pull,Todd Nielsen,1995-05-01,2024-07-31,departed,Insurance,Technology,2,"Manager, Insurance",139600.0,0.96,Male,50-54,Anglo-Australian,Full-time,False,False,E02532,agency,NovaCorp-Origin,WorkdayHR,56.0,356,False,10684,Meets Expectations,82.0,routine_voluntary
E01859,2025-03-01,voluntary,Career advancement,True,False,Meets Expectations,139600.0,E13002,push,Jason Scott,1995-06-26,2025-03-01,departed,Technology,Management,2,"Manager, Technology",139600.0,0.96,Male,55-59,Anglo-Australian,Full-time,False,True,E13002,referral,NovaCorp-Origin,WorkdayHR,64.0,361,False,10841,Meets Expectations,58.7,routine_voluntary
E01861,2024-05-24,involuntary,Involuntary - performance,True,False,Meets Expectations,176700.0,E13158,push,Beth Perez,1995-06-29,2024-05-24,departed,Risk & Compliance,Risk-Compliance,3,"Senior Manager, Risk & Compliance",176700.0,1.0,Female,60+,African,Full-time,False,False,E13158,direct,NovaCorp-Origin,WorkdayHR,32.0,351,False,10557,Unsatisfactory,19.9,involuntary
E01873,2024-08-30,voluntary,Better opportunity,True,False,Meets Expectations,185700.0,E13366,pull,Jonathan Mcmillan,1995-07-10,2024-08-30,departed,Technology,Corporate-Support,3,"Senior Manager, Technology",185700.0,0.99,Male,60+,Anglo-Australian,Full-time,False,True,E13366,direct,NovaCorp-Origin,WorkdayHR,32.0,354,False,10644,Below Expectations,45.0,routine_voluntary
E01880,2024-05-29,involuntary,Involuntary - performance,True,False,Below Expectations,118100.0,E06137,push,Richard Martin,1995-07-19,2024-05-29,departed,Insurance,Corporate-Support,2,"Manager, Insurance",118100.0,0.81,Male,50-54,Anglo-Australian,Full-time,False,False,E06137,direct,NovaCorp-Origin,WorkdayHR,28.0,351,False,10542,Meets Expectations,55.4,involuntary
E01907,2024-07-28,voluntary,Career advancement,False,False,Meets Expectations,128200.0,E01898,push,Linda Austin,1995-08-23,2024-07-28,departed,Wealth Management,Technology,2,"Manager, Wealth Management",128200.0,0.88,Female,60+,Middle Eastern,Full-time,False,False,E01898,direct,NovaCorp-Origin,WorkdayHR,72.0,352,False,10567,High Performer,73.2,regrettable_attrition
E01910,2024-07-17,voluntary,Better opportunity,True,True,Meets Expectations,179400.0,E11918,pull,Kelly Rojas,1995-08-27,2024-07-17,departed,Retail Banking,Client-Advisory,3,"Senior Manager, Retail Banking",179400.0,0.9,Female,55-59,Anglo-Australian,Full-time,True,False,E11918,direct,NovaCorp-Origin,WorkdayHR,23.0,351,False,10552,Meets Expectations,57.1,regrettable_attrition
E01912,2024-09-09,voluntary,Compensation,True,False,Meets Expectations,121500.0,E03558,push,Maria Adams,1995-08-28,2024-09-09,departed,Insurance,Technology,2,"Manager, Insurance",121500.0,0.84,Female,50-54,East Asian,Full-time,False,False,E03558,direct,NovaCorp-Origin,WorkdayHR,41.0,353,False,10605,Meets Expectations,60.2,routine_voluntary
E01914,2024-03-27,voluntary,Career advancement,True,False,Below Expectations,186700.0,E02013,pull,Alicia Ball,1995-09-04,2024-03-27,departed,Retail Banking,Operations-Processing,3,"Senior Manager, Retail Banking",186700.0,0.93,Female,50-54,East Asian,Part-time,False,False,E02013,direct,NovaCorp-Origin,WorkdayHR,76.0,347,False,10432,Outstanding,87.2,regrettable_attrition
E01916,2025-01-31,voluntary,Career advancement,True,False,Meets Expectations,116000.0,E10836,push,Julie Barnes,1995-09-06,2025-01-31,departed,Corporate Operations,Operations-Processing,2,"Manager, Corporate Operations",116000.0,0.8,Female,50-54,Anglo-Australian,Full-time,False,False,E10836,agency,NovaCorp-Origin,WorkdayHR,16.0,358,False,10740,High Performer,82.6,regrettable_attrition
E01923,2024-06-14,voluntary,Relocation,True,False,Meets Expectations,134700.0,E14422,push,Edward Powell,1995-09-15,2024-06-14,departed,Wealth Management,Corporate-Support,2,"Manager, Wealth Management",134700.0,0.93,Prefer not to say,60+,Pacific Islander,Part-time,False,False,E14422,direct,NovaCorp-Origin,WorkdayHR,23.0,350,False,10500,Meets Expectations,59.3,routine_voluntary
E01936,2024-03-22,voluntary,Career advancement,True,False,High Performer,125400.0,E01673,pull,Caroline Gutierrez,1995-09-29,2024-03-22,departed,Wealth Management,Technology,2,"Manager, Wealth Management",125400.0,0.86,Female,55-59,Anglo-Australian,Full-time,False,True,E01673,agency,NovaCorp-Origin,WorkdayHR,40.0,346,False,10402,Meets Expectations,55.1,routine_voluntary
E01938,2024-07-31,voluntary,Career advancement,True,False,High Performer,128300.0,E01953,pull,Timothy Olson,1995-10-03,2024-07-31,departed,Technology,Technology,2,"Manager, Technology",128300.0,0.88,Male,45-49,Anglo-Australian,Full-time,False,False,E01953,direct,NovaCorp-Origin,WorkdayHR,20.0,350,False,10529,High Performer,70.2,regrettable_attrition
E01943,2025-01-26,involuntary,Involuntary - performance,True,False,Meets Expectations,135400.0,E10861,push,Meagan Smith,1995-10-07,2025-01-26,departed,Insurance,Operations-Processing,2,"Manager, Insurance",135400.0,0.93,Female,55-59,Anglo-Australian,Full-time,False,False,E10861,agency,NovaCorp-Origin,WorkdayHR,73.0,356,False,10704,High Performer,82.3,involuntary
E01944,2025-06-29,involuntary,Involuntary - performance,False,False,Unsatisfactory,135300.0,E03222,push,Lisa Potter,1995-10-08,2025-06-29,departed,Technology,Operations-Processing,2,"Manager, Technology",135300.0,0.93,Female,50-54,Anglo-Australian,Full-time,False,False,E03222,direct,NovaCorp-Origin,WorkdayHR,68.0,361,False,10857,High Performer,80.6,involuntary
E01945,2025-06-05,involuntary,Involuntary - performance,False,False,Below Expectations,584100.0,E05512,push,Brooke Harmon,1995-10-08,2025-06-05,departed,Insurance,Risk-Compliance,5,Managing Director,584100.0,0.9,Female,60+,Southeast Asian,Part-time,False,False,E05512,agency,NovaCorp-Origin,WorkdayHR,43.0,361,False,10833,High Performer,78.5,involuntary
E01958,2025-09-03,voluntary,Career advancement,True,False,Meets Expectations,136600.0,E08907,push,Jillian Clayton,1995-10-27,2025-09-03,departed,Retail Banking,Client-Advisory,2,"Manager, Retail Banking",136600.0,0.94,Female,50-54,Anglo-Australian,Full-time,False,False,E08907,agency,NovaCorp-Origin,WorkdayHR,30.0,363,False,10904,Meets Expectations,66.3,routine_voluntary
E01969,2025-08-01,voluntary,Better opportunity,True,False,Meets Expectations,120200.0,E01843,pull,Jennifer Mcbride,1995-11-16,2025-08-01,departed,Risk & Compliance,Corporate-Support,2,"Manager, Risk & Compliance",120200.0,0.83,Female,60+,Anglo-Australian,Full-time,False,True,E01843,direct,NovaCorp-Origin,WorkdayHR,76.0,361,False,10851,Meets Expectations,54.5,routine_voluntary
E01970,2025-08-08,voluntary,Personal reasons,True,False,Meets Expectations,129100.0,E08966,push,Daniel Jones,1995-11-17,2025-08-08,departed,Risk & Compliance,Operations-Processing,2,"Manager, Risk & Compliance",129100.0,0.89,Male,55-59,Anglo-Australian,Full-time,False,False,E08966,referral,NovaCorp-Origin,WorkdayHR,80.0,361,False,10857,Meets Expectations,56.0,routine_voluntary
E01973,2024-09-08,voluntary,Career advancement,True,False,Below Expectations,124100.0,E00786,push,Kelly Kim,1995-11-26,2024-09-08,departed,Technology,Client-Advisory,2,"Manager, Technology",124100.0,0.86,Prefer not to say,60+,Anglo-Australian,Full-time,False,True,E00786,referral,NovaCorp-Origin,WorkdayHR,37.0,350,False,10514,Meets Expectations,72.3,routine_voluntary
E01993,2024-10-25,voluntary,Better opportunity,True,False,Meets Expectations,228600.0,E13366,push,Denise Avery,1995-12-23,2024-10-25,departed,Wealth Management,Operations-Processing,3,"Senior Manager, Wealth Management",228600.0,1.04,Female,60+,Anglo-Australian,Part-time,False,True,E13366,direct,NovaCorp-Origin,WorkdayHR,22.0,351,False,10534,Below Expectations,33.9,routine_voluntary
E01997,2025-07-31,voluntary,Career advancement,True,True,Below Expectations,129300.0,E07676,pull,Robin Mora,1995-12-25,2025-07-31,departed,Executive Leadership,Management,2,"Manager, Executive Leadership",129300.0,0.89,Female,55-59,East Asian,Fixed-term,True,False,E07676,agency,NovaCorp-Origin,WorkdayHR,80.0,360,False,10811,High Performer,76.9,regrettable_attrition
E01999,2024-12-16,voluntary,Career advancement,True,False,Meets Expectations,117100.0,E14091,push,Meredith Hill,1995-12-28,2024-12-16,departed,Corporate Operations,Technology,2,"Manager, Corporate Operations",117100.0,0.81,Female,50-54,Pacific Islander,Full-time,False,False,E14091,graduate,NovaCorp-Origin,WorkdayHR,37.0,352,False,10581,Below Expectations,26.8,routine_voluntary
E02000,2024-12-17,voluntary,Better opportunity,True,False,Outstanding,123000.0,E01366,pull,Christine Sweeney,1995-12-31,2024-12-17,departed,Retail Banking,Risk-Compliance,2,"Manager, Retail Banking",123000.0,0.85,Non-binary,55-59,Anglo-Australian,Full-time,False,False,E01366,agency,NovaCorp-Origin,WorkdayHR,45.0,352,False,10579,Meets Expectations,65.0,routine_voluntary
E02008,2024-07-29,voluntary,Study/career change,True,False,Meets Expectations,222600.0,E02909,push,Kyle Gross,1996-01-19,2024-07-29,departed,Corporate Operations,Client-Advisory,3,"Senior Manager, Corporate Operations",222600.0,0.92,Male,55-59,Anglo-Australian,Part-time,False,False,E02909,referral,NovaCorp-Origin,WorkdayHR,90.0,347,False,10419,Meets Expectations,60.2,routine_voluntary
E02025,2024-02-07,voluntary,Compensation,True,False,High Performer,118700.0,E02132,push,Danielle Rogers,1996-02-04,2024-02-07,departed,Corporate Operations,Management,2,"Manager, Corporate Operations",118700.0,0.82,Female,50-54,Anglo-Australian,Part-time,False,True,E02132,agency,NovaCorp-Origin,WorkdayHR,40.0,341,False,10230,Meets Expectations,62.9,routine_voluntary
E02050,2025-07-31,involuntary,Involuntary - performance,True,False,Below Expectations,123900.0,E00094,push,Mary Bray,1996-03-01,2025-07-31,departed,Retail Banking,Operations-Processing,2,"Manager, Retail Banking",123900.0,0.85,Female,55-59,Anglo-Australian,Full-time,False,False,E00094,direct,NovaCorp-Origin,WorkdayHR,81.0,358,False,10744,High Performer,66.2,involuntary
E02051,2025-10-24,voluntary,Career advancement,True,True,Outstanding,122100.0,E14091,push,Michele Gonzalez,1996-03-03,2025-10-24,departed,Corporate Operations,Risk-Compliance,2,"Manager, Corporate Operations",122100.0,0.84,Female,60+,Anglo-Australian,Full-time,False,True,E14091,acquisition,NovaCorp-Origin,WorkdayHR,46.0,360,False,10827,Meets Expectations,54.6,routine_voluntary
E02054,2024-02-06,voluntary,Career advancement,True,False,Meets Expectations,117900.0,E13940,push,Jose Jordan,1996-03-09,2024-02-06,departed,Corporate Operations,Risk-Compliance,2,"Manager, Corporate Operations",117900.0,0.81,Prefer not to say,60+,Anglo-Australian,Full-time,False,False,E13940,direct,NovaCorp-Origin,WorkdayHR,25.0,339,False,10195,High Performer,89.6,regrettable_attrition
E02071,2025-11-28,voluntary,Better opportunity,True,True,High Performer,127200.0,E01644,pull,Roberto Bailey,1996-04-09,2025-11-28,departed,Risk & Compliance,Management,2,"Manager, Risk & Compliance",127200.0,0.88,Male,60+,Southeast Asian,Full-time,True,False,E01644,referral,NovaCorp-Origin,WorkdayHR,69.0,360,False,10825,Outstanding,85.2,regrettable_attrition
E02088,2025-05-15,voluntary,Career advancement,False,False,High Performer,127900.0,E00791,pull,Amber Ward,1996-04-25,2025-05-15,departed,Corporate Operations,Client-Advisory,2,"Manager, Corporate Operations",127900.0,0.88,Female,60+,Anglo-Australian,Part-time,False,False,E00791,agency,NovaCorp-Origin,WorkdayHR,47.0,353,False,10612,Meets Expectations,54.0,routine_voluntary
E02092,2024-03-08,voluntary,Career advancement,True,False,Meets Expectations,128900.0,E10464,pull,Eric Hall,1996-04-29,2024-03-08,departed,Retail Banking,Corporate-Support,2,"Manager, Retail Banking",128900.0,0.89,Male,50-54,Southeast Asian,Full-time,False,False,E10464,graduate,NovaCorp-Origin,WorkdayHR,52.0,339,False,10175,Outstanding,79.1,regrettable_attrition
E02096,2024-03-29,voluntary,Career advancement,True,False,Meets Expectations,123700.0,E04052,pull,Julie Moon,1996-05-06,2024-03-29,departed,Retail Banking,Operations-Processing,2,"Manager, Retail Banking",123700.0,0.85,Female,60+,Anglo-Australian,Full-time,False,False,E04052,direct,NovaCorp-Origin,WorkdayHR,54.0,339,False,10189,Meets Expectations,65.5,routine_voluntary
E02103,2024-05-24,involuntary,Involuntary - performance,False,False,Meets Expectations,138000.0,E04415,push,Lori Woods,1996-05-11,2024-05-24,departed,Retail Banking,Operations-Processing,2,"Manager, Retail Banking",138000.0,0.95,Female,50-54,Prefer not to say,Part-time,False,False,E04415,direct,NovaCorp-Origin,WorkdayHR,49.0,341,False,10240,Outstanding,76.9,involuntary
E02105,2024-04-30,voluntary,Career advancement,True,False,Below Expectations,116900.0,E07901,push,Kiara Coleman,1996-05-12,2024-04-30,departed,Retail Banking,Technology,2,"Manager, Retail Banking",116900.0,0.81,Female,60+,Anglo-Australian,Full-time,False,True,E07901,referral,NovaCorp-Origin,WorkdayHR,86.0,340,False,10215,Meets Expectations,68.3,routine_voluntary
E02117,2025-05-01,involuntary,Involuntary - performance,False,False,Unsatisfactory,126300.0,E12245,push,Raymond James,1996-05-26,2025-05-01,departed,Wealth Management,Operations-Processing,2,"Manager, Wealth Management",126300.0,0.87,Male,55-59,Anglo-Australian,Full-time,False,False,E12245,referral,NovaCorp-Origin,WorkdayHR,32.0,352,False,10567,Meets Expectations,61.2,involuntary
E02145,2024-12-28,voluntary,Career advancement,True,False,Below Expectations,134300.0,E10317,pull,Derrick Morales,1996-07-05,2024-12-28,departed,Corporate Operations,Technology,2,"Manager, Corporate Operations",134300.0,0.93,Male,50-54,Anglo-Australian,Full-time,False,True,E10317,acquisition,NovaCorp-Origin,WorkdayHR,54.0,346,False,10403,Unsatisfactory,17.6,routine_voluntary
E02153,2025-06-05,voluntary,Compensation,False,False,Below Expectations,127400.0,E11512,push,Jacob Monroe,1996-07-17,2025-06-05,departed,Technology,Operations-Processing,2,"Manager, Technology",127400.0,0.88,Male,55-59,Anglo-Australian,Full-time,False,False,E11512,referral,NovaCorp-Origin,WorkdayHR,17.0,351,False,10550,Meets Expectations,74.9,routine_voluntary
E02159,2025-03-14,voluntary,Career advancement,True,False,Meets Expectations,157700.0,E03773,push,Justin Smith,1996-07-28,2025-03-14,departed,Technology,Corporate-Support,2,"Manager, Technology",157700.0,0.97,Male,45-49,Anglo-Australian,Casual,False,False,E03773,referral,NovaCorp-Origin,WorkdayHR,46.0,348,False,10456,Meets Expectations,65.5,routine_voluntary
E02177,2024-06-21,voluntary,Personal reasons,True,False,Below Expectations,133500.0,E01095,push,Kimberly Nguyen,1996-08-18,2024-06-21,departed,Wealth Management,Corporate-Support,2,"Manager, Wealth Management",133500.0,0.92,Female,50-54,Anglo-Australian,Part-time,False,True,E01095,agency,NovaCorp-Origin,WorkdayHR,47.0,338,False,10169,Meets Expectations,73.8,routine_voluntary
E02183,2025-10-10,voluntary,Better opportunity,False,True,Meets Expectations,124300.0,E01281,pull,Robert Mullins,1996-08-23,2025-10-10,departed,Corporate Operations,Operations-Processing,2,"Manager, Corporate Operations",124300.0,0.86,Male,60+,South Asian,Fixed-term,True,True,E01281,agency,NovaCorp-Origin,WorkdayHR,42.0,354,False,10640,High Performer,84.0,regrettable_attrition
E02205,2025-01-31,voluntary,Career advancement,False,False,Meets Expectations,143400.0,E04635,push,Frank Camacho,1996-09-27,2025-01-31,departed,Retail Banking,Operations-Processing,2,"Manager, Retail Banking",143400.0,0.99,Male,60+,Middle Eastern,Full-time,False,False,E04635,agency,NovaCorp-Origin,WorkdayHR,89.0,345,False,10353,Meets Expectations,70.8,routine_voluntary
E02226,2025-05-09,involuntary,Involuntary - performance,False,False,Unsatisfactory,120900.0,E03243,push,Emily Hughes,1996-11-02,2025-05-09,departed,Corporate Operations,Technology,2,"Manager, Corporate Operations",120900.0,0.83,Female,55-59,Anglo-Australian,Full-time,False,False,E03243,direct,NovaCorp-Origin,WorkdayHR,43.0,347,False,10415,Meets Expectations,67.8,involuntary
E02229,2025-08-04,involuntary,Involuntary - performance,False,False,Below Expectations,123900.0,E06557,push,Danielle Davis,1996-11-07,2025-08-04,departed,Corporate Operations,Risk-Compliance,2,"Manager, Corporate Operations",123900.0,0.85,Female,55-59,Anglo-Australian,Full-time,False,False,E06557,direct,NovaCorp-Origin,WorkdayHR,16.0,349,False,10497,Below Expectations,58.6,involuntary
E02234,2025-09-05,voluntary,Career advancement,True,False,Meets Expectations,130000.0,E13517,push,Francisco Singh,1996-11-16,2025-09-05,departed,Technology,Risk-Compliance,2,"Manager, Technology",130000.0,0.9,Male,60+,Anglo-Australian,Full-time,False,False,E13517,direct,NovaCorp-Origin,WorkdayHR,47.0,350,False,10520,High Performer,84.6,regrettable_attrition
E02249,2024-11-29,voluntary,Career advancement,True,False,Meets Expectations,129300.0,E02001,push,William Castillo,1996-12-03,2024-11-29,departed,Corporate Operations,Technology,2,"Manager, Corporate Operations",129300.0,0.89,Non-binary,55-59,Anglo-Australian,Full-time,False,True,E02001,acquisition,NovaCorp-Origin,WorkdayHR,54.0,340,False,10223,Meets Expectations,63.9,routine_voluntary
E02253,2024-08-02,voluntary,Career advancement,True,False,High Performer,139300.0,E02155,push,Lori Flynn,1996-12-08,2024-08-02,departed,Technology,Technology,2,"Manager, Technology",139300.0,0.96,Female,55-59,Anglo-Australian,Full-time,False,False,E02155,agency,NovaCorp-Origin,WorkdayHR,74.0,336,False,10099,Meets Expectations,65.0,routine_voluntary
E02256,2025-01-31,voluntary,Better opportunity,True,False,High Performer,124200.0,E01942,pull,George Kelly,1996-12-10,2025-01-31,departed,Retail Banking,Management,2,"Manager, Retail Banking",124200.0,0.86,Male,45-49,Prefer not to say,Full-time,False,True,E01942,agency,NovaCorp-Origin,WorkdayHR,74.0,342,False,10279,High Performer,80.1,regrettable_attrition
E02270,2024-02-28,voluntary,Compensation,True,False,Meets Expectations,142900.0,E00094,push,John Reynolds,1996-12-23,2024-02-28,departed,Retail Banking,Corporate-Support,2,"Manager, Retail Banking",142900.0,0.99,Male,50-54,European (non-Anglo),Casual,True,False,E00094,graduate,NovaCorp-Origin,WorkdayHR,84.0,330,False,9928,Outstanding,87.3,regrettable_attrition
E02286,2024-08-23,voluntary,Better opportunity,False,False,High Performer,128200.0,E01170,pull,Kathleen Fowler,1997-01-12,2024-08-23,departed,Retail Banking,Operations-Processing,2,"Manager, Retail Banking",128200.0,0.88,Non-binary,60+,East Asian,Casual,False,False,E01170,direct,NovaCorp-Origin,WorkdayHR,87.0,336,True,10085,High Performer,85.1,regrettable_attrition
E02293,2025-10-07,involuntary,Involuntary - restructure,True,False,Meets Expectations,135700.0,E10173,push,Diane Kline,1997-01-27,2025-10-07,departed,Corporate Operations,Operations-Processing,2,"Manager, Corporate Operations",135700.0,0.94,Female,55-59,Maori/Aboriginal & Torres Strait Islander,Full-time,False,True,E10173,acquisition,NovaCorp-Origin,WorkdayHR,65.0,349,False,10480,High Performer,68.6,involuntary
E02296,2025-05-30,voluntary,Career advancement,True,False,High Performer,135900.0,E01095,push,Mark Ali,1997-02-02,2025-05-30,departed,Insurance,Operations-Processing,2,"Manager, Insurance",135900.0,0.94,Male,60+,Anglo-Australian,Full-time,True,False,E01095,referral,NovaCorp-Origin,WorkdayHR,48.0,344,False,10344,High Performer,82.7,regrettable_attrition
E02305,2025-02-28,voluntary,Work-life balance,True,False,Meets Expectations,135600.0,E02316,push,Nicole Rodriguez,1997-02-11,2025-02-28,departed,Retail Banking,Corporate-Support,2,"Manager, Retail Banking",135600.0,0.94,Female,60+,Anglo-Australian,Full-time,False,False,E02316,graduate,NovaCorp-Origin,WorkdayHR,83.0,341,False,10244,Unsatisfactory,21.3,routine_voluntary
E02311,2025-10-31,voluntary,Better opportunity,False,False,High Performer,127600.0,E04053,pull,Carolyn Vasquez,1997-02-15,2025-10-31,departed,Technology,Client-Advisory,2,"Manager, Technology",127600.0,0.88,Female,50-54,East Asian,Full-time,False,False,E04053,agency,NovaCorp-Origin,WorkdayHR,79.0,349,False,10485,High Performer,75.4,regrettable_attrition
E02320,2025-10-16,voluntary,Career advancement,True,False,Meets Expectations,177600.0,E14493,push,Rose Smith MD,1997-03-02,2025-10-16,departed,Insurance,Technology,2,"Manager, Insurance",177600.0,1.0,Female,50-54,Southeast Asian,Full-time,False,False,E14493,agency,NovaCorp-Origin,WorkdayHR,73.0,348,False,10455,High Performer,83.2,regrettable_attrition
E02324,2024-12-31,involuntary,Involuntary - restructure,False,False,Meets Expectations,145300.0,E06044,push,Robert Oconnell,1997-03-17,2024-12-31,departed,Wealth Management,Operations-Processing,2,"Manager, Wealth Management",145300.0,0.94,Male,50-54,East Asian,Full-time,False,True,E06044,graduate,NovaCorp-Origin,WorkdayHR,18.0,338,False,10151,Outstanding,94.2,involuntary
E02336,2024-12-27,involuntary,Involuntary - restructure,True,False,High Performer,119600.0,E08733,push,Crystal Johnson,1997-04-01,2024-12-27,departed,Corporate Operations,Operations-Processing,2,"Manager, Corporate Operations",119600.0,0.82,Female,55-59,Anglo-Australian,Full-time,False,False,E08733,agency,NovaCorp-Origin,WorkdayHR,31.0,337,False,10132,Meets Expectations,63.4,involuntary
E02343,2025-03-12,voluntary,Career advancement,False,False,Meets Expectations,135500.0,E01243,push,Curtis Obrien,1997-04-10,2025-03-12,departed,Retail Banking,Technology,2,"Manager, Retail Banking",135500.0,0.93,Male,60+,Anglo-Australian,Full-time,False,False,E01243,referral,NovaCorp-Origin,WorkdayHR,41.0,339,False,10198,Below Expectations,47.7,routine_voluntary
E02347,2025-11-08,involuntary,Involuntary - performance,False,False,Below Expectations,128100.0,E00187,push,Katelyn Bryant,1997-04-13,2025-11-08,departed,Risk & Compliance,Operations-Processing,2,"Manager, Risk & Compliance",128100.0,0.88,Female,55-59,Anglo-Australian,Full-time,False,False,E00187,direct,NovaCorp-Origin,WorkdayHR,47.0,347,False,10436,Below Expectations,34.9,involuntary
E02362,2024-09-05,voluntary,Career advancement,True,False,Meets Expectations,303300.0,E05945,push,Lisa Brooks,1997-05-14,2024-09-05,departed,Risk & Compliance,Technology,4,"Director, Risk & Compliance",303300.0,0.99,Female,50-54,East Asian,Full-time,False,False,E05945,direct,NovaCorp-Origin,WorkdayHR,37.0,332,False,9976,Meets Expectations,60.9,routine_voluntary
E02388,2024-04-30,voluntary,Role uncertainty / unclear future,True,True,Outstanding,138000.0,E01230,push,David Becker,1997-06-24,2024-04-30,departed,Corporate Operations,Operations-Processing,2,"Manager, Corporate Operations",138000.0,0.95,Male,50-54,Southeast Asian,Full-time,False,False,E01230,acquisition,NovaCorp-Origin,WorkdayHR,17.0,326,False,9807,Meets Expectations,59.5,routine_voluntary
E02393,2024-03-10,voluntary,Career advancement,True,False,Below Expectations,132700.0,E01909,push,Felicia Yates,1997-06-28,2024-03-10,departed,Retail Banking,Client-Advisory,2,"Manager, Retail Banking",132700.0,0.92,Female,55-59,Middle Eastern,Full-time,False,True,E01909,agency,NovaCorp-Origin,WorkdayHR,75.0,325,False,9752,High Performer,74.6,regrettable_attrition
E02410,2024-02-02,voluntary,Better opportunity,True,False,Outstanding,121400.0,E01069,pull,Tracy Rivas,1997-07-13,2024-02-02,departed,Insurance,Operations-Processing,2,"Manager, Insurance",121400.0,0.84,Female,55-59,Anglo-Australian,Full-time,True,False,E01069,direct,NovaCorp-Origin,WorkdayHR,20.0,323,False,9700,Meets Expectations,77.2,regrettable_attrition
E02414,2024-02-05,voluntary,Career advancement,True,False,Meets Expectations,124700.0,E13314,push,William Martinez,1997-07-19,2024-02-05,departed,Technology,Corporate-Support,2,"Manager, Technology",124700.0,0.86,Male,45-49,Maori/Aboriginal & Torres Strait Islander,Full-time,False,False,E13314,direct,NovaCorp-Origin,WorkdayHR,82.0,323,False,9697,High Performer,80.2,regrettable_attrition
E02422,2024-10-31,voluntary,Career advancement,False,False,High Performer,132000.0,E00490,pull,Colleen Brown,1997-08-02,2024-10-31,departed,Technology,Client-Advisory,2,"Manager, Technology",132000.0,0.91,Female,55-59,South Asian,Part-time,False,True,E00490,agency,NovaCorp-Origin,WorkdayHR,62.0,331,False,9952,High Performer,73.0,regrettable_attrition
E02430,2024-11-15,involuntary,Involuntary - performance,True,False,Below Expectations,128300.0,E00490,push,Robert Harris,1997-08-07,2024-11-15,departed,Technology,Corporate-Support,2,"Manager, Technology",128300.0,0.88,Male,60+,Anglo-Australian,Full-time,False,False,E00490,direct,NovaCorp-Origin,WorkdayHR,84.0,332,False,9962,High Performer,88.3,involuntary
E02464,2024-07-12,voluntary,Career advancement,True,False,Below Expectations,127500.0,E09001,push,William Andrews,1997-10-08,2024-07-12,departed,Technology,Operations-Processing,2,"Manager, Technology",127500.0,0.88,Male,60+,Anglo-Australian,Full-time,False,True,E09001,direct,NovaCorp-Origin,WorkdayHR,56.0,325,False,9774,Outstanding,80.5,regrettable_attrition
E02477,2025-10-07,voluntary,Work-life balance,True,False,Below Expectations,115000.0,E09352,push,Jack White,1997-11-06,2025-10-07,departed,Retail Banking,Client-Advisory,2,"Manager, Retail Banking",115000.0,0.89,Male,45-49,Anglo-Australian,Casual,False,False,E09352,agency,NovaCorp-Origin,WorkdayHR,35.0,339,False,10197,Meets Expectations,50.1,routine_voluntary
E02478,2024-07-12,voluntary,Career advancement,True,False,Meets Expectations,127400.0,E01069,push,Keith Davis,1997-11-06,2024-07-12,departed,Insurance,Risk-Compliance,2,"Manager, Insurance",127400.0,0.88,Male,55-59,Anglo-Australian,Full-time,False,False,E01069,direct,NovaCorp-Origin,WorkdayHR,31.0,324,False,9745,High Performer,67.1,regrettable_attrition
E02487,2024-10-31,involuntary,Involuntary - performance,True,False,Below Expectations,134300.0,E13709,push,Michael Ross,1997-11-29,2024-10-31,departed,Wealth Management,Operations-Processing,2,"Manager, Wealth Management",134300.0,0.93,Male,60+,Anglo-Australian,Full-time,False,False,E13709,agency,NovaCorp-Origin,WorkdayHR,49.0,327,False,9833,Meets Expectations,70.3,involuntary
E02504,2025-02-12,voluntary,Career advancement,True,False,Below Expectations,181300.0,E14236,push,Jessica Moss,1997-12-22,2025-02-12,departed,Retail Banking,Operations-Processing,2,"Manager, Retail Banking",181300.0,0.93,Female,60+,Anglo-Australian,Full-time,False,False,E14236,agency,NovaCorp-Origin,WorkdayHR,56.0,330,False,9914,Below Expectations,44.2,routine_voluntary
E02535,2024-08-16,involuntary,Involuntary - performance,True,False,Below Expectations,174900.0,E12716,push,Jessica Dunn,1998-01-25,2024-08-16,departed,Retail Banking,Operations-Processing,2,"Manager, Retail Banking",174900.0,1.06,Female,60+,South Asian,Full-time,False,False,E12716,agency,NovaCorp-Origin,WorkdayHR,23.0,323,False,9700,Below Expectations,44.4,involuntary
E02536,2024-10-27,voluntary,Relocation,True,False,Meets Expectations,119600.0,E00598,push,Jennifer Walker,1998-01-26,2024-10-27,departed,Technology,Corporate-Support,2,"Manager, Technology",119600.0,0.82,Female,50-54,Middle Eastern,Full-time,False,True,E00598,direct,NovaCorp-Origin,WorkdayHR,27.0,325,False,9771,Meets Expectations,53.5,routine_voluntary
E02544,2024-04-12,voluntary,Role uncertainty / unclear future,True,False,Meets Expectations,174200.0,E07967,push,Jessica Kennedy,1998-02-07,2024-04-12,departed,Technology,Management,2,"Manager, Technology",174200.0,1.01,Female,50-54,Anglo-Australian,Full-time,False,False,E07967,agency,NovaCorp-Origin,WorkdayHR,18.0,318,False,9561,Meets Expectations,74.0,routine_voluntary
E02545,2024-03-09,involuntary,Involuntary - restructure,False,False,Meets Expectations,120500.0,E09068,push,Clifford Murphy,1998-02-07,2024-03-09,departed,Technology,Client-Advisory,2,"Manager, Technology",120500.0,0.83,Male,45-49,Anglo-Australian,Full-time,False,True,E09068,referral,NovaCorp-Origin,WorkdayHR,38.0,317,False,9527,High Performer,66.4,involuntary
E02548,2024-08-03,voluntary,Career advancement,True,False,High Performer,134600.0,E02467,pull,Mr. Jeremy Martinez,1998-02-13,2024-08-03,departed,Corporate Operations,Management,2,"Manager, Corporate Operations",134600.0,0.93,Male,50-54,Anglo-Australian,Full-time,False,False,E02467,referral,NovaCorp-Origin,WorkdayHR,21.0,322,False,9668,Meets Expectations,66.8,routine_voluntary
E02556,2025-08-29,voluntary,Role uncertainty / unclear future,True,False,High Performer,120900.0,E04695,push,Mark Murphy,1998-02-25,2025-08-29,departed,Retail Banking,Technology,2,"Manager, Retail Banking",120900.0,0.83,Male,45-49,Middle Eastern,Full-time,False,False,E04695,agency,NovaCorp-Origin,WorkdayHR,58.0,334,False,10047,High Performer,64.8,regrettable_attrition
E02562,2025-02-28,voluntary,Career advancement,True,False,High Performer,190700.0,E00607,push,Casey Valdez,1998-03-07,2025-02-28,departed,Insurance,Corporate-Support,3,"Senior Manager, Insurance",190700.0,0.97,Male,60+,Anglo-Australian,Full-time,False,False,E00607,acquisition,NovaCorp-Origin,WorkdayHR,17.0,328,False,9855,High Performer,74.5,regrettable_attrition
E02565,2025-10-29,voluntary,Study/career change,True,False,Below Expectations,170100.0,E11603,push,Jamie Zavala,1998-03-11,2025-10-29,departed,Risk & Compliance,Corporate-Support,2,"Manager, Risk & Compliance",170100.0,0.95,Female,60+,East Asian,Part-time,False,False,E11603,agency,NovaCorp-Origin,WorkdayHR,24.0,336,False,10094,Outstanding,76.0,regrettable_attrition
E02568,2024-02-23,involuntary,Involuntary - performance,False,False,Below Expectations,120500.0,E11596,push,Michael Saunders,1998-03-13,2024-02-23,departed,Retail Banking,Risk-Compliance,2,"Manager, Retail Banking",120500.0,0.83,Male,55-59,Anglo-Australian,Full-time,False,False,E11596,agency,NovaCorp-Origin,WorkdayHR,21.0,315,False,9478,High Performer,65.1,involuntary
E02572,2025-07-02,voluntary,Career advancement,True,False,Meets Expectations,199100.0,E04166,push,Andre Brown,1998-03-24,2025-07-02,departed,Risk & Compliance,Client-Advisory,3,"Senior Manager, Risk & Compliance",199100.0,1.04,Male,50-54,Maori/Aboriginal & Torres Strait Islander,Full-time,False,False,E04166,direct,NovaCorp-Origin,WorkdayHR,61.0,332,False,9962,Outstanding,77.2,regrettable_attrition
E02578,2025-10-03,voluntary,Career advancement,True,False,High Performer,121900.0,E07314,push,Antonio Collins,1998-04-01,2025-10-03,departed,Risk & Compliance,Corporate-Support,2,"Manager, Risk & Compliance",121900.0,0.84,Male,60+,Anglo-Australian,Full-time,False,True,E07314,referral,NovaCorp-Origin,WorkdayHR,18.0,334,False,10047,Outstanding,88.2,regrettable_attrition
E02581,2025-10-24,voluntary,Better opportunity,True,False,High Performer,116500.0,E06460,push,Noah Wagner,1998-04-06,2025-10-24,departed,Technology,Operations-Processing,2,"Manager, Technology",116500.0,0.8,Male,50-54,Anglo-Australian,Full-time,False,False,E06460,agency,NovaCorp-Origin,WorkdayHR,54.0,335,False,10063,High Performer,83.8,regrettable_attrition
E02597,2024-07-31,involuntary,Involuntary - performance,True,False,Unsatisfactory,115500.0,E06379,push,Kyle Bautista,1998-05-08,2024-07-31,departed,Technology,Risk-Compliance,2,"Manager, Technology",115500.0,0.8,Male,60+,South Asian,Full-time,False,True,E06379,direct,NovaCorp-Origin,WorkdayHR,65.0,319,False,9581,Below Expectations,45.6,involuntary
E02605,2024-08-14,voluntary,Career advancement,True,False,Meets Expectations,120100.0,E06981,push,Nancy Bradford,1998-05-18,2024-08-14,departed,Insurance,Technology,2,"Manager, Insurance",120100.0,0.83,Female,55-59,Anglo-Australian,Full-time,False,False,E06981,referral,NovaCorp-Origin,WorkdayHR,47.0,319,False,9585,High Performer,57.3,regrettable_attrition
E02617,2025-06-15,voluntary,Career advancement,True,False,High Performer,129100.0,E10458,pull,Sarah Nguyen,1998-06-08,2025-06-15,departed,Retail Banking,Client-Advisory,2,"Manager, Retail Banking",129100.0,0.89,Female,50-54,Anglo-Australian,Fixed-term,False,False,E10458,graduate,NovaCorp-Origin,WorkdayHR,32.0,328,False,9869,Meets Expectations,71.9,routine_voluntary
E02624,2024-08-23,involuntary,Involuntary - conduct,False,False,Meets Expectations,135800.0,E00462,push,Jordan Castro,1998-06-17,2024-08-23,departed,Retail Banking,Operations-Processing,2,"Manager, Retail Banking",135800.0,0.94,Female,50-54,Pacific Islander,Full-time,False,False,E00462,agency,NovaCorp-Origin,WorkdayHR,83.0,318,False,9564,Meets Expectations,69.3,involuntary
E02631,2024-05-16,voluntary,Better opportunity,True,True,Outstanding,134400.0,E12716,pull,Stephanie Hamilton,1998-06-25,2024-05-16,departed,Retail Banking,Operations-Processing,2,"Manager, Retail Banking",134400.0,0.93,Female,45-49,East Asian,Part-time,False,False,E12716,direct,NovaCorp-Origin,WorkdayHR,78.0,315,False,9457,Below Expectations,44.6,routine_voluntary
E02638,2025-05-29,involuntary,Involuntary - performance,True,False,Below Expectations,128300.0,E00248,push,Amy Cox,1998-07-03,2025-05-29,departed,Executive Leadership,Client-Advisory,2,"Manager, Executive Leadership",128300.0,0.88,Female,45-49,Prefer not to say,Full-time,False,False,E00248,direct,NovaCorp-Origin,WorkdayHR,14.0,327,False,9827,Below Expectations,45.0,involuntary
E02658,2025-09-30,voluntary,Work-life balance,True,False,High Performer,135800.0,E01556,push,Jessica Green,1998-08-01,2025-09-30,departed,Retail Banking,Corporate-Support,2,"Manager, Retail Banking",135800.0,0.94,Female,45-49,Anglo-Australian,Full-time,False,False,E01556,direct,NovaCorp-Origin,WorkdayHR,37.0,330,False,9922,High Performer,78.4,regrettable_attrition
E02663,2025-03-28,voluntary,Better opportunity,True,True,Unsatisfactory,127100.0,E11587,pull,Charles Tucker,1998-08-07,2025-03-28,departed,Technology,Corporate-Support,2,"Manager, Technology",127100.0,0.88,Male,55-59,South Asian,Full-time,True,False,E11587,direct,NovaCorp-Origin,WorkdayHR,26.0,324,False,9730,Outstanding,87.3,regrettable_attrition
E02664,2024-08-09,voluntary,Career advancement,False,False,Below Expectations,138900.0,E07302,push,Michelle Knight,1998-08-07,2024-08-09,departed,Retail Banking,Risk-Compliance,2,"Manager, Retail Banking",138900.0,0.96,Female,60+,Anglo-Australian,Full-time,False,False,E07302,agency,NovaCorp-Origin,WorkdayHR,38.0,316,False,9499,Meets Expectations,83.1,routine_voluntary
E02679,2024-04-09,voluntary,Compensation,True,False,Below Expectations,117200.0,E02613,push,Allison Martin,1998-08-22,2024-04-09,departed,Wealth Management,Corporate-Support,2,"Manager, Wealth Management",117200.0,0.81,Female,55-59,Anglo-Australian,Full-time,False,True,E02613,agency,NovaCorp-Origin,WorkdayHR,82.0,312,False,9362,Meets Expectations,59.9,routine_voluntary
E02684,2024-12-10,voluntary,Career advancement,False,False,Below Expectations,135200.0,E01366,push,Andrew Berry,1998-08-24,2024-12-10,departed,Retail Banking,Risk-Compliance,2,"Manager, Retail Banking",135200.0,0.93,Non-binary,60+,Anglo-Australian,Fixed-term,False,False,E01366,referral,NovaCorp-Origin,WorkdayHR,46.0,320,False,9605,High Performer,75.2,regrettable_attrition
E02688,2024-08-09,voluntary,Career advancement,True,True,Outstanding,133000.0,E03615,push,Jonathan Anderson,1998-08-27,2024-08-09,departed,Insurance,Operations-Processing,2,"Manager, Insurance",133000.0,0.92,Male,60+,Maori/Aboriginal & Torres Strait Islander,Full-time,True,False,E03615,graduate,NovaCorp-Origin,WorkdayHR,19.0,315,False,9479,High Performer,69.3,regrettable_attrition
E02692,2024-10-11,involuntary,Involuntary - performance,False,False,Meets Expectations,273000.0,E08605,push,Randy Griffin,1998-09-01,2024-10-11,departed,Risk & Compliance,Client-Advisory,4,"Director, Risk & Compliance",273000.0,1.0,Male,60+,Anglo-Australian,Full-time,False,False,E08605,agency,NovaCorp-Origin,WorkdayHR,65.0,317,False,9537,Meets Expectations,54.0,involuntary
E02714,2025-02-28,involuntary,Involuntary - performance,True,False,Meets Expectations,232600.0,E05727,push,Timothy Odom,1998-09-25,2025-02-28,departed,Insurance,Client-Advisory,3,"Senior Manager, Insurance",232600.0,0.95,Prefer not to say,55-59,South Asian,Full-time,False,False,E05727,direct,NovaCorp-Origin,WorkdayHR,43.0,321,False,9653,Meets Expectations,59.9,involuntary
E02716,2025-10-03,voluntary,Personal reasons,True,False,Meets Expectations,123200.0,E09482,push,Steven Lawson,1998-09-30,2025-10-03,departed,Technology,Operations-Processing,2,"Manager, Technology",123200.0,0.85,Male,50-54,South Asian,Full-time,False,False,E09482,direct,NovaCorp-Origin,WorkdayHR,85.0,328,False,9865,High Performer,79.3,regrettable_attrition
E02720,2024-05-31,voluntary,Career advancement,True,False,Meets Expectations,125700.0,E06375,push,Steven Mahoney,1998-10-04,2024-05-31,departed,Risk & Compliance,Risk-Compliance,2,"Manager, Risk & Compliance",125700.0,0.87,Male,50-54,Anglo-Australian,Full-time,False,False,E06375,agency,NovaCorp-Origin,WorkdayHR,79.0,312,False,9371,Outstanding,76.2,regrettable_attrition
E02738,2025-05-02,voluntary,Better opportunity,True,False,Meets Expectations,122900.0,E12803,pull,Russell King,1998-11-02,2025-05-02,departed,Insurance,Corporate-Support,2,"Manager, Insurance",122900.0,0.85,Male,45-49,Anglo-Australian,Full-time,False,False,E12803,graduate,NovaCorp-Origin,WorkdayHR,25.0,322,False,9678,High Performer,85.8,regrettable_attrition
E02770,2024-12-21,involuntary,Involuntary - restructure,True,False,High Performer,126800.0,E00308,push,Jose Burnett,1998-12-20,2024-12-21,departed,Insurance,Operations-Processing,2,"Manager, Insurance",126800.0,0.87,Male,45-49,Anglo-Australian,Full-time,False,False,E00308,referral,NovaCorp-Origin,WorkdayHR,62.0,316,False,9498,High Performer,88.7,involuntary
E02805,2024-03-11,voluntary,Career advancement,True,True,Outstanding,115600.0,E05666,pull,Robert Nicholson,1999-02-20,2024-03-11,departed,Retail Banking,Operations-Processing,2,"Manager, Retail Banking",115600.0,0.8,Male,45-49,Southeast Asian,Full-time,True,False,E05666,graduate,NovaCorp-Origin,WorkdayHR,72.0,305,False,9151,High Performer,76.3,regrettable_attrition
E02810,2025-01-24,voluntary,Career advancement,True,False,High Performer,140600.0,E01120,push,Sharon Holland,1999-02-23,2025-01-24,departed,Retail Banking,Operations-Processing,2,"Manager, Retail Banking",140600.0,0.97,Female,60+,Anglo-Australian,Full-time,False,False,E01120,agency,NovaCorp-Origin,WorkdayHR,39.0,315,True,9467,Meets Expectations,54.5,routine_voluntary
E02850,2024-07-08,voluntary,Career advancement,False,True,Outstanding,324500.0,E11957,pull,David Larson,1999-05-02,2024-07-08,departed,Risk & Compliance,Technology,4,"Director, Risk & Compliance",324500.0,0.98,Male,55-59,Anglo-Australian,Full-time,False,True,E11957,agency,NovaCorp-Origin,WorkdayHR,58.0,306,False,9199,Meets Expectations,60.8,routine_voluntary
E02861,2024-10-08,involuntary,Involuntary - performance,True,False,Unsatisfactory,307100.0,E00209,push,Mr. Cesar Sanchez,1999-05-09,2024-10-08,departed,Technology,Management,4,"Director, Technology",307100.0,0.95,Male,55-59,Anglo-Australian,Full-time,False,False,E00209,referral,NovaCorp-Origin,WorkdayHR,16.0,309,False,9284,High Performer,80.5,involuntary
E02863,2024-04-19,voluntary,Personal reasons,True,False,Meets Expectations,126000.0,E13889,push,Lindsay Rose,1999-05-10,2024-04-19,departed,Technology,Operations-Processing,2,"Manager, Technology",126000.0,0.87,Female,45-49,Anglo-Australian,Part-time,False,False,E13889,referral,NovaCorp-Origin,WorkdayHR,40.0,303,False,9111,High Performer,75.1,regrettable_attrition
E02883,2024-08-30,voluntary,Personal reasons,True,False,Meets Expectations,132300.0,E12488,push,Jonathan Downs,1999-06-01,2024-08-30,departed,Technology,Management,2,"Manager, Technology",132300.0,0.91,Male,60+,South Asian,Full-time,False,True,E12488,agency,NovaCorp-Origin,WorkdayHR,43.0,307,False,9222,Below Expectations,52.5,routine_voluntary
E02891,2025-01-07,voluntary,Role uncertainty / unclear future,True,False,Meets Expectations,130800.0,E06406,push,Susan Moore,1999-06-13,2025-01-07,departed,Corporate Operations,Risk-Compliance,2,"Manager, Corporate Operations",130800.0,0.96,Female,50-54,East Asian,Full-time,False,False,E06406,referral,NovaCorp-Origin,WorkdayHR,59.0,311,False,9340,Unsatisfactory,28.2,routine_voluntary
E02892,2024-09-06,voluntary,Better opportunity,True,False,Below Expectations,134900.0,E06471,push,Natalie Sanders,1999-06-14,2024-09-06,departed,Wealth Management,Technology,2,"Manager, Wealth Management",134900.0,0.93,Female,40-44,Anglo-Australian,Part-time,False,False,E06471,referral,NovaCorp-Origin,WorkdayHR,56.0,307,False,9216,Meets Expectations,73.0,routine_voluntary
E02893,2025-11-14,voluntary,Career advancement,True,False,Meets Expectations,119400.0,E00655,push,Karen Robinson,1999-06-15,2025-11-14,departed,Retail Banking,Technology,2,"Manager, Retail Banking",119400.0,0.82,Female,60+,Anglo-Australian,Full-time,False,False,E00655,agency,NovaCorp-Origin,WorkdayHR,41.0,321,False,9649,High Performer,79.4,regrettable_attrition
E02912,2024-03-29,voluntary,Better opportunity,True,False,High Performer,129900.0,E01219,pull,Tammy Allen,1999-07-09,2024-03-29,departed,Wealth Management,Client-Advisory,2,"Manager, Wealth Management",129900.0,0.9,Female,55-59,Southeast Asian,Full-time,False,False,E01219,graduate,NovaCorp-Origin,WorkdayHR,65.0,301,False,9030,Meets Expectations,65.7,routine_voluntary
E02918,2025-07-05,voluntary,Role uncertainty / unclear future,False,False,Meets Expectations,122400.0,E11140,push,David Thomas,1999-07-17,2025-07-05,departed,Corporate Operations,Client-Advisory,2,"Manager, Corporate Operations",122400.0,0.84,Male,45-49,Anglo-Australian,Full-time,False,False,E11140,direct,NovaCorp-Origin,WorkdayHR,44.0,316,False,9485,Below Expectations,45.2,routine_voluntary
E02924,2025-08-29,voluntary,Career advancement,True,False,Meets Expectations,116200.0,E06688,push,Margaret Humphrey,1999-07-28,2025-08-29,departed,Risk & Compliance,Operations-Processing,2,"Manager, Risk & Compliance",116200.0,0.8,Non-binary,60+,European (non-Anglo),Full-time,False,False,E06688,referral,NovaCorp-Origin,WorkdayHR,29.0,317,False,9529,Meets Expectations,71.1,routine_voluntary
E02944,2024-10-25,voluntary,Career advancement,True,False,High Performer,121800.0,E01372,push,Miss Kelly Ray,1999-08-27,2024-10-25,departed,Wealth Management,Management,2,"Manager, Wealth Management",121800.0,0.84,Female,60+,Anglo-Australian,Full-time,False,False,E01372,direct,NovaCorp-Origin,WorkdayHR,47.0,306,False,9191,Outstanding,77.2,regrettable_attrition
E02949,2025-08-01,voluntary,Career advancement,True,False,Meets Expectations,128600.0,E00829,push,Denise Schultz,1999-09-05,2025-08-01,departed,Wealth Management,Corporate-Support,2,"Manager, Wealth Management",128600.0,0.89,Female,45-49,Anglo-Australian,Part-time,False,True,E00829,agency,NovaCorp-Origin,WorkdayHR,38.0,315,False,9462,Outstanding,85.3,regrettable_attrition
E02977,2025-09-10,involuntary,Involuntary - restructure,False,False,Meets Expectations,119500.0,E04695,push,Alexis Alexander,1999-10-11,2025-09-10,departed,Retail Banking,Management,2,"Manager, Retail Banking",119500.0,0.82,Female,55-59,East Asian,Full-time,False,False,E04695,agency,NovaCorp-Origin,WorkdayHR,21.0,315,False,9466,High Performer,69.8,involuntary
E02980,2024-02-25,voluntary,Career advancement,True,True,Unsatisfactory,235700.0,E02692,pull,Robert Collins,1999-10-13,2024-02-25,departed,Risk & Compliance,Management,3,"Senior Manager, Risk & Compliance",235700.0,0.77,Male,60+,Pacific Islander,Full-time,True,False,E02692,agency,NovaCorp-Origin,WorkdayHR,45.0,296,False,8901,Meets Expectations,73.6,regrettable_attrition
E02981,2025-09-05,voluntary,Better opportunity,True,False,Meets Expectations,135400.0,E03529,pull,Kenneth Lewis,1999-10-16,2025-09-05,departed,Technology,Technology,2,"Manager, Technology",135400.0,0.93,Male,60+,Anglo-Australian,Part-time,False,True,E03529,graduate,NovaCorp-Origin,WorkdayHR,86.0,315,False,9456,Meets Expectations,69.0,routine_voluntary
E02984,2024-06-27,voluntary,Career advancement,True,False,High Performer,134700.0,E01764,pull,Jimmy Lee,1999-10-16,2024-06-27,departed,Risk & Compliance,Risk-Compliance,2,"Manager, Risk & Compliance",134700.0,0.93,Male,60+,East Asian,Full-time,False,False,E01764,direct,NovaCorp-Origin,WorkdayHR,35.0,300,False,9021,Meets Expectations,76.4,routine_voluntary
E02986,2025-08-07,voluntary,Career advancement,True,False,Below Expectations,133400.0,E00583,push,Taylor Sandoval,1999-10-21,2025-08-07,departed,Wealth Management,Client-Advisory,2,"Manager, Wealth Management",133400.0,0.92,Female,55-59,Anglo-Australian,Fixed-term,False,False,E00583,referral,NovaCorp-Origin,WorkdayHR,59.0,314,False,9422,Outstanding,88.0,regrettable_attrition
E02998,2024-05-16,voluntary,Career advancement,True,False,Outstanding,129200.0,E13571,pull,Dr. Paul Patterson,1999-11-10,2024-05-16,departed,Corporate Operations,Management,2,"Manager, Corporate Operations",129200.0,0.89,Male,55-59,South Asian,Full-time,False,False,E13571,direct,NovaCorp-Origin,WorkdayHR,20.0,298,False,8954,Meets Expectations,58.2,routine_voluntary
E03000,2024-09-22,voluntary,Better opportunity,True,False,High Performer,215700.0,E07945,pull,Frank Green,1999-11-17,2024-09-22,departed,Retail Banking,Technology,3,"Senior Manager, Retail Banking",215700.0,0.95,Male,50-54,Anglo-Australian,Full-time,False,False,E07945,direct,NovaCorp-Origin,WorkdayHR,44.0,302,False,9076,Below Expectations,40.7,routine_voluntary
E03003,2024-07-01,voluntary,Career advancement,True,False,High Performer,125000.0,E02425,pull,Chad Brown,1999-11-27,2024-07-01,departed,Wealth Management,Corporate-Support,2,"Manager, Wealth Management",125000.0,0.86,Male,55-59,Anglo-Australian,Full-time,False,False,E02425,direct,NovaCorp-Origin,WorkdayHR,62.0,299,False,8983,Unsatisfactory,25.0,routine_voluntary
E03010,2025-10-24,voluntary,Better opportunity,True,False,Meets Expectations,130500.0,E03706,pull,Penny Miller,1999-12-04,2025-10-24,departed,Wealth Management,Management,2,"Manager, Wealth Management",130500.0,0.9,Female,45-49,Southeast Asian,Full-time,False,False,E03706,direct,NovaCorp-Origin,WorkdayHR,36.0,315,False,9456,Below Expectations,53.2,routine_voluntary
E03012,2025-02-09,voluntary,Career advancement,True,False,High Performer,119000.0,E05229,pull,Anita Nielsen,1999-12-13,2025-02-09,departed,Retail Banking,Client-Advisory,2,"Manager, Retail Banking",119000.0,0.82,Female,45-49,Anglo-Australian,Full-time,False,False,E05229,referral,NovaCorp-Origin,WorkdayHR,27.0,306,False,9190,High Performer,80.9,regrettable_attrition
E03021,2024-12-14,voluntary,Career advancement,True,False,Meets Expectations,117500.0,E01618,push,Margaret Orr,2000-01-01,2024-12-14,departed,Retail Banking,Technology,2,"Manager, Retail Banking",117500.0,0.81,Female,55-59,South Asian,Full-time,False,False,E01618,acquisition,NovaCorp-Origin,WorkdayHR,22.0,303,False,9114,Meets Expectations,51.9,routine_voluntary
E03024,2024-04-13,involuntary,Involuntary - performance,False,False,Unsatisfactory,120300.0,E10171,push,Lydia Payne,2000-01-07,2024-04-13,departed,Retail Banking,Operations-Processing,2,"Manager, Retail Banking",120300.0,0.83,Non-binary,50-54,Anglo-Australian,Full-time,False,False,E10171,direct,NovaCorp-Origin,WorkdayHR,56.0,295,False,8863,Meets Expectations,50.0,involuntary
E03025,2025-01-28,voluntary,Career advancement,False,False,Outstanding,142600.0,E00843,pull,Mary Nunez,2000-01-07,2025-01-28,departed,Risk & Compliance,Risk-Compliance,2,"Manager, Risk & Compliance",142600.0,0.82,Female,50-54,Anglo-Australian,Casual,True,False,E00843,agency,NovaCorp-Origin,WorkdayHR,31.0,305,False,9153,High Performer,71.0,regrettable_attrition
E03029,2024-02-02,voluntary,Study/career change,False,False,Meets Expectations,140300.0,E02619,push,Christina Thompson,2000-01-09,2024-02-02,departed,Corporate Operations,Operations-Processing,2,"Manager, Corporate Operations",140300.0,0.97,Female,55-59,Anglo-Australian,Full-time,False,True,E02619,graduate,NovaCorp-Origin,WorkdayHR,44.0,293,False,8790,High Performer,81.7,regrettable_attrition
E03037,2025-01-31,voluntary,Better opportunity,True,False,High Performer,178800.0,E03782,pull,Whitney Peters,2000-01-17,2025-01-31,departed,Corporate Operations,Technology,2,"Manager, Corporate Operations",178800.0,0.88,Female,45-49,Maori/Aboriginal & Torres Strait Islander,Full-time,True,True,E03782,acquisition,NovaCorp-Origin,WorkdayHR,28.0,304,False,9146,Meets Expectations,78.1,regrettable_attrition
E03040,2024-10-31,voluntary,Career advancement,True,True,Outstanding,134200.0,E12311,push,Roger Garcia,2000-01-21,2024-10-31,departed,Technology,Operations-Processing,2,"Manager, Technology",134200.0,0.93,Male,55-59,Anglo-Australian,Full-time,False,False,E12311,agency,NovaCorp-Origin,WorkdayHR,67.0,301,False,9050,Outstanding,91.1,regrettable_attrition
E03064,2024-09-13,involuntary,Involuntary - performance,False,False,Unsatisfactory,125600.0,E02701,push,Geoffrey Marshall,2000-02-23,2024-09-13,departed,Risk & Compliance,Client-Advisory,2,"Manager, Risk & Compliance",125600.0,0.87,Male,45-49,Anglo-Australian,Full-time,True,False,E02701,referral,NovaCorp-Origin,WorkdayHR,47.0,298,False,8969,High Performer,76.3,involuntary
E03071,2024-02-29,involuntary,Involuntary - performance,False,False,Unsatisfactory,123200.0,E00728,push,Amanda Murray,2000-03-12,2024-02-29,departed,Corporate Operations,Management,2,"Manager, Corporate Operations",123200.0,0.85,Female,40-44,East Asian,Full-time,False,False,E00728,referral,NovaCorp-Origin,WorkdayHR,26.0,291,False,8754,Meets Expectations,55.1,involuntary
E03090,2024-12-04,involuntary,Involuntary - restructure,False,False,Meets Expectations,201200.0,E00270,push,Shaun Henderson,2000-04-07,2024-12-04,departed,Technology,Operations-Processing,3,"Senior Manager, Technology",201200.0,0.8,Male,55-59,Anglo-Australian,Full-time,True,False,E00270,direct,NovaCorp-Origin,WorkdayHR,81.0,300,False,9007,Meets Expectations,67.1,involuntary
E03098,2024-03-29,voluntary,Career advancement,False,False,Below Expectations,165600.0,E10688,pull,Jessica Nelson,2000-04-14,2024-03-29,departed,Corporate Operations,Risk-Compliance,2,"Manager, Corporate Operations",165600.0,0.93,Female,50-54,Anglo-Australian,Full-time,False,True,E10688,agency,NovaCorp-Origin,WorkdayHR,15.0,291,False,8750,Meets Expectations,58.1,routine_voluntary
E03101,2024-10-11,voluntary,Better opportunity,True,True,High Performer,168400.0,E00587,pull,Matthew Brown MD,2000-04-16,2024-10-11,departed,Corporate Operations,Risk-Compliance,2,"Manager, Corporate Operations",168400.0,0.77,Male,55-59,Anglo-Australian,Full-time,True,False,E00587,acquisition,NovaCorp-Origin,WorkdayHR,65.0,298,False,8944,High Performer,63.6,regrettable_attrition
E03102,2024-09-06,voluntary,Career advancement,True,False,Meets Expectations,118500.0,E01243,push,Joseph Morrison,2000-04-16,2024-09-06,departed,Corporate Operations,Technology,2,"Manager, Corporate Operations",118500.0,0.82,Non-binary,40-44,Maori/Aboriginal & Torres Strait Islander,Full-time,False,False,E01243,direct,NovaCorp-Origin,WorkdayHR,26.0,296,False,8909,Unsatisfactory,25.0,routine_voluntary
E03107,2024-06-28,voluntary,Career advancement,True,False,High Performer,116600.0,E01442,push,Elizabeth Huerta,2000-04-21,2024-06-28,departed,Retail Banking,Management,2,"Manager, Retail Banking",116600.0,0.8,Female,55-59,Anglo-Australian,Full-time,False,False,E01442,agency,NovaCorp-Origin,WorkdayHR,35.0,294,False,8834,High Performer,78.0,regrettable_attrition
E03121,2025-02-14,voluntary,Career advancement,True,False,Below Expectations,132200.0,E01878,push,Kenneth Velez,2000-05-11,2025-02-14,departed,Risk & Compliance,Management,2,"Manager, Risk & Compliance",132200.0,0.91,Male,60+,Anglo-Australian,Full-time,False,True,E01878,acquisition,NovaCorp-Origin,WorkdayHR,47.0,301,False,9045,Meets Expectations,66.5,routine_voluntary
E03128,2024-07-27,voluntary,Career advancement,True,False,Meets Expectations,133100.0,E00744,push,Rachel Mayo,2000-05-21,2024-07-27,departed,Technology,Technology,2,"Manager, Technology",133100.0,0.92,Female,55-59,Anglo-Australian,Full-time,False,False,E00744,referral,NovaCorp-Origin,WorkdayHR,51.0,294,False,8833,High Performer,80.7,regrettable_attrition
E03133,2024-04-24,voluntary,Career advancement,False,False,Meets Expectations,125800.0,E00728,push,Kimberly Myers,2000-05-25,2024-04-24,departed,Technology,Corporate-Support,2,"Manager, Technology",125800.0,0.87,Female,50-54,Southeast Asian,Full-time,False,False,E00728,referral,NovaCorp-Origin,WorkdayHR,88.0,291,False,8735,Meets Expectations,69.2,routine_voluntary
E03150,2024-05-31,voluntary,Career advancement,True,False,Meets Expectations,134800.0,E02077,push,Joel Lester,2000-06-22,2024-05-31,departed,Retail Banking,Corporate-Support,2,"Manager, Retail Banking",134800.0,0.93,Male,45-49,Southeast Asian,Full-time,False,False,E02077,direct,NovaCorp-Origin,WorkdayHR,68.0,291,False,8744,High Performer,71.6,regrettable_attrition
E03171,2025-02-28,voluntary,Career advancement,True,False,Meets Expectations,123800.0,E07606,push,Donald Madden,2000-07-23,2025-02-28,departed,Wealth Management,Technology,2,"Manager, Wealth Management",123800.0,0.85,Male,50-54,European (non-Anglo),Full-time,False,True,E07606,graduate,NovaCorp-Origin,WorkdayHR,32.0,299,False,8986,Meets Expectations,59.8,routine_voluntary
E03172,2025-08-29,voluntary,Work-life balance,False,False,Meets Expectations,121200.0,E04453,push,Christopher Ramirez,2000-07-24,2025-08-29,departed,Technology,Operations-Processing,2,"Manager, Technology",121200.0,0.84,Male,55-59,South Asian,Full-time,False,True,E04453,direct,NovaCorp-Origin,WorkdayHR,35.0,305,False,9167,Meets Expectations,50.1,routine_voluntary
E03183,2024-06-14,voluntary,Career advancement,True,False,High Performer,130500.0,E12826,push,Joshua Jones,2000-08-04,2024-06-14,departed,Corporate Operations,Corporate-Support,2,"Manager, Corporate Operations",130500.0,0.9,Male,40-44,South Asian,Full-time,False,False,E12826,acquisition,NovaCorp-Origin,WorkdayHR,77.0,290,False,8715,Meets Expectations,56.0,routine_voluntary
E03189,2024-11-29,voluntary,Career advancement,True,False,Meets Expectations,127800.0,E11372,push,Brent Mack,2000-08-15,2024-11-29,departed,Insurance,Corporate-Support,2,"Manager, Insurance",127800.0,0.88,Male,55-59,East Asian,Full-time,False,False,E11372,referral,NovaCorp-Origin,WorkdayHR,57.0,295,False,8872,Outstanding,88.8,regrettable_attrition
E03199,2025-02-04,voluntary,Better opportunity,True,False,Meets Expectations,127900.0,E01434,pull,Heather Dunn,2000-08-26,2025-02-04,departed,Wealth Management,Management,2,"Manager, Wealth Management",127900.0,0.88,Female,45-49,Middle Eastern,Full-time,False,False,E01434,referral,NovaCorp-Origin,WorkdayHR,49.0,297,False,8928,Meets Expectations,67.4,routine_voluntary
E03205,2024-05-26,involuntary,Involuntary - performance,False,False,Below Expectations,132600.0,E02328,push,Maria Clark,2000-09-08,2024-05-26,departed,Insurance,Risk-Compliance,2,"Manager, Insurance",132600.0,0.91,Female,60+,South Asian,Full-time,False,False,E02328,direct,NovaCorp-Origin,WorkdayHR,21.0,288,False,8661,Meets Expectations,66.5,involuntary
E03207,2025-02-21,voluntary,Career advancement,True,False,Below Expectations,129500.0,E00135,push,Rachel Soto,2000-09-16,2025-02-21,departed,Insurance,Operations-Processing,2,"Manager, Insurance",129500.0,0.89,Non-binary,45-49,Maori/Aboriginal & Torres Strait Islander,Full-time,False,False,E00135,direct,NovaCorp-Origin,WorkdayHR,88.0,297,False,8924,High Performer,67.3,regrettable_attrition
E03214,2024-11-28,voluntary,Career advancement,True,True,Outstanding,126900.0,E00029,push,Kathryn Morris,2000-09-20,2024-11-28,departed,Insurance,Management,2,"Manager, Insurance",126900.0,0.88,Female,45-49,South Asian,Full-time,False,False,E00029,agency,NovaCorp-Origin,WorkdayHR,69.0,294,False,8835,High Performer,74.6,regrettable_attrition
E03216,2024-04-05,voluntary,Career advancement,False,False,High Performer,123100.0,E04635,push,Ariel Nelson,2000-09-21,2024-04-05,departed,Retail Banking,Risk-Compliance,2,"Manager, Retail Banking",123100.0,0.85,Female,45-49,Anglo-Australian,Full-time,False,False,E04635,referral,NovaCorp-Origin,WorkdayHR,53.0,286,False,8597,Meets Expectations,60.5,routine_voluntary
E03239,2025-04-07,voluntary,Career advancement,True,False,Below Expectations,152000.0,E00932,push,Patricia King,2000-10-27,2025-04-07,departed,Corporate Operations,Corporate-Support,2,"Manager, Corporate Operations",152000.0,1.02,Female,45-49,East Asian,Full-time,False,False,E00932,agency,NovaCorp-Origin,WorkdayHR,14.0,297,False,8928,Meets Expectations,47.0,routine_voluntary
E03242,2025-02-25,voluntary,Career advancement,True,True,Outstanding,115300.0,E07777,pull,Holly Wade,2000-11-03,2025-02-25,departed,Corporate Operations,Risk-Compliance,2,"Manager, Corporate Operations",115300.0,0.8,Female,40-44,Anglo-Australian,Full-time,True,True,E07777,direct,NovaCorp-Origin,WorkdayHR,39.0,296,False,8880,Outstanding,92.3,regrettable_attrition
E03243,2025-10-17,voluntary,Better opportunity,False,True,High Performer,193600.0,E07291,pull,Kimberly Holmes,2000-11-04,2025-10-17,departed,Corporate Operations,Technology,3,"Senior Manager, Corporate Operations",193600.0,0.86,Female,50-54,East Asian,Part-time,True,True,E07291,graduate,NovaCorp-Origin,WorkdayHR,60.0,303,False,9113,High Performer,72.3,regrettable_attrition
E03277,2025-03-25,voluntary,Career advancement,True,False,Meets Expectations,128200.0,E07967,push,Thomas Wells,2001-01-07,2025-03-25,departed,Technology,Technology,2,"Manager, Technology",128200.0,0.88,Male,55-59,Anglo-Australian,Fixed-term,False,False,E07967,agency,NovaCorp-Origin,WorkdayHR,72.0,294,False,8843,Outstanding,82.3,regrettable_attrition
E03318,2025-03-05,voluntary,Better opportunity,True,False,High Performer,132400.0,E10006,pull,Jacqueline Norman,2001-02-25,2025-03-05,departed,Retail Banking,Technology,2,"Manager, Retail Banking",132400.0,0.91,Female,45-49,Anglo-Australian,Full-time,False,False,E10006,graduate,NovaCorp-Origin,WorkdayHR,48.0,292,False,8774,High Performer,82.3,regrettable_attrition
E03322,2025-06-08,involuntary,Involuntary - performance,True,False,Below Expectations,151900.0,E04052,push,Bjorn Andresson,2001-03-03,2025-06-08,departed,Risk & Compliance,Management,2,"Manager, Risk & Compliance",151900.0,0.92,Male,55-59,South Asian,Full-time,False,True,E04052,agency,NovaCorp-Origin,WorkdayHR,42.0,295,False,8863,High Performer,76.7,involuntary
E03327,2025-10-04,involuntary,Involuntary - conduct,True,False,High Performer,141800.0,E01057,push,Vanessa Cunningham,2001-03-10,2025-10-04,departed,Wealth Management,Management,2,"Manager, Wealth Management",141800.0,0.98,Female,60+,Southeast Asian,Full-time,False,True,E01057,agency,NovaCorp-Origin,WorkdayHR,16.0,299,False,8974,Outstanding,81.0,involuntary
E03332,2024-08-06,voluntary,Better opportunity,True,True,Outstanding,176500.0,E12277,pull,Brittany Davis,2001-03-21,2024-08-06,departed,Risk & Compliance,Operations-Processing,2,"Manager, Risk & Compliance",176500.0,1.06,Female,55-59,Anglo-Australian,Full-time,False,False,E12277,acquisition,NovaCorp-Origin,WorkdayHR,74.0,284,False,8539,Meets Expectations,60.4,routine_voluntary
E03336,2024-12-20,involuntary,Involuntary - performance,True,False,Below Expectations,238800.0,E07285,push,Mark Farrell,2001-03-31,2024-12-20,departed,Wealth Management,Client-Advisory,3,"Senior Manager, Wealth Management",238800.0,0.98,Male,60+,Anglo-Australian,Full-time,False,False,E07285,graduate,NovaCorp-Origin,WorkdayHR,48.0,288,False,8665,Meets Expectations,65.0,involuntary
E03357,2024-03-13,involuntary,Involuntary - restructure,False,False,Meets Expectations,168400.0,E02260,push,Sarah Martin,2001-04-26,2024-03-13,departed,Wealth Management,Corporate-Support,2,"Manager, Wealth Management",168400.0,0.98,Female,50-54,South Asian,Part-time,False,True,E02260,graduate,NovaCorp-Origin,WorkdayHR,68.0,278,False,8357,Meets Expectations,71.9,involuntary
E03372,2025-08-14,voluntary,Career advancement,True,False,Below Expectations,133100.0,E08921,push,Johnathan Rogers,2001-05-12,2025-08-14,departed,Technology,Technology,1,Senior Engineer,133100.0,1.02,Male,45-49,South Asian,Part-time,False,False,E08921,agency,NovaCorp-Origin,WorkdayHR,80.0,295,False,8860,High Performer,82.0,regrettable_attrition
E03375,2024-06-28,voluntary,Better opportunity,True,True,Outstanding,137300.0,E00597,pull,Rickey Rice,2001-05-17,2024-06-28,departed,Wealth Management,Management,1,Team Leader,137300.0,0.71,Male,60+,Anglo-Australian,Part-time,True,False,E00597,agency,NovaCorp-Origin,WorkdayHR,51.0,281,False,8443,Outstanding,87.2,regrettable_attrition
E03381,2025-03-31,voluntary,Career advancement,True,False,High Performer,174200.0,E00774,push,Jeanette Henry,2001-05-25,2025-03-31,departed,Technology,Operations-Processing,2,"Manager, Technology",174200.0,0.97,Female,45-49,Prefer not to say,Full-time,False,False,E00774,agency,NovaCorp-Origin,WorkdayHR,54.0,290,False,8711,Meets Expectations,64.1,routine_voluntary
E03393,2024-03-29,voluntary,Career advancement,False,False,High Performer,120400.0,E13079,push,Kenneth Phillips,2001-06-15,2024-03-29,departed,Corporate Operations,Corporate-Support,1,Senior Specialist,120400.0,0.97,Male,45-49,Anglo-Australian,Casual,False,False,E13079,agency,NovaCorp-Origin,WorkdayHR,50.0,277,False,8323,Meets Expectations,64.5,routine_voluntary
E03404,2024-10-24,voluntary,Career advancement,True,False,Meets Expectations,91000.0,E00896,push,Dennis Smith,2001-06-26,2024-10-24,departed,Technology,Operations-Processing,1,Analyst,91000.0,0.94,Male,50-54,Southeast Asian,Full-time,False,False,E00896,referral,NovaCorp-Origin,WorkdayHR,23.0,284,False,8521,Outstanding,82.6,regrettable_attrition
E03414,2024-11-17,involuntary,Involuntary - performance,True,False,Unsatisfactory,147400.0,E11616,push,James White,2001-07-05,2024-11-17,departed,Risk & Compliance,Corporate-Support,1,Senior Specialist,147400.0,1.0,Male,55-59,Anglo-Australian,Casual,False,True,E11616,referral,NovaCorp-Origin,WorkdayHR,58.0,284,False,8536,Meets Expectations,59.5,involuntary
E03421,2024-05-17,involuntary,Involuntary - performance,False,False,Unsatisfactory,61700.0,E00322,push,Deborah Fields,2001-07-17,2024-05-17,departed,Risk & Compliance,Risk-Compliance,1,Compliance Officer,61700.0,0.92,Female,60+,East Asian,Full-time,False,False,E00322,graduate,NovaCorp-Origin,WorkdayHR,25.0,278,False,8340,Outstanding,96.9,involuntary
E03433,2024-12-31,voluntary,Career advancement,True,False,High Performer,247300.0,E00096,pull,Seth Olsen,2001-08-01,2024-12-31,departed,Corporate Operations,Corporate-Support,4,"Director, Corporate Operations",247300.0,0.94,Male,60+,Southeast Asian,Part-time,False,True,E00096,graduate,NovaCorp-Origin,WorkdayHR,87.0,285,False,8553,Meets Expectations,76.7,routine_voluntary
E03438,2025-07-17,voluntary,Better opportunity,True,False,Below Expectations,121800.0,E02970,pull,Amber Miller,2001-08-06,2025-07-17,departed,Corporate Operations,Risk-Compliance,1,Senior Risk Analyst,121800.0,0.9,Female,45-49,Anglo-Australian,Full-time,False,False,E02970,graduate,NovaCorp-Origin,WorkdayHR,48.0,291,False,8746,Unsatisfactory,25.8,routine_voluntary
E03439,2024-02-29,voluntary,Career advancement,False,False,High Performer,161600.0,E01137,pull,James Hernandez,2001-08-09,2024-02-29,departed,Retail Banking,Corporate-Support,2,"Manager, Retail Banking",161600.0,0.99,Male,40-44,Anglo-Australian,Full-time,False,False,E01137,graduate,NovaCorp-Origin,WorkdayHR,73.0,274,False,8239,Below Expectations,48.0,routine_voluntary
E03440,2025-11-28,voluntary,Work-life balance,True,False,Meets Expectations,141400.0,E11218,push,Angela Munoz,2001-08-10,2025-11-28,departed,Technology,Client-Advisory,1,Senior Adviser,141400.0,0.99,Female,55-59,Anglo-Australian,Part-time,False,False,E11218,graduate,NovaCorp-Origin,WorkdayHR,52.0,295,False,8876,Meets Expectations,61.1,routine_voluntary
E03442,2025-03-30,voluntary,Career advancement,True,False,High Performer,183500.0,E12716,pull,Jamie Hernandez,2001-08-14,2025-03-30,departed,Retail Banking,Operations-Processing,2,"Manager, Retail Banking",183500.0,0.95,Female,40-44,Anglo-Australian,Full-time,False,False,E12716,direct,NovaCorp-Origin,WorkdayHR,76.0,287,False,8629,Meets Expectations,54.7,routine_voluntary
E03447,2025-01-17,voluntary,Relocation,True,False,Meets Expectations,122700.0,E05706,push,Ryan Jennings,2001-08-21,2025-01-17,departed,Insurance,Operations-Processing,1,Senior Analyst,122700.0,0.93,Male,50-54,Prefer not to say,Full-time,False,False,E05706,agency,NovaCorp-Origin,WorkdayHR,88.0,285,False,8550,Meets Expectations,65.8,routine_voluntary
E03453,2025-04-11,voluntary,Study/career change,True,False,High Performer,88600.0,E03104,push,Emily Garrett,2001-09-04,2025-04-11,departed,Technology,Client-Advisory,1,Adviser,88600.0,0.98,Female,40-44,Southeast Asian,Part-time,False,False,E03104,graduate,NovaCorp-Origin,WorkdayHR,65.0,287,False,8620,Meets Expectations,76.5,routine_voluntary
E03463,2025-10-31,involuntary,Involuntary - performance,True,False,Meets Expectations,73800.0,E04217,push,Anna Henderson,2001-09-17,2025-10-31,departed,Insurance,Technology,1,Junior Developer,73800.0,1.01,Female,50-54,Anglo-Australian,Full-time,False,False,E04217,direct,NovaCorp-Origin,WorkdayHR,80.0,293,False,8810,Meets Expectations,60.0,involuntary
E03499,2024-07-14,voluntary,Compensation,True,False,Meets Expectations,130300.0,E01822,push,Karen Savage,2001-11-17,2024-07-14,departed,Retail Banking,Risk-Compliance,1,Senior Risk Analyst,130300.0,0.99,Female,55-59,Anglo-Australian,Full-time,False,False,E01822,direct,NovaCorp-Origin,WorkdayHR,90.0,275,False,8275,Outstanding,89.9,regrettable_attrition
E03516,2024-10-31,involuntary,Involuntary - performance,False,False,Unsatisfactory,228200.0,E11584,push,Jennifer Anderson,2001-12-07,2024-10-31,departed,Insurance,Corporate-Support,3,"Senior Manager, Insurance",228200.0,0.91,Female,55-59,East Asian,Part-time,False,False,E11584,agency,NovaCorp-Origin,WorkdayHR,63.0,278,False,8364,Meets Expectations,60.7,involuntary
E03526,2025-06-29,voluntary,Career advancement,True,False,Meets Expectations,112200.0,E01006,push,Miranda Davis,2001-12-21,2025-06-29,departed,Insurance,Technology,1,Engineer,112200.0,0.96,Female,50-54,Anglo-Australian,Full-time,False,False,E01006,agency,NovaCorp-Origin,WorkdayHR,63.0,286,False,8591,Meets Expectations,58.6,routine_voluntary
E03540,2024-03-02,voluntary,Career advancement,True,False,Meets Expectations,110400.0,E02725,push,Vanessa Flores,2002-01-08,2024-03-02,departed,Technology,Risk-Compliance,1,Risk Analyst,110400.0,0.94,Female,40-44,East Asian,Full-time,False,False,E02725,direct,NovaCorp-Origin,WorkdayHR,61.0,269,False,8089,Meets Expectations,66.8,routine_voluntary
E03553,2025-02-17,voluntary,Personal reasons,True,False,Below Expectations,55000.0,E02216,push,Holly Smith,2002-01-22,2025-02-17,departed,Wealth Management,Management,1,Administration Officer,55000.0,1.0,Female,40-44,Anglo-Australian,Full-time,False,True,E02216,referral,NovaCorp-Origin,WorkdayHR,30.0,280,False,8427,Below Expectations,49.9,routine_voluntary
E03556,2024-09-06,involuntary,Involuntary - performance,False,False,Below Expectations,82500.0,E02427,push,Kathryn Stone,2002-01-31,2024-09-06,departed,Technology,Technology,1,Junior Developer,82500.0,1.05,Female,45-49,Anglo-Australian,Full-time,False,False,E02427,graduate,NovaCorp-Origin,WorkdayHR,56.0,275,False,8254,Meets Expectations,63.0,involuntary
E03563,2025-08-15,voluntary,Career advancement,True,False,Below Expectations,133500.0,E03094,push,Ashley Morris,2002-02-06,2025-08-15,departed,Retail Banking,Technology,1,Senior Engineer,133500.0,0.96,Female,40-44,Maori/Aboriginal & Torres Strait Islander,Full-time,False,False,E03094,direct,NovaCorp-Origin,WorkdayHR,45.0,286,False,8591,High Performer,90.6,regrettable_attrition
E03571,2024-10-29,involuntary,Involuntary - performance,False,False,Below Expectations,141900.0,E05808,push,James Martin,2002-02-14,2024-10-29,departed,Retail Banking,Client-Advisory,1,Senior Adviser,141900.0,0.89,Male,40-44,European (non-Anglo),Full-time,False,False,E05808,direct,NovaCorp-Origin,WorkdayHR,51.0,276,False,8293,Meets Expectations,66.6,involuntary
E03575,2024-10-25,voluntary,Career advancement,False,False,Below Expectations,102500.0,E00178,push,Holly Floyd,2002-02-22,2024-10-25,departed,Insurance,Management,1,Coordinator,102500.0,0.97,Female,50-54,Anglo-Australian,Full-time,False,False,E00178,direct,NovaCorp-Origin,WorkdayHR,68.0,276,False,8281,High Performer,76.1,regrettable_attrition
E03580,2025-03-30,voluntary,Career advancement,True,True,Outstanding,85200.0,E02432,pull,Robert Harris,2002-02-26,2025-03-30,departed,Technology,Client-Advisory,1,Adviser,85200.0,1.03,Male,55-59,Anglo-Australian,Full-time,False,False,E02432,graduate,NovaCorp-Origin,WorkdayHR,77.0,281,False,8433,High Performer,57.5,regrettable_attrition
E03581,2024-11-26,voluntary,Career advancement,True,True,Outstanding,142600.0,E10879,push,Linda Gutierrez,2002-02-27,2024-11-26,departed,Retail Banking,Technology,1,Senior Engineer,142600.0,1.03,Female,40-44,Anglo-Australian,Full-time,False,False,E10879,direct,NovaCorp-Origin,WorkdayHR,30.0,276,False,8308,High Performer,71.1,regrettable_attrition
E03586,2024-08-23,voluntary,Relocation,True,False,Meets Expectations,84700.0,E09707,push,Franklin Ruiz,2002-03-12,2024-08-23,departed,Risk & Compliance,Management,1,Administration Officer,84700.0,0.95,Male,50-54,South Asian,Full-time,False,True,E09707,agency,NovaCorp-Origin,WorkdayHR,66.0,273,False,8200,Meets Expectations,67.8,routine_voluntary
E03599,2024-04-30,voluntary,Career advancement,True,False,Meets Expectations,101100.0,E04740,push,Nicholas Hoover,2002-03-26,2024-04-30,departed,Risk & Compliance,Risk-Compliance,1,Risk Analyst,101100.0,0.9,Male,40-44,South Asian,Full-time,False,False,E04740,referral,NovaCorp-Origin,WorkdayHR,90.0,269,False,8071,Meets Expectations,55.3,routine_voluntary
E03600,2025-04-30,voluntary,Better opportunity,True,False,Meets Expectations,84400.0,E02658,pull,Gabriel French,2002-03-26,2025-04-30,departed,Retail Banking,Management,1,Administration Officer,84400.0,0.95,Male,60+,East Asian,Full-time,False,False,E02658,agency,NovaCorp-Origin,WorkdayHR,80.0,281,False,8436,Meets Expectations,68.0,routine_voluntary
E03601,2025-05-30,voluntary,Career advancement,True,False,Meets Expectations,66100.0,E00706,push,James Franklin,2002-03-27,2025-05-30,departed,Technology,Risk-Compliance,1,Compliance Officer,66100.0,0.97,Male,50-54,Southeast Asian,Full-time,False,True,E00706,graduate,NovaCorp-Origin,WorkdayHR,30.0,282,False,8465,High Performer,78.0,regrettable_attrition
E03602,2025-09-17,voluntary,Relocation,True,False,Meets Expectations,109200.0,E04187,push,Walter Schwartz,2002-03-27,2025-09-17,departed,Retail Banking,Corporate-Support,1,Specialist,109200.0,0.93,Male,50-54,South Asian,Full-time,False,False,E04187,direct,NovaCorp-Origin,WorkdayHR,56.0,285,False,8575,Meets Expectations,57.6,routine_voluntary
E03605,2024-09-27,involuntary,Involuntary - restructure,False,False,Meets Expectations,89600.0,E04920,push,Kyle Chang,2002-03-29,2024-09-27,departed,Wealth Management,Corporate-Support,1,Specialist,89600.0,0.92,Male,50-54,Anglo-Australian,Full-time,False,True,E04920,agency,NovaCorp-Origin,WorkdayHR,38.0,273,False,8218,High Performer,64.3,involuntary
E03608,2025-02-28,voluntary,Career advancement,False,False,High Performer,129100.0,E08209,push,Matthew Barker,2002-04-04,2025-02-28,departed,Risk & Compliance,Technology,1,Senior Engineer,129100.0,1.04,Male,50-54,Anglo-Australian,Full-time,False,False,E08209,agency,NovaCorp-Origin,WorkdayHR,17.0,278,False,8366,Below Expectations,56.5,routine_voluntary
E03617,2024-02-02,involuntary,Involuntary - conduct,False,False,Meets Expectations,214900.0,E09391,push,John Padilla,2002-04-17,2024-02-02,departed,Retail Banking,Corporate-Support,3,"Senior Manager, Retail Banking",214900.0,0.84,Male,50-54,East Asian,Full-time,True,False,E09391,direct,NovaCorp-Origin,WorkdayHR,18.0,265,False,7961,Meets Expectations,66.1,involuntary
E03619,2024-11-30,voluntary,Career advancement,True,False,Meets Expectations,359600.0,E00132,push,Eric Warner,2002-04-22,2024-11-30,departed,Retail Banking,Risk-Compliance,4,"Director, Retail Banking",359600.0,1.1,Male,45-49,European (non-Anglo),Part-time,False,False,E00132,agency,NovaCorp-Origin,WorkdayHR,86.0,275,False,8258,High Performer,73.1,regrettable_attrition
E03638,2024-03-29,voluntary,Career advancement,True,False,Meets Expectations,112900.0,E00953,push,Shane Gaines,2002-05-18,2024-03-29,departed,Insurance,Risk-Compliance,1,Risk Analyst,112900.0,0.98,Male,40-44,South Asian,Full-time,False,False,E00953,graduate,NovaCorp-Origin,WorkdayHR,60.0,266,False,7986,Below Expectations,47.4,routine_voluntary
E03642,2025-04-09,voluntary,Work-life balance,True,False,High Performer,136600.0,E06558,push,Travis Reed,2002-05-20,2025-04-09,departed,Risk & Compliance,Corporate-Support,2,"Manager, Risk & Compliance",136600.0,0.95,Male,45-49,Anglo-Australian,Part-time,False,False,E06558,direct,NovaCorp-Origin,WorkdayHR,18.0,278,False,8360,Meets Expectations,61.7,routine_voluntary
E03643,2024-04-19,voluntary,Career advancement,True,False,High Performer,140700.0,E11603,pull,Tony Diaz,2002-05-21,2024-04-19,departed,Corporate Operations,Corporate-Support,2,"Manager, Corporate Operations",140700.0,1.03,Male,50-54,Anglo-Australian,Full-time,False,False,E11603,agency,NovaCorp-Origin,WorkdayHR,32.0,266,False,8004,Meets Expectations,77.8,routine_voluntary
E03653,2025-05-09,voluntary,Career advancement,True,True,High Performer,80400.0,E09355,pull,Adrian Morris,2002-06-06,2025-05-09,departed,Technology,Client-Advisory,1,Client Service Officer,80400.0,0.84,Male,50-54,Anglo-Australian,Full-time,True,False,E09355,agency,NovaCorp-Origin,WorkdayHR,60.0,279,False,8373,Meets Expectations,71.5,regrettable_attrition
E03680,2024-12-27,voluntary,Career advancement,False,False,Meets Expectations,112400.0,E02597,pull,Suzanne Jones,2002-07-12,2024-12-27,departed,Technology,Client-Advisory,1,Adviser,112400.0,0.9,Prefer not to say,50-54,East Asian,Full-time,False,True,E02597,referral,NovaCorp-Origin,WorkdayHR,77.0,273,False,8204,Outstanding,81.3,regrettable_attrition
E03682,2025-03-14,voluntary,Career advancement,True,False,Meets Expectations,141500.0,E08836,push,Ryan Jordan,2002-07-15,2025-03-14,departed,Wealth Management,Operations-Processing,1,Senior Analyst,141500.0,1.04,Male,55-59,Anglo-Australian,Full-time,False,False,E08836,acquisition,NovaCorp-Origin,WorkdayHR,70.0,275,False,8278,Outstanding,89.8,regrettable_attrition
E03700,2025-02-21,voluntary,Career advancement,False,True,Outstanding,112400.0,E01208,pull,Sarah Gomez MD,2002-08-09,2025-02-21,departed,Wealth Management,Operations-Processing,1,Analyst,112400.0,0.98,Prefer not to say,50-54,East Asian,Full-time,False,True,E01208,direct,NovaCorp-Origin,WorkdayHR,70.0,274,False,8232,Meets Expectations,74.4,routine_voluntary
E03703,2025-03-31,involuntary,Involuntary - performance,False,False,Unsatisfactory,110200.0,E02625,push,Gregory Johnson,2002-08-21,2025-03-31,departed,Risk & Compliance,Client-Advisory,1,Adviser,110200.0,0.94,Male,40-44,Anglo-Australian,Full-time,False,False,E02625,agency,NovaCorp-Origin,WorkdayHR,45.0,275,False,8258,Meets Expectations,57.5,involuntary
E03708,2024-03-29,involuntary,Involuntary - performance,True,False,Below Expectations,93900.0,E03484,push,Timothy Cox,2002-08-28,2024-03-29,departed,Retail Banking,Risk-Compliance,1,Risk Analyst,93900.0,1.0,Male,45-49,Anglo-Australian,Part-time,False,False,E03484,referral,NovaCorp-Origin,WorkdayHR,36.0,262,False,7884,Outstanding,100.0,involuntary
E03718,2024-02-23,voluntary,Relocation,True,False,Meets Expectations,110200.0,E06335,push,Matthew Daniels,2002-09-05,2024-02-23,departed,Corporate Operations,Technology,1,Engineer,110200.0,0.92,Male,40-44,Anglo-Australian,Full-time,False,False,E06335,agency,NovaCorp-Origin,WorkdayHR,44.0,261,False,7841,Meets Expectations,59.0,routine_voluntary
E03743,2024-04-18,voluntary,Work-life balance,True,False,Meets Expectations,95600.0,E04659,push,Jon Gentry,2002-10-03,2024-04-18,departed,Corporate Operations,Management,1,Coordinator,95600.0,0.99,Male,45-49,Anglo-Australian,Full-time,False,True,E04659,agency,NovaCorp-Origin,WorkdayHR,64.0,262,False,7868,Meets Expectations,58.2,routine_voluntary
E03770,2025-01-31,voluntary,Career advancement,True,False,Meets Expectations,129200.0,E01316,push,Jesse Phillips,2002-11-05,2025-01-31,departed,Insurance,Risk-Compliance,1,Senior Risk Analyst,129200.0,1.1,Male,50-54,South Asian,Full-time,False,False,E01316,agency,NovaCorp-Origin,WorkdayHR,15.0,270,False,8123,Below Expectations,47.9,routine_voluntary
E03775,2025-07-31,involuntary,Involuntary - restructure,True,False,Meets Expectations,128200.0,E01665,push,Joan Ortiz,2002-11-09,2025-07-31,departed,Retail Banking,Operations-Processing,2,"Manager, Retail Banking",128200.0,0.89,Non-binary,50-54,Anglo-Australian,Full-time,True,False,E01665,acquisition,NovaCorp-Origin,WorkdayHR,27.0,276,False,8300,High Performer,81.0,involuntary
E03778,2024-03-10,voluntary,Better opportunity,True,False,Meets Expectations,159400.0,E00931,pull,Martha Smith,2002-11-14,2024-03-10,departed,Retail Banking,Operations-Processing,2,"Manager, Retail Banking",159400.0,0.9,Female,50-54,East Asian,Full-time,False,False,E00931,graduate,NovaCorp-Origin,WorkdayHR,64.0,259,False,7787,Meets Expectations,73.2,routine_voluntary
E03781,2024-05-31,involuntary,Involuntary - performance,False,False,Below Expectations,130400.0,E03020,push,Steven Wilcox,2002-11-16,2024-05-31,departed,Technology,Technology,2,"Manager, Technology",130400.0,0.85,Male,50-54,South Asian,Full-time,True,True,E03020,agency,NovaCorp-Origin,WorkdayHR,65.0,262,False,7867,Outstanding,88.0,involuntary
E03802,2024-08-30,voluntary,Career advancement,True,False,Meets Expectations,89400.0,E03349,push,Samuel Davis,2002-12-11,2024-08-30,departed,Technology,Management,1,Coordinator,89400.0,0.95,Male,40-44,Anglo-Australian,Full-time,False,True,E03349,direct,NovaCorp-Origin,WorkdayHR,90.0,264,False,7933,Meets Expectations,49.9,routine_voluntary
E03807,2024-11-12,voluntary,Work-life balance,True,False,High Performer,128100.0,E13542,push,Lori Ingram,2002-12-13,2024-11-12,departed,Risk & Compliance,Management,2,"Manager, Risk & Compliance",128100.0,0.84,Female,45-49,South Asian,Casual,False,False,E13542,agency,NovaCorp-Origin,WorkdayHR,73.0,266,True,8005,Unsatisfactory,25.0,routine_voluntary
E03811,2024-10-20,voluntary,Career advancement,False,False,High Performer,227000.0,E04294,pull,Brooke Smith,2002-12-18,2024-10-20,departed,Corporate Operations,Corporate-Support,3,"Senior Manager, Corporate Operations",227000.0,1.06,Female,55-59,Latin American,Full-time,False,True,E04294,direct,NovaCorp-Origin,WorkdayHR,71.0,265,False,7977,Meets Expectations,68.4,routine_voluntary
E03822,2025-11-24,voluntary,Relocation,True,False,Meets Expectations,95000.0,E00661,push,Paula Lee,2003-01-15,2025-11-24,departed,Wealth Management,Technology,1,Engineer,95000.0,0.88,Female,55-59,Anglo-Australian,Fixed-term,False,True,E00661,acquisition,NovaCorp-Origin,WorkdayHR,43.0,278,False,8349,Meets Expectations,60.8,routine_voluntary
E03823,2024-04-30,voluntary,Career advancement,True,False,Meets Expectations,136500.0,E03290,push,Shannon Ayers,2003-01-17,2024-04-30,departed,Risk & Compliance,Management,1,Team Leader,136500.0,1.01,Female,50-54,Anglo-Australian,Full-time,False,True,E03290,direct,NovaCorp-Origin,WorkdayHR,37.0,259,False,7774,Meets Expectations,70.3,routine_voluntary
E03838,2024-05-10,involuntary,Involuntary - performance,True,False,Unsatisfactory,130700.0,E02133,push,David Peters,2003-02-11,2024-05-10,departed,Retail Banking,Corporate-Support,1,Senior Specialist,130700.0,0.88,Male,50-54,European (non-Anglo),Full-time,False,False,E02133,direct,NovaCorp-Origin,WorkdayHR,67.0,258,False,7759,Meets Expectations,69.2,involuntary
E03839,2024-08-09,involuntary,Involuntary - performance,True,False,Unsatisfactory,138300.0,E00115,push,Mrs. Lori Ramirez,2003-02-13,2024-08-09,departed,Insurance,Technology,1,Senior Engineer,138300.0,1.01,Female,55-59,Anglo-Australian,Full-time,False,False,E00115,agency,NovaCorp-Origin,WorkdayHR,68.0,261,False,7848,Meets Expectations,85.7,involuntary
E03892,2025-10-19,involuntary,Involuntary - performance,False,False,Below Expectations,170200.0,E08008,push,Nathaniel Huber,2003-04-24,2025-10-19,departed,Executive Leadership,Operations-Processing,2,"Manager, Executive Leadership",170200.0,0.92,Male,55-59,Anglo-Australian,Full-time,False,False,E08008,referral,NovaCorp-Origin,WorkdayHR,69.0,273,False,8214,Below Expectations,42.9,involuntary
E03920,2025-02-28,voluntary,Career advancement,True,False,Unsatisfactory,140400.0,E01628,push,Rachel Johnson,2003-06-09,2025-02-28,departed,Wealth Management,Client-Advisory,1,Senior Adviser,140400.0,0.95,Female,55-59,Maori/Aboriginal & Torres Strait Islander,Full-time,False,False,E01628,referral,NovaCorp-Origin,WorkdayHR,29.0,264,False,7935,High Performer,68.8,regrettable_attrition
E03945,2025-06-16,voluntary,Career advancement,True,False,Meets Expectations,145700.0,E09364,push,Jesse Welch,2003-07-09,2025-06-16,departed,Corporate Operations,Operations-Processing,2,"Manager, Corporate Operations",145700.0,0.92,Non-binary,45-49,Anglo-Australian,Full-time,False,True,E09364,agency,NovaCorp-Origin,WorkdayHR,55.0,267,False,8013,High Performer,78.0,regrettable_attrition
E03950,2025-04-30,voluntary,Better opportunity,False,False,High Performer,69900.0,E00953,push,Michael Howard,2003-07-26,2025-04-30,departed,Insurance,Risk-Compliance,1,Compliance Officer,69900.0,0.98,Male,45-49,South Asian,Full-time,False,False,E00953,acquisition,NovaCorp-Origin,WorkdayHR,24.0,264,False,7949,Meets Expectations,64.3,routine_voluntary
E03970,2024-11-16,voluntary,Better opportunity,True,False,High Performer,63400.0,E12220,pull,Timothy Avila,2003-08-27,2024-11-16,departed,Technology,Operations-Processing,1,Processing Officer,63400.0,0.89,Male,50-54,Maori/Aboriginal & Torres Strait Islander,Full-time,False,False,E12220,direct,NovaCorp-Origin,WorkdayHR,69.0,258,False,7752,High Performer,75.8,regrettable_attrition
E03974,2024-10-18,involuntary,Involuntary - performance,False,False,Unsatisfactory,136800.0,E10892,push,Kristina Henry,2003-09-01,2024-10-18,departed,Technology,Operations-Processing,1,Senior Analyst,136800.0,0.93,Female,40-44,Anglo-Australian,Part-time,False,False,E10892,agency,NovaCorp-Origin,WorkdayHR,54.0,257,False,7718,Meets Expectations,57.5,involuntary
E03982,2024-10-15,involuntary,Involuntary - performance,False,False,Below Expectations,140200.0,E12941,push,Elizabeth Porter,2003-10-03,2024-10-15,departed,Corporate Operations,Operations-Processing,1,Senior Analyst,140200.0,1.0,Female,55-59,Anglo-Australian,Full-time,False,False,E12941,direct,NovaCorp-Origin,WorkdayHR,59.0,256,False,7683,High Performer,59.3,involuntary
E03985,2024-07-02,voluntary,Better opportunity,True,False,High Performer,110300.0,E00188,pull,Henry Williams,2003-10-06,2024-07-02,departed,Technology,Risk-Compliance,1,Risk Analyst,110300.0,0.98,Male,45-49,Maori/Aboriginal & Torres Strait Islander,Full-time,False,False,E00188,direct,NovaCorp-Origin,WorkdayHR,14.0,252,False,7575,Meets Expectations,72.7,routine_voluntary
E03988,2024-06-28,voluntary,Career advancement,True,False,High Performer,132900.0,E02309,push,Bonnie Herrera,2003-10-11,2024-06-28,departed,Wealth Management,Risk-Compliance,1,Senior Risk Analyst,132900.0,0.9,Female,40-44,Southeast Asian,Full-time,True,False,E02309,agency,NovaCorp-Origin,WorkdayHR,73.0,252,False,7566,High Performer,67.6,regrettable_attrition
E03998,2025-10-28,voluntary,Better opportunity,True,False,Meets Expectations,136700.0,E00790,pull,Amanda Williams,2003-10-23,2025-10-28,departed,Wealth Management,Technology,1,Senior Engineer,136700.0,0.92,Female,50-54,Middle Eastern,Part-time,False,False,E00790,acquisition,NovaCorp-Origin,WorkdayHR,30.0,268,False,8041,Meets Expectations,58.5,routine_voluntary
E04028,2025-05-12,voluntary,Work-life balance,True,False,Below Expectations,298400.0,E08605,push,Dylan Hernandez,2003-12-14,2025-05-12,departed,Risk & Compliance,Client-Advisory,4,"Director, Risk & Compliance",298400.0,0.94,Male,45-49,Anglo-Australian,Fixed-term,False,False,E08605,direct,NovaCorp-Origin,WorkdayHR,36.0,260,False,7820,Meets Expectations,64.3,routine_voluntary
E04048,2024-10-02,voluntary,Better opportunity,False,False,Meets Expectations,107200.0,E02194,pull,Cindy Matthews,2004-01-07,2024-10-02,departed,Retail Banking,Technology,1,Engineer,107200.0,1.03,Female,35-39,Middle Eastern,Full-time,False,False,E02194,direct,NovaCorp-Origin,WorkdayHR,72.0,252,False,7574,Outstanding,74.3,regrettable_attrition
E04062,2024-08-23,voluntary,Better opportunity,True,False,Below Expectations,67800.0,E02308,push,Thomas Taylor,2004-01-23,2024-08-23,departed,Insurance,Technology,1,Junior Developer,67800.0,0.91,Male,60+,Anglo-Australian,Full-time,False,False,E02308,graduate,NovaCorp-Origin,WorkdayHR,42.0,250,False,7518,Meets Expectations,63.1,routine_voluntary
E04086,2025-01-14,voluntary,Better opportunity,True,False,High Performer,61200.0,E03603,pull,Maria Smith,2004-03-10,2025-01-14,departed,Risk & Compliance,Corporate-Support,1,Graduate,61200.0,1.02,Female,55-59,Anglo-Australian,Full-time,False,False,E03603,agency,NovaCorp-Origin,WorkdayHR,35.0,253,False,7615,High Performer,80.2,regrettable_attrition
E04087,2024-06-24,voluntary,Career advancement,False,True,Outstanding,78100.0,E01432,pull,Mr. Nathaniel Sanders,2004-03-12,2024-06-24,departed,Technology,Technology,1,Junior Developer,78100.0,0.97,Male,55-59,Anglo-Australian,Full-time,False,True,E01432,agency,NovaCorp-Origin,WorkdayHR,40.0,246,False,7409,Meets Expectations,65.0,routine_voluntary
E04088,2024-09-01,voluntary,Career advancement,True,False,High Performer,98300.0,E01902,push,Lisa Martin,2004-03-12,2024-09-01,departed,Retail Banking,Client-Advisory,1,Adviser,98300.0,0.95,Female,40-44,South Asian,Full-time,False,False,E01902,acquisition,NovaCorp-Origin,WorkdayHR,69.0,249,False,7478,Meets Expectations,76.3,routine_voluntary
E04099,2025-01-24,voluntary,Career advancement,True,True,High Performer,100300.0,E04153,pull,Jean Goodman,2004-03-27,2025-01-24,departed,Corporate Operations,Operations-Processing,1,Analyst,100300.0,0.66,Female,45-49,East Asian,Full-time,True,True,E04153,direct,NovaCorp-Origin,WorkdayHR,29.0,253,False,7608,High Performer,70.8,regrettable_attrition
E04107,2024-06-14,voluntary,Study/career change,True,False,High Performer,130900.0,E13040,push,William Mclaughlin,2004-04-04,2024-06-14,departed,Technology,Corporate-Support,1,Senior Specialist,130900.0,0.99,Male,55-59,Prefer not to say,Part-time,False,True,E13040,agency,NovaCorp-Origin,WorkdayHR,74.0,245,False,7376,Meets Expectations,57.3,routine_voluntary
E04122,2024-07-26,voluntary,Career advancement,True,True,Outstanding,66800.0,E02448,push,Troy Evans,2004-05-02,2024-07-26,departed,Insurance,Operations-Processing,1,Processing Officer,66800.0,0.9,Male,55-59,Anglo-Australian,Full-time,True,False,E02448,graduate,NovaCorp-Origin,WorkdayHR,31.0,246,False,7390,Meets Expectations,55.4,regrettable_attrition
E04127,2025-05-30,voluntary,Career advancement,True,False,Meets Expectations,112700.0,E00927,push,Jay Butler,2004-05-10,2025-05-30,departed,Technology,Client-Advisory,1,Adviser,112700.0,0.98,Male,55-59,South Asian,Casual,False,True,E00927,direct,NovaCorp-Origin,WorkdayHR,32.0,256,False,7690,Meets Expectations,65.6,routine_voluntary
E04147,2025-08-08,voluntary,Career advancement,True,False,High Performer,95700.0,E03123,pull,Travis Hughes,2004-06-02,2025-08-08,departed,Retail Banking,Operations-Processing,1,Analyst,95700.0,1.04,Male,50-54,Anglo-Australian,Full-time,False,False,E03123,agency,NovaCorp-Origin,WorkdayHR,59.0,257,False,7737,Unsatisfactory,31.0,routine_voluntary
E04160,2025-01-31,involuntary,Involuntary - restructure,False,False,Outstanding,130800.0,E09619,push,Jennifer Banks,2004-06-19,2025-01-31,departed,Corporate Operations,Client-Advisory,2,"Manager, Corporate Operations",130800.0,0.94,Female,40-44,Anglo-Australian,Casual,False,False,E09619,referral,NovaCorp-Origin,WorkdayHR,25.0,251,False,7531,High Performer,68.3,involuntary
E04195,2025-07-25,involuntary,Involuntary - conduct,True,False,Meets Expectations,104000.0,E02975,push,Sarah Berry,2004-08-01,2025-07-25,departed,Wealth Management,Management,1,Coordinator,104000.0,0.99,Female,45-49,European (non-Anglo),Casual,False,False,E02975,agency,NovaCorp-Origin,WorkdayHR,70.0,255,False,7663,High Performer,78.4,involuntary
E04200,2025-05-30,voluntary,Better opportunity,True,False,High Performer,129700.0,E09269,pull,Chad Harrison,2004-08-10,2025-05-30,departed,Risk & Compliance,Corporate-Support,1,Senior Specialist,129700.0,0.94,Male,45-49,Pacific Islander,Part-time,False,False,E09269,agency,NovaCorp-Origin,WorkdayHR,88.0,253,False,7598,High Performer,64.6,regrettable_attrition
E04223,2024-11-22,voluntary,Career advancement,True,True,Outstanding,106900.0,E03199,pull,Anna Kim,2004-09-06,2024-11-22,departed,Wealth Management,Operations-Processing,1,Analyst,106900.0,0.94,Female,50-54,East Asian,Full-time,False,False,E03199,agency,NovaCorp-Origin,WorkdayHR,83.0,246,False,7382,Outstanding,81.9,regrettable_attrition
E04228,2024-03-15,voluntary,Better opportunity,True,False,High Performer,91400.0,E05685,pull,Wesley Carrillo,2004-09-07,2024-03-15,departed,Insurance,Corporate-Support,1,Specialist,91400.0,0.95,Male,40-44,Anglo-Australian,Full-time,False,False,E05685,referral,NovaCorp-Origin,WorkdayHR,38.0,237,False,7129,High Performer,80.7,regrettable_attrition
E04229,2025-05-30,involuntary,Involuntary - performance,False,False,Below Expectations,319000.0,E01001,push,Mary Ponce,2004-09-10,2025-05-30,departed,Risk & Compliance,Technology,4,"Director, Risk & Compliance",319000.0,0.92,Prefer not to say,50-54,Anglo-Australian,Full-time,False,False,E01001,agency,NovaCorp-Origin,WorkdayHR,55.0,252,False,7567,High Performer,89.1,involuntary
E04247,2024-08-09,voluntary,Career advancement,True,False,Below Expectations,181800.0,E10182,push,Tammy Lopez,2004-10-08,2024-08-09,departed,Retail Banking,Risk-Compliance,2,"Manager, Retail Banking",181800.0,1.08,Non-binary,45-49,Anglo-Australian,Full-time,False,False,E10182,referral,NovaCorp-Origin,WorkdayHR,77.0,241,False,7245,High Performer,77.9,regrettable_attrition
E04251,2024-02-28,voluntary,Relocation,False,False,High Performer,79400.0,E02874,push,Maurice Johnson,2004-10-15,2024-02-28,departed,Retail Banking,Client-Advisory,1,Client Service Officer,79400.0,1.02,Male,50-54,Latin American,Full-time,True,False,E02874,direct,NovaCorp-Origin,WorkdayHR,79.0,235,False,7075,High Performer,75.7,regrettable_attrition
E04285,2024-03-18,voluntary,Career advancement,False,False,Meets Expectations,115700.0,E07221,pull,Travis Day,2004-11-30,2024-03-18,departed,Executive Leadership,Operations-Processing,1,Senior Analyst,115700.0,1.07,Male,55-59,South Asian,Full-time,False,False,E07221,direct,NovaCorp-Origin,WorkdayHR,79.0,234,False,7048,Meets Expectations,66.1,routine_voluntary
E04290,2024-03-22,voluntary,Career advancement,False,False,Meets Expectations,155400.0,E07717,push,Anthony Turner,2004-12-05,2024-03-22,departed,Technology,Risk-Compliance,2,"Manager, Technology",155400.0,1.01,Male,40-44,Anglo-Australian,Full-time,False,False,E07717,graduate,NovaCorp-Origin,WorkdayHR,46.0,234,False,7047,Below Expectations,41.4,routine_voluntary
E04295,2024-03-29,voluntary,Better opportunity,True,False,High Performer,107300.0,E01913,pull,Lisa Robinson,2004-12-13,2024-03-29,departed,Wealth Management,Operations-Processing,1,Analyst,107300.0,0.93,Female,50-54,Anglo-Australian,Full-time,False,True,E01913,agency,NovaCorp-Origin,WorkdayHR,55.0,234,False,7046,Meets Expectations,61.6,routine_voluntary
E04297,2025-04-12,involuntary,Involuntary - performance,False,False,Unsatisfactory,79400.0,E01233,push,Gina Wright,2004-12-17,2025-04-12,departed,Technology,Technology,1,Junior Developer,79400.0,0.9,Female,45-49,East Asian,Full-time,False,False,E01233,acquisition,NovaCorp-Origin,WorkdayHR,28.0,247,False,7421,Below Expectations,36.5,involuntary
E04303,2024-09-30,voluntary,Relocation,False,False,Meets Expectations,94900.0,E03225,push,Erica Simon MD,2004-12-26,2024-09-30,departed,Wealth Management,Operations-Processing,1,Analyst,94900.0,0.96,Female,50-54,Southeast Asian,Full-time,False,False,E03225,direct,NovaCorp-Origin,WorkdayHR,46.0,240,False,7218,High Performer,84.6,regrettable_attrition
E04327,2025-05-27,voluntary,Work-life balance,True,False,High Performer,91900.0,E00438,push,Michael Russo,2005-01-23,2025-05-27,departed,Technology,Client-Advisory,1,Adviser,91900.0,1.11,Male,50-54,Southeast Asian,Full-time,False,False,E00438,direct,NovaCorp-Origin,WorkdayHR,47.0,247,False,7429,Meets Expectations,58.4,routine_voluntary
E04347,2024-10-20,voluntary,Career advancement,False,False,High Performer,129600.0,E11256,pull,David Garrett,2005-02-28,2024-10-20,departed,Technology,Risk-Compliance,1,Senior Risk Analyst,129600.0,1.06,Male,45-49,South Asian,Full-time,False,False,E11256,agency,NovaCorp-Origin,WorkdayHR,23.0,239,False,7174,Below Expectations,51.0,routine_voluntary
E04365,2025-05-17,voluntary,Career advancement,True,False,High Performer,133900.0,E14396,pull,Brittany Matthews,2005-04-03,2025-05-17,departed,Corporate Operations,Operations-Processing,1,Senior Analyst,133900.0,0.95,Female,50-54,Anglo-Australian,Casual,False,False,E14396,direct,NovaCorp-Origin,WorkdayHR,60.0,244,False,7349,Meets Expectations,63.5,routine_voluntary
E04370,2024-11-29,involuntary,Involuntary - restructure,True,False,Meets Expectations,187300.0,E02861,push,Ashley Wells,2005-04-05,2024-11-29,departed,Technology,Client-Advisory,3,"Senior Manager, Technology",187300.0,0.92,Female,45-49,Anglo-Australian,Full-time,False,False,E02861,agency,NovaCorp-Origin,WorkdayHR,69.0,239,False,7178,Meets Expectations,53.1,involuntary
E04374,2024-07-11,voluntary,Better opportunity,True,False,High Performer,170500.0,E01796,pull,Sean Taylor,2005-04-14,2024-07-11,departed,Wealth Management,Technology,2,"Manager, Wealth Management",170500.0,0.86,Male,45-49,Prefer not to say,Full-time,True,False,E01796,direct,NovaCorp-Origin,WorkdayHR,23.0,234,False,7028,Meets Expectations,59.0,regrettable_attrition
E04377,2024-12-28,voluntary,Career advancement,True,False,Below Expectations,93300.0,E05342,push,Andrea Sanchez,2005-04-18,2024-12-28,departed,Technology,Operations-Processing,1,Analyst,93300.0,0.88,Female,40-44,East Asian,Full-time,False,False,E05342,agency,NovaCorp-Origin,WorkdayHR,20.0,239,False,7194,Outstanding,81.5,regrettable_attrition
E04391,2025-05-30,voluntary,Career advancement,True,False,Meets Expectations,131100.0,E02278,push,Tasha White,2005-05-04,2025-05-30,departed,Retail Banking,Client-Advisory,1,Senior Adviser,131100.0,0.95,Female,50-54,South Asian,Full-time,False,False,E02278,direct,NovaCorp-Origin,WorkdayHR,15.0,244,False,7331,Meets Expectations,71.0,routine_voluntary
E04392,2024-03-03,involuntary,Involuntary - performance,True,False,Unsatisfactory,80000.0,E06233,push,Christine Colon,2005-05-04,2024-03-03,departed,Wealth Management,Operations-Processing,1,Processing Officer,80000.0,0.93,Female,40-44,South Asian,Full-time,False,True,E06233,agency,NovaCorp-Origin,WorkdayHR,27.0,229,False,6878,High Performer,73.2,involuntary
E04408,2025-10-08,involuntary,Involuntary - performance,True,False,Unsatisfactory,177600.0,E07084,push,Joshua Patel,2005-05-28,2025-10-08,departed,Insurance,Risk-Compliance,3,"Senior Manager, Insurance",177600.0,1.06,Male,45-49,Anglo-Australian,Full-time,False,False,E07084,direct,NovaCorp-Origin,WorkdayHR,72.0,247,False,7438,Outstanding,87.5,involuntary
E04410,2025-06-30,voluntary,Better opportunity,True,True,Outstanding,157700.0,E11777,pull,Brandon King,2005-05-30,2025-06-30,departed,Technology,Client-Advisory,2,"Manager, Technology",157700.0,0.89,Male,35-39,Anglo-Australian,Part-time,False,False,E11777,direct,NovaCorp-Origin,WorkdayHR,78.0,244,False,7336,Meets Expectations,56.6,routine_voluntary
E04412,2024-03-22,voluntary,Career advancement,True,True,Outstanding,71000.0,E03096,pull,Thomas Edwards,2005-06-01,2024-03-22,departed,Wealth Management,Client-Advisory,1,Client Service Officer,71000.0,1.08,Male,45-49,Anglo-Australian,Full-time,False,False,E03096,referral,NovaCorp-Origin,WorkdayHR,44.0,228,False,6869,High Performer,71.0,regrettable_attrition
E04465,2025-05-12,involuntary,Involuntary - performance,False,False,Below Expectations,109600.0,E03297,push,Mercedes Richardson,2005-09-06,2025-05-12,departed,Insurance,Corporate-Support,1,Specialist,109600.0,0.99,Female,50-54,Anglo-Australian,Casual,False,False,E03297,agency,NovaCorp-Origin,WorkdayHR,75.0,239,False,7188,High Performer,68.5,involuntary
E04484,2025-08-29,voluntary,Career advancement,True,False,Meets Expectations,289800.0,E06846,push,Matthew Murphy,2005-10-03,2025-08-29,departed,Risk & Compliance,Risk-Compliance,4,"Director, Risk & Compliance",289800.0,1.01,Male,45-49,European (non-Anglo),Full-time,False,False,E06846,agency,NovaCorp-Origin,WorkdayHR,82.0,242,False,7270,High Performer,61.9,regrettable_attrition
E04497,2024-02-02,involuntary,Involuntary - performance,True,False,Below Expectations,91900.0,E02732,push,Richard Rice,2005-10-17,2024-02-02,departed,Risk & Compliance,Operations-Processing,1,Analyst,91900.0,0.96,Male,45-49,Anglo-Australian,Casual,False,False,E02732,direct,NovaCorp-Origin,WorkdayHR,45.0,222,False,6682,Outstanding,87.3,involuntary
E04509,2025-08-23,involuntary,Involuntary - performance,True,False,High Performer,125900.0,E01763,push,Holly Rice,2005-11-05,2025-08-23,departed,Risk & Compliance,Management,1,Team Leader,125900.0,0.94,Female,40-44,Anglo-Australian,Full-time,False,False,E01763,graduate,NovaCorp-Origin,WorkdayHR,49.0,241,False,7231,Meets Expectations,58.3,involuntary
E04544,2025-05-02,voluntary,Better opportunity,True,True,Outstanding,103300.0,E04911,pull,Cory Pearson,2006-01-03,2025-05-02,departed,Wealth Management,Technology,1,Engineer,103300.0,0.98,Male,35-39,Southeast Asian,Full-time,False,False,E04911,agency,NovaCorp-Origin,WorkdayHR,31.0,235,False,7059,Meets Expectations,57.6,routine_voluntary
E04554,2024-03-21,voluntary,Career advancement,True,True,Outstanding,90500.0,E14012,pull,Ryan Hernandez,2006-01-16,2024-03-21,departed,Retail Banking,Technology,1,Engineer,90500.0,0.99,Male,45-49,Maori/Aboriginal & Torres Strait Islander,Full-time,False,False,E14012,referral,NovaCorp-Origin,WorkdayHR,81.0,221,False,6639,High Performer,67.7,regrettable_attrition
E04559,2024-08-30,voluntary,Career advancement,True,False,Meets Expectations,123800.0,E03350,pull,Heather Smith,2006-01-26,2024-08-30,departed,Technology,Risk-Compliance,1,Senior Risk Analyst,123800.0,0.93,Non-binary,45-49,Anglo-Australian,Full-time,False,False,E03350,agency,NovaCorp-Origin,WorkdayHR,90.0,226,False,6791,Outstanding,82.6,regrettable_attrition
E04569,2025-01-03,involuntary,Involuntary - performance,True,False,Below Expectations,108300.0,E14232,push,Yolanda Santiago,2006-02-09,2025-01-03,departed,Retail Banking,Management,1,Coordinator,108300.0,1.0,Female,40-44,Middle Eastern,Casual,False,True,E14232,acquisition,NovaCorp-Origin,WorkdayHR,89.0,230,False,6903,Below Expectations,55.0,involuntary
E04596,2024-08-17,voluntary,Better opportunity,False,False,High Performer,218300.0,E11932,pull,Jennifer Johnson,2006-03-22,2024-08-17,departed,Retail Banking,Corporate-Support,3,"Senior Manager, Retail Banking",218300.0,0.97,Female,45-49,Anglo-Australian,Full-time,False,False,E11932,direct,NovaCorp-Origin,WorkdayHR,79.0,224,False,6723,High Performer,80.7,regrettable_attrition
E04638,2024-10-31,voluntary,Career advancement,True,False,Meets Expectations,130000.0,E00915,pull,Angela Norris,2006-05-13,2024-10-31,departed,Retail Banking,Technology,1,Senior Engineer,130000.0,0.94,Female,50-54,Pacific Islander,Full-time,False,False,E00915,agency,NovaCorp-Origin,WorkdayHR,55.0,224,False,6746,Below Expectations,50.8,routine_voluntary
E04647,2025-06-27,involuntary,Involuntary - conduct,False,False,High Performer,60600.0,E01902,push,Natalie Gilmore,2006-05-25,2025-06-27,departed,Retail Banking,Operations-Processing,1,Processing Officer,60600.0,0.96,Female,40-44,Anglo-Australian,Casual,False,False,E01902,agency,NovaCorp-Origin,WorkdayHR,77.0,232,False,6973,Meets Expectations,80.7,involuntary
E04674,2025-10-14,voluntary,Better opportunity,True,False,Outstanding,92400.0,E11069,pull,Vanessa Scott,2006-07-05,2025-10-14,departed,Corporate Operations,Operations-Processing,1,Analyst,92400.0,0.94,Female,40-44,Anglo-Australian,Full-time,False,True,E11069,graduate,NovaCorp-Origin,WorkdayHR,43.0,234,False,7041,Meets Expectations,73.6,routine_voluntary
E04680,2024-02-16,voluntary,Better opportunity,True,True,Outstanding,216700.0,E10303,pull,Nicholas Knight,2006-07-11,2024-02-16,departed,Risk & Compliance,Technology,3,"Senior Manager, Risk & Compliance",216700.0,0.72,Male,50-54,Anglo-Australian,Full-time,True,False,E10303,referral,NovaCorp-Origin,WorkdayHR,17.0,214,False,6429,High Performer,91.8,regrettable_attrition
E04682,2024-02-09,voluntary,Career advancement,True,False,Meets Expectations,141700.0,E00322,push,Evan Nelson,2006-07-13,2024-02-09,departed,Risk & Compliance,Client-Advisory,1,Senior Adviser,141700.0,0.93,Male,40-44,Anglo-Australian,Full-time,False,False,E00322,agency,NovaCorp-Origin,WorkdayHR,28.0,214,False,6420,High Performer,88.0,regrettable_attrition
E04689,2025-05-16,involuntary,Involuntary - conduct,False,False,High Performer,77300.0,E00429,push,Brian Porter,2006-07-25,2025-05-16,departed,Risk & Compliance,Management,1,Administration Officer,77300.0,0.95,Male,45-49,Anglo-Australian,Full-time,False,False,E00429,direct,NovaCorp-Origin,WorkdayHR,48.0,229,False,6870,Unsatisfactory,17.0,involuntary
E04701,2024-04-30,voluntary,Better opportunity,True,False,High Performer,100400.0,E13310,push,Adrian Giles,2006-08-06,2024-04-30,departed,Technology,Operations-Processing,1,Analyst,100400.0,0.87,Male,50-54,Anglo-Australian,Full-time,False,True,E13310,direct,NovaCorp-Origin,WorkdayHR,82.0,215,False,6477,High Performer,79.4,regrettable_attrition
E04705,2025-02-27,involuntary,Involuntary - performance,False,False,Below Expectations,128200.0,E00957,push,Dwayne Cooley,2006-08-13,2025-02-27,departed,Technology,Corporate-Support,1,Senior Specialist,128200.0,0.97,Prefer not to say,55-59,Anglo-Australian,Full-time,False,False,E00957,referral,NovaCorp-Origin,WorkdayHR,90.0,225,False,6773,Meets Expectations,48.1,involuntary
E04711,2024-09-11,voluntary,Career advancement,True,False,Below Expectations,136000.0,E03288,push,Anna Lee,2006-08-16,2024-09-11,departed,Executive Leadership,Client-Advisory,1,Senior Adviser,136000.0,0.92,Female,55-59,Southeast Asian,Full-time,False,False,E03288,agency,NovaCorp-Origin,WorkdayHR,41.0,220,False,6601,High Performer,74.0,regrettable_attrition
E04716,2025-03-28,voluntary,Better opportunity,True,False,Meets Expectations,120600.0,E08731,pull,Joshua Lloyd,2006-08-25,2025-03-28,departed,Technology,Client-Advisory,2,"Manager, Technology",120600.0,0.94,Male,40-44,East Asian,Part-time,False,False,E08731,acquisition,NovaCorp-Origin,WorkdayHR,51.0,226,False,6790,Meets Expectations,69.4,routine_voluntary
E04722,2024-05-25,voluntary,Better opportunity,True,False,High Performer,113300.0,E08595,pull,Raymond Wells,2006-09-01,2024-05-25,departed,Insurance,Technology,1,Engineer,113300.0,0.76,Male,40-44,Anglo-Australian,Full-time,True,False,E08595,direct,NovaCorp-Origin,WorkdayHR,29.0,215,False,6476,High Performer,89.4,regrettable_attrition
E04725,2024-09-06,voluntary,Career advancement,True,True,Outstanding,78200.0,E03029,pull,Nicholas Patton,2006-09-01,2024-09-06,departed,Corporate Operations,Management,1,Administration Officer,78200.0,0.89,Male,45-49,Anglo-Australian,Full-time,False,False,E03029,agency,NovaCorp-Origin,WorkdayHR,15.0,219,False,6580,Meets Expectations,53.9,routine_voluntary
E04735,2025-10-31,voluntary,Better opportunity,True,True,Outstanding,132000.0,E00494,push,Sonya Martinez,2006-09-12,2025-10-31,departed,Executive Leadership,Client-Advisory,1,Senior Adviser,132000.0,0.93,Female,45-49,Anglo-Australian,Full-time,False,False,E00494,direct,NovaCorp-Origin,WorkdayHR,59.0,232,False,6989,Meets Expectations,62.4,routine_voluntary
E04740,2025-08-29,voluntary,Better opportunity,True,False,High Performer,128900.0,E01843,pull,Justin Henderson,2006-09-17,2025-08-29,departed,Risk & Compliance,Client-Advisory,2,"Manager, Risk & Compliance",128900.0,1.0,Male,45-49,Anglo-Australian,Full-time,False,True,E01843,agency,NovaCorp-Origin,WorkdayHR,46.0,230,True,6921,Outstanding,89.6,regrettable_attrition
E04769,2024-06-28,voluntary,Career advancement,False,False,Meets Expectations,109400.0,E03045,push,Erika Houston,2006-10-26,2024-06-28,departed,Retail Banking,Operations-Processing,1,Analyst,109400.0,0.92,Female,50-54,Anglo-Australian,Part-time,True,False,E03045,agency,NovaCorp-Origin,WorkdayHR,44.0,215,False,6455,Outstanding,85.1,regrettable_attrition
E04793,2024-06-21,voluntary,Better opportunity,False,False,High Performer,76500.0,E13086,pull,Renee Gonzales,2006-12-07,2024-06-21,departed,Corporate Operations,Technology,1,Junior Developer,76500.0,0.97,Female,50-54,Anglo-Australian,Casual,False,False,E13086,direct,NovaCorp-Origin,WorkdayHR,26.0,213,False,6406,Meets Expectations,52.1,routine_voluntary
E04809,2025-02-14,voluntary,Career advancement,True,False,Meets Expectations,55000.0,E01776,push,Michael White,2006-12-22,2025-02-14,departed,Technology,Technology,1,Junior Developer,55000.0,0.94,Male,40-44,Maori/Aboriginal & Torres Strait Islander,Full-time,False,True,E01776,agency,NovaCorp-Origin,WorkdayHR,84.0,220,False,6629,High Performer,78.0,regrettable_attrition
E04835,2024-10-28,voluntary,Better opportunity,True,False,High Performer,104700.0,E02040,pull,Steven Ross,2007-01-26,2024-10-28,departed,Wealth Management,Corporate-Support,1,Specialist,104700.0,0.92,Male,40-44,Anglo-Australian,Part-time,False,False,E02040,agency,NovaCorp-Origin,WorkdayHR,78.0,216,False,6485,Meets Expectations,72.5,routine_voluntary
E04852,2024-10-07,voluntary,Better opportunity,True,False,Meets Expectations,114000.0,E03284,pull,Shelby Martinez,2007-02-25,2024-10-07,departed,Retail Banking,Management,1,Coordinator,114000.0,0.94,Female,45-49,Anglo-Australian,Full-time,True,True,E03284,direct,NovaCorp-Origin,WorkdayHR,62.0,214,False,6434,Below Expectations,47.4,regrettable_attrition
E04862,2024-07-31,involuntary,Involuntary - conduct,False,False,Outstanding,126500.0,E12904,push,Jack Tucker,2007-03-14,2024-07-31,departed,Insurance,Technology,1,Senior Engineer,126500.0,0.95,Male,45-49,Anglo-Australian,Full-time,False,False,E12904,direct,NovaCorp-Origin,WorkdayHR,63.0,211,False,6349,Meets Expectations,87.4,involuntary
E04865,2024-03-16,voluntary,Better opportunity,True,True,Outstanding,62500.0,E10049,pull,John Kelley,2007-03-29,2024-03-16,departed,Technology,Operations-Processing,1,Processing Officer,62500.0,0.81,Male,35-39,Anglo-Australian,Full-time,True,True,E10049,referral,NovaCorp-Origin,WorkdayHR,35.0,206,False,6197,High Performer,68.9,regrettable_attrition
E04876,2025-02-16,voluntary,Work-life balance,True,False,Meets Expectations,56300.0,E03271,push,Mr. Javier Davis,2007-04-14,2025-02-16,departed,Risk & Compliance,Client-Advisory,1,Client Service Officer,56300.0,1.01,Male,50-54,Anglo-Australian,Casual,False,False,E03271,acquisition,NovaCorp-Origin,WorkdayHR,49.0,217,False,6518,High Performer,65.1,regrettable_attrition
E04884,2025-09-21,voluntary,Career advancement,True,False,Meets Expectations,73800.0,E02321,push,Stephanie Clark,2007-04-19,2025-09-21,departed,Insurance,Client-Advisory,1,Client Service Officer,73800.0,1.11,Female,45-49,Anglo-Australian,Full-time,False,False,E02321,graduate,NovaCorp-Origin,WorkdayHR,69.0,224,False,6730,Meets Expectations,65.2,routine_voluntary
E04893,2024-12-08,voluntary,Career advancement,True,False,High Performer,94100.0,E05360,push,Michael Patrick,2007-04-27,2024-12-08,departed,Retail Banking,Operations-Processing,1,Analyst,94100.0,0.93,Male,50-54,Anglo-Australian,Full-time,False,True,E05360,agency,NovaCorp-Origin,WorkdayHR,47.0,214,False,6435,Meets Expectations,67.2,routine_voluntary
E04905,2024-07-31,voluntary,Career advancement,True,True,Below Expectations,108100.0,E05551,pull,Jeremiah Day,2007-05-12,2024-07-31,departed,Risk & Compliance,Operations-Processing,1,Analyst,108100.0,0.84,Male,50-54,South Asian,Full-time,True,False,E05551,agency,NovaCorp-Origin,WorkdayHR,73.0,209,False,6290,Outstanding,88.7,regrettable_attrition
E04921,2025-05-20,voluntary,Career advancement,False,False,Unsatisfactory,113300.0,E00286,push,Emma Andrews,2007-06-15,2025-05-20,departed,Insurance,Technology,1,Engineer,113300.0,0.95,Female,50-54,Anglo-Australian,Fixed-term,False,True,E00286,direct,NovaCorp-Origin,WorkdayHR,69.0,218,False,6549,Meets Expectations,65.0,routine_voluntary
E04941,2024-05-31,voluntary,Career advancement,True,False,Outstanding,93600.0,E00656,pull,Patricia Vincent,2007-07-08,2024-05-31,departed,Retail Banking,Technology,1,Engineer,93600.0,0.98,Non-binary,55-59,African,Part-time,False,False,E00656,agency,NovaCorp-Origin,WorkdayHR,81.0,205,False,6172,High Performer,86.6,regrettable_attrition
E04944,2024-02-29,voluntary,Role uncertainty / unclear future,True,False,High Performer,116600.0,E07355,push,Kristin Pham,2007-07-10,2024-02-29,departed,Retail Banking,Management,1,Team Leader,116600.0,1.01,Female,55-59,East Asian,Full-time,False,False,E07355,graduate,NovaCorp-Origin,WorkdayHR,62.0,202,False,6078,Meets Expectations,54.9,routine_voluntary
E04953,2025-09-09,voluntary,Career advancement,False,False,High Performer,234200.0,E11593,pull,Jessica Bowen,2007-07-28,2025-09-09,departed,Wealth Management,Operations-Processing,3,"Senior Manager, Wealth Management",234200.0,0.88,Female,45-49,Anglo-Australian,Fixed-term,False,False,E11593,agency,NovaCorp-Origin,WorkdayHR,82.0,220,False,6618,Meets Expectations,60.1,routine_voluntary
E04977,2025-08-29,voluntary,Career advancement,True,False,High Performer,74700.0,E01649,push,Angela Jackson,2007-09-10,2025-08-29,departed,Insurance,Risk-Compliance,1,Compliance Officer,74700.0,0.96,Female,45-49,Southeast Asian,Full-time,False,False,E01649,direct,NovaCorp-Origin,WorkdayHR,72.0,218,False,6563,Outstanding,92.4,regrettable_attrition
E04996,2024-05-31,voluntary,Better opportunity,True,False,High Performer,509000.0,E05512,pull,Melissa Valencia,2007-10-13,2024-05-31,departed,Insurance,Corporate-Support,5,Managing Director,509000.0,1.02,Female,45-49,Anglo-Australian,Full-time,False,False,E05512,referral,NovaCorp-Origin,WorkdayHR,71.0,202,False,6075,High Performer,80.2,regrettable_attrition
E05010,2025-01-08,voluntary,Better opportunity,False,True,Meets Expectations,315500.0,E03057,pull,Victor Ramirez,2007-10-30,2025-01-08,departed,Risk & Compliance,Operations-Processing,4,"Director, Risk & Compliance",315500.0,0.89,Male,45-49,South Asian,Full-time,True,False,E03057,acquisition,NovaCorp-Origin,WorkdayHR,75.0,209,False,6280,Outstanding,72.0,regrettable_attrition
E05014,2025-10-24,involuntary,Involuntary - restructure,False,False,Meets Expectations,70500.0,E09343,push,Mark Miller,2007-11-05,2025-10-24,departed,Risk & Compliance,Operations-Processing,1,Processing Officer,70500.0,0.78,Male,45-49,Anglo-Australian,Full-time,True,False,E09343,agency,NovaCorp-Origin,WorkdayHR,52.0,218,False,6563,High Performer,83.3,involuntary
E05030,2025-09-06,voluntary,Career advancement,True,False,High Performer,64300.0,E11073,pull,Henry Rivera,2007-11-19,2025-09-06,departed,Corporate Operations,Client-Advisory,1,Client Service Officer,64300.0,0.89,Male,40-44,Southeast Asian,Full-time,False,False,E11073,graduate,NovaCorp-Origin,WorkdayHR,56.0,216,False,6501,Below Expectations,32.6,routine_voluntary
E05036,2025-06-14,involuntary,Involuntary - restructure,False,False,Meets Expectations,114500.0,E00647,push,Jennifer Underwood,2007-11-30,2025-06-14,departed,Retail Banking,Client-Advisory,1,Adviser,114500.0,0.92,Female,45-49,Anglo-Australian,Full-time,False,False,E00647,direct,NovaCorp-Origin,WorkdayHR,66.0,213,False,6406,Meets Expectations,64.3,involuntary
E05038,2025-08-31,involuntary,Involuntary - performance,True,False,Below Expectations,123600.0,E12490,push,Matthew Brown,2007-12-09,2025-08-31,departed,Retail Banking,Technology,1,Senior Engineer,123600.0,0.87,Male,50-54,Anglo-Australian,Full-time,False,False,E12490,agency,NovaCorp-Origin,WorkdayHR,82.0,215,False,6475,High Performer,88.7,involuntary
E05045,2025-04-18,voluntary,Better opportunity,True,False,Below Expectations,75200.0,E00453,pull,Mr. Casey Gutierrez,2007-12-19,2025-04-18,departed,Insurance,Operations-Processing,1,Processing Officer,75200.0,0.82,Male,55-59,Anglo-Australian,Full-time,True,False,E00453,direct,NovaCorp-Origin,WorkdayHR,30.0,211,False,6330,Meets Expectations,59.6,regrettable_attrition
E05048,2025-11-07,voluntary,Compensation,True,True,Outstanding,84100.0,E00633,push,Mrs. Alexis Dawson DVM,2007-12-23,2025-11-07,departed,Wealth Management,Client-Advisory,1,Client Service Officer,84100.0,0.95,Female,40-44,Anglo-Australian,Full-time,True,False,E00633,agency,NovaCorp-Origin,WorkdayHR,37.0,217,False,6529,High Performer,69.3,regrettable_attrition
E05055,2024-04-19,involuntary,Involuntary - performance,False,False,Unsatisfactory,60200.0,E01445,push,Jesse Charles,2008-01-03,2024-04-19,departed,Wealth Management,Technology,1,Junior Developer,60200.0,0.97,Male,40-44,Pacific Islander,Full-time,True,False,E01445,agency,NovaCorp-Origin,WorkdayHR,47.0,198,False,5951,Meets Expectations,66.0,involuntary
E05056,2025-05-18,voluntary,Career advancement,True,False,High Performer,117700.0,E01682,push,Mark Caldwell,2008-01-06,2025-05-18,departed,Insurance,Client-Advisory,2,"Manager, Insurance",117700.0,0.99,Male,45-49,Anglo-Australian,Full-time,True,False,E01682,referral,NovaCorp-Origin,WorkdayHR,27.0,211,False,6342,High Performer,94.4,regrettable_attrition
E05058,2025-11-14,voluntary,Career advancement,True,False,Meets Expectations,57200.0,E01748,pull,Nathan Jacobs,2008-01-08,2025-11-14,departed,Risk & Compliance,Risk-Compliance,1,Compliance Officer,57200.0,0.9,Male,35-39,Pacific Islander,Full-time,False,False,E01748,referral,NovaCorp-Origin,WorkdayHR,23.0,217,False,6520,Meets Expectations,62.0,routine_voluntary
E05063,2024-09-14,voluntary,Career advancement,False,True,Outstanding,242500.0,E01602,push,James Mcclure,2008-01-16,2024-09-14,departed,Technology,Management,3,"Senior Manager, Technology",242500.0,1.03,Male,40-44,South Asian,Full-time,False,False,E01602,referral,NovaCorp-Origin,WorkdayHR,54.0,202,False,6086,Meets Expectations,65.0,routine_voluntary
E05064,2025-04-27,voluntary,Career advancement,True,False,High Performer,132300.0,E01974,push,Miranda Crawford,2008-01-18,2025-04-27,departed,Wealth Management,Management,1,Team Leader,132300.0,1.02,Female,45-49,East Asian,Full-time,False,False,E01974,direct,NovaCorp-Origin,WorkdayHR,70.0,210,False,6309,Meets Expectations,58.3,routine_voluntary
E05085,2024-08-23,voluntary,Better opportunity,True,False,High Performer,80700.0,E02232,pull,Kyle Harrison,2008-02-15,2024-08-23,departed,Wealth Management,Management,1,Administration Officer,80700.0,0.91,Male,35-39,Maori/Aboriginal & Torres Strait Islander,Full-time,False,False,E02232,direct,NovaCorp-Origin,WorkdayHR,33.0,201,False,6034,Meets Expectations,69.3,routine_voluntary
E05104,2025-02-28,voluntary,Career advancement,True,False,High Performer,137100.0,E00943,push,Renee Johnson,2008-03-14,2025-02-28,departed,Technology,Risk-Compliance,1,Senior Risk Analyst,137100.0,0.92,Female,50-54,Prefer not to say,Full-time,False,True,E00943,referral,NovaCorp-Origin,WorkdayHR,30.0,206,False,6195,Below Expectations,34.9,routine_voluntary
E05115,2024-11-01,voluntary,Career advancement,True,False,High Performer,135200.0,E00564,pull,Anthony Logan,2008-04-01,2024-11-01,departed,Retail Banking,Client-Advisory,1,Senior Adviser,135200.0,1.01,Non-binary,40-44,Prefer not to say,Fixed-term,False,False,E00564,referral,NovaCorp-Origin,WorkdayHR,89.0,201,False,6058,High Performer,74.1,regrettable_attrition
E05152,2025-01-31,voluntary,Better opportunity,True,False,High Performer,128600.0,E01477,pull,Abigail Miller,2008-05-30,2025-01-31,departed,Retail Banking,Risk-Compliance,1,Senior Risk Analyst,128600.0,1.04,Female,55-59,Middle Eastern,Part-time,False,True,E01477,referral,NovaCorp-Origin,WorkdayHR,54.0,203,False,6090,Below Expectations,47.1,routine_voluntary
E05183,2024-06-01,voluntary,Career advancement,True,False,Meets Expectations,135900.0,E01179,push,Maria Chase,2008-07-25,2024-06-01,departed,Risk & Compliance,Risk-Compliance,2,"Manager, Risk & Compliance",135900.0,0.99,Female,40-44,Anglo-Australian,Full-time,False,False,E01179,graduate,NovaCorp-Origin,WorkdayHR,90.0,193,False,5790,Meets Expectations,57.1,routine_voluntary
E05194,2024-05-13,voluntary,Personal reasons,True,False,Meets Expectations,136300.0,E03872,push,Christine Morgan,2008-08-06,2024-05-13,departed,Technology,Technology,1,Senior Engineer,136300.0,0.97,Female,55-59,Anglo-Australian,Casual,False,False,E03872,referral,NovaCorp-Origin,WorkdayHR,17.0,191,False,5759,Meets Expectations,76.6,routine_voluntary
E05215,2024-04-30,voluntary,Career advancement,True,False,High Performer,82500.0,E11883,pull,Michele Richard,2008-09-14,2024-04-30,departed,Retail Banking,Corporate-Support,1,Graduate,82500.0,0.97,Female,45-49,Anglo-Australian,Full-time,False,True,E11883,referral,NovaCorp-Origin,WorkdayHR,65.0,190,False,5707,Meets Expectations,74.4,routine_voluntary
E05234,2024-08-16,voluntary,Career advancement,True,False,High Performer,111600.0,E02773,pull,Sharon Harper,2008-10-18,2024-08-16,departed,Wealth Management,Management,1,Coordinator,111600.0,0.99,Female,45-49,Anglo-Australian,Full-time,False,True,E02773,direct,NovaCorp-Origin,WorkdayHR,25.0,192,False,5781,Meets Expectations,60.6,routine_voluntary
E05236,2025-06-30,voluntary,Career advancement,True,False,Meets Expectations,111500.0,E02083,push,Elizabeth Armstrong,2008-10-27,2025-06-30,departed,Risk & Compliance,Corporate-Support,1,Specialist,111500.0,1.04,Female,50-54,Anglo-Australian,Fixed-term,False,True,E02083,agency,NovaCorp-Origin,WorkdayHR,53.0,203,False,6090,Outstanding,100.0,regrettable_attrition
E05242,2025-10-28,voluntary,Career advancement,True,False,Meets Expectations,191400.0,E02559,push,Tony Cisneros,2008-11-01,2025-10-28,departed,Insurance,Client-Advisory,3,"Senior Manager, Insurance",191400.0,0.99,Male,50-54,Anglo-Australian,Full-time,False,False,E02559,referral,NovaCorp-Origin,WorkdayHR,85.0,206,False,6205,Meets Expectations,65.8,routine_voluntary
E05265,2025-04-04,voluntary,Career advancement,True,False,Meets Expectations,112400.0,E09160,push,Lisa Mckee,2008-12-07,2025-04-04,departed,Retail Banking,Risk-Compliance,1,Risk Analyst,112400.0,0.94,Female,45-49,Anglo-Australian,Full-time,True,False,E09160,referral,NovaCorp-Origin,WorkdayHR,69.0,198,False,5962,Meets Expectations,61.2,regrettable_attrition
E05267,2024-09-30,involuntary,Involuntary - restructure,True,False,Outstanding,65600.0,E03305,push,Susan Williams,2008-12-11,2024-09-30,departed,Insurance,Management,1,Administration Officer,65600.0,0.95,Female,50-54,Anglo-Australian,Full-time,False,False,E03305,referral,NovaCorp-Origin,WorkdayHR,88.0,192,False,5772,High Performer,76.6,involuntary
E05272,2025-09-30,voluntary,Career advancement,True,False,Meets Expectations,106000.0,E10292,pull,Paul Davis,2008-12-19,2025-09-30,departed,Retail Banking,Technology,1,Engineer,106000.0,0.91,Male,50-54,Southeast Asian,Full-time,False,False,E10292,agency,NovaCorp-Origin,WorkdayHR,25.0,204,False,6129,High Performer,70.5,regrettable_attrition
E05274,2024-11-25,voluntary,Better opportunity,True,False,High Performer,428200.0,E09249,pull,Andrew Smith,2008-12-21,2024-11-25,departed,Risk & Compliance,Operations-Processing,5,Managing Director,428200.0,0.96,Male,40-44,Anglo-Australian,Full-time,False,True,E09249,agency,NovaCorp-Origin,WorkdayHR,67.0,193,False,5818,Meets Expectations,74.5,routine_voluntary
E05276,2025-11-24,involuntary,Involuntary - restructure,True,False,Meets Expectations,74900.0,E01797,push,Sandra Rose,2008-12-25,2025-11-24,departed,Risk & Compliance,Technology,1,Junior Developer,74900.0,1.12,Female,45-49,European (non-Anglo),Full-time,False,True,E01797,referral,NovaCorp-Origin,WorkdayHR,61.0,205,False,6178,Meets Expectations,47.4,involuntary
E05279,2025-11-07,voluntary,Career advancement,False,False,Below Expectations,174600.0,E07304,push,Tammy Tanner,2008-12-30,2025-11-07,departed,Technology,Operations-Processing,2,"Manager, Technology",174600.0,1.04,Female,45-49,East Asian,Full-time,False,True,E07304,agency,NovaCorp-Origin,WorkdayHR,27.0,205,False,6156,High Performer,77.0,regrettable_attrition
E05292,2025-10-23,voluntary,Career advancement,True,False,Meets Expectations,65800.0,E01941,pull,Ashley Brown MD,2009-02-05,2025-10-23,departed,Technology,Management,1,Administration Officer,65800.0,0.97,Female,35-39,Anglo-Australian,Full-time,False,True,E01941,direct,NovaCorp-Origin,WorkdayHR,14.0,203,False,6104,Outstanding,80.8,regrettable_attrition
E05318,2025-01-31,voluntary,Career advancement,True,False,Meets Expectations,127000.0,E13427,push,Steven Harris,2009-03-21,2025-01-31,departed,Risk & Compliance,Client-Advisory,1,Senior Adviser,127000.0,0.93,Male,35-39,Anglo-Australian,Full-time,False,False,E13427,direct,NovaCorp-Origin,WorkdayHR,78.0,193,False,5795,High Performer,84.9,regrettable_attrition
E05326,2025-02-11,voluntary,Better opportunity,True,False,Meets Expectations,105500.0,E13725,push,Jessica Fisher,2009-03-31,2025-02-11,departed,Retail Banking,Risk-Compliance,1,Risk Analyst,105500.0,1.06,Female,40-44,European (non-Anglo),Full-time,False,False,E13725,graduate,NovaCorp-Origin,WorkdayHR,55.0,193,False,5796,Meets Expectations,53.0,routine_voluntary
E05340,2025-08-29,involuntary,Involuntary - performance,False,False,Unsatisfactory,103800.0,E13416,push,David Smith,2009-04-23,2025-08-29,departed,Technology,Risk-Compliance,1,Risk Analyst,103800.0,0.8,Male,35-39,East Asian,Full-time,False,False,E13416,direct,NovaCorp-Origin,WorkdayHR,42.0,199,False,5972,Meets Expectations,47.6,involuntary
E05368,2024-06-04,voluntary,Career advancement,True,False,Meets Expectations,86900.0,E02558,push,Mitchell Prince,2009-06-03,2024-06-04,departed,Wealth Management,Risk-Compliance,1,Risk Analyst,86900.0,0.98,Male,55-59,Anglo-Australian,Full-time,False,True,E02558,agency,NovaCorp-Origin,WorkdayHR,57.0,182,False,5480,High Performer,68.1,regrettable_attrition
E05371,2025-04-27,voluntary,Relocation,True,False,Below Expectations,93900.0,E00962,push,Jeffrey Barrera,2009-06-07,2025-04-27,departed,Technology,Client-Advisory,1,Adviser,93900.0,0.97,Male,45-49,Anglo-Australian,Full-time,False,True,E00962,direct,NovaCorp-Origin,WorkdayHR,86.0,193,False,5803,Meets Expectations,64.9,routine_voluntary
E05373,2024-02-29,voluntary,Career advancement,True,True,Outstanding,110400.0,E07521,push,Erin Mcclure,2009-06-13,2024-02-29,departed,Retail Banking,Client-Advisory,1,Adviser,110400.0,0.91,Female,40-44,South Asian,Full-time,False,True,E07521,referral,NovaCorp-Origin,WorkdayHR,26.0,179,False,5374,Meets Expectations,70.2,routine_voluntary
E05400,2024-06-12,involuntary,Involuntary - performance,True,False,Below Expectations,82600.0,E00489,push,Oscar Leach,2009-07-23,2024-06-12,departed,Insurance,Technology,1,Junior Developer,82600.0,0.97,Male,35-39,Pacific Islander,Full-time,False,True,E00489,graduate,NovaCorp-Origin,WorkdayHR,15.0,181,False,5438,Outstanding,86.2,involuntary
E05402,2024-09-27,voluntary,Career advancement,True,False,High Performer,185000.0,E00205,push,Jamie Johnson,2009-07-24,2024-09-27,departed,Wealth Management,Technology,2,"Manager, Wealth Management",185000.0,1.07,Female,40-44,East Asian,Full-time,False,False,E00205,direct,NovaCorp-Origin,WorkdayHR,44.0,184,False,5544,Meets Expectations,64.1,routine_voluntary
E05409,2025-01-31,voluntary,Career advancement,True,False,High Performer,58500.0,E01508,pull,Anita Chapman,2009-08-03,2025-01-31,departed,Retail Banking,Management,1,Administration Officer,58500.0,1.0,Prefer not to say,50-54,European (non-Anglo),Part-time,False,False,E01508,agency,NovaCorp-Origin,WorkdayHR,40.0,188,False,5660,Outstanding,82.3,regrettable_attrition
E05420,2025-05-19,voluntary,Career advancement,True,False,Meets Expectations,137600.0,E03283,push,Mark Diaz,2009-08-26,2025-05-19,departed,Wealth Management,Operations-Processing,1,Senior Analyst,137600.0,0.98,Male,40-44,European (non-Anglo),Casual,True,True,E03283,direct,NovaCorp-Origin,WorkdayHR,42.0,191,False,5745,High Performer,69.0,regrettable_attrition
E05435,2025-09-12,voluntary,Career advancement,False,False,High Performer,170000.0,E02890,push,Aimee Harris,2009-09-10,2025-09-12,departed,Retail Banking,Operations-Processing,2,"Manager, Retail Banking",170000.0,0.98,Female,50-54,Middle Eastern,Full-time,False,True,E02890,acquisition,NovaCorp-Origin,WorkdayHR,80.0,194,False,5846,Below Expectations,26.1,routine_voluntary
E05436,2025-08-29,voluntary,Role uncertainty / unclear future,True,False,Below Expectations,56500.0,E03035,push,Lauren Hernandez,2009-09-12,2025-08-29,departed,Insurance,Risk-Compliance,1,Compliance Officer,56500.0,0.99,Female,35-39,Anglo-Australian,Full-time,False,True,E03035,direct,NovaCorp-Origin,WorkdayHR,86.0,194,False,5830,Meets Expectations,66.1,routine_voluntary
E05439,2025-07-31,involuntary,Involuntary - performance,False,False,Below Expectations,72400.0,E00041,push,Janet Miller,2009-09-15,2025-07-31,departed,Risk & Compliance,Technology,1,Junior Developer,72400.0,0.87,Female,50-54,South Asian,Part-time,True,False,E00041,agency,NovaCorp-Origin,WorkdayHR,19.0,193,False,5798,Outstanding,86.9,involuntary
E05459,2025-03-02,voluntary,Better opportunity,True,False,High Performer,123000.0,E01556,pull,Heather White,2009-09-30,2025-03-02,departed,Retail Banking,Risk-Compliance,2,"Manager, Retail Banking",123000.0,1.0,Female,50-54,Anglo-Australian,Part-time,False,False,E01556,direct,NovaCorp-Origin,WorkdayHR,60.0,187,False,5632,Meets Expectations,69.2,routine_voluntary
E05472,2025-08-20,voluntary,Personal reasons,True,False,Meets Expectations,177900.0,E05771,push,Erik Crawford,2009-10-20,2025-08-20,departed,Technology,Management,2,"Manager, Technology",177900.0,0.98,Male,45-49,Anglo-Australian,Full-time,False,False,E05771,referral,NovaCorp-Origin,WorkdayHR,45.0,192,False,5783,Meets Expectations,52.7,routine_voluntary
E05479,2025-06-28,voluntary,Better opportunity,True,False,Meets Expectations,124100.0,E01801,pull,Steven Vazquez,2009-10-27,2025-06-28,departed,Retail Banking,Client-Advisory,1,Senior Adviser,124100.0,1.13,Male,35-39,South Asian,Full-time,False,True,E01801,agency,NovaCorp-Origin,WorkdayHR,42.0,190,False,5723,Meets Expectations,46.4,routine_voluntary
E05497,2025-10-10,voluntary,Better opportunity,True,False,Meets Expectations,127100.0,E06176,push,Jennifer Harrison,2009-11-15,2025-10-10,departed,Wealth Management,Management,1,Team Leader,127100.0,0.93,Female,30-34,Pacific Islander,Full-time,False,False,E06176,agency,NovaCorp-Origin,WorkdayHR,40.0,193,False,5808,Meets Expectations,58.2,routine_voluntary
E05518,2025-01-25,voluntary,Career advancement,True,False,Meets Expectations,84900.0,E00401,push,Cynthia Cervantes,2009-12-12,2025-01-25,departed,Executive Leadership,Technology,1,Junior Developer,84900.0,0.96,Female,35-39,Anglo-Australian,Full-time,False,False,E00401,referral,NovaCorp-Origin,WorkdayHR,68.0,184,False,5523,High Performer,73.7,regrettable_attrition
E05519,2024-05-10,voluntary,Career advancement,True,False,Outstanding,93500.0,E00188,pull,Scott Blake,2009-12-15,2024-05-10,departed,Technology,Management,1,Coordinator,93500.0,0.95,Male,45-49,Anglo-Australian,Full-time,False,False,E00188,graduate,NovaCorp-Origin,WorkdayHR,52.0,175,False,5260,High Performer,86.2,regrettable_attrition
E05545,2024-05-10,voluntary,Career advancement,True,False,Below Expectations,141300.0,E09502,push,Jessica Garcia,2010-02-07,2024-05-10,departed,Insurance,Operations-Processing,2,"Manager, Insurance",141300.0,0.97,Female,40-44,South Asian,Full-time,False,False,E09502,direct,NovaCorp-Origin,WorkdayHR,16.0,173,False,5206,High Performer,74.7,regrettable_attrition
E05562,2024-04-27,voluntary,Career advancement,True,False,Below Expectations,74200.0,E03365,push,Lisa Skinner,2010-03-05,2024-04-27,departed,Retail Banking,Operations-Processing,1,Processing Officer,74200.0,0.98,Non-binary,40-44,South Asian,Full-time,False,False,E03365,agency,NovaCorp-Origin,WorkdayHR,71.0,172,False,5167,High Performer,77.9,regrettable_attrition
E05564,2025-02-28,voluntary,Personal reasons,True,False,Meets Expectations,100600.0,E06004,push,Peter Carter,2010-03-07,2025-02-28,departed,Insurance,Technology,1,Engineer,100600.0,0.95,Male,50-54,Anglo-Australian,Full-time,True,False,E06004,direct,NovaCorp-Origin,WorkdayHR,64.0,182,False,5472,Outstanding,90.4,regrettable_attrition
E05566,2024-03-29,voluntary,Career advancement,False,False,Meets Expectations,95200.0,E03302,push,Debbie Harrington,2010-03-11,2024-03-29,departed,Retail Banking,Client-Advisory,1,Adviser,95200.0,1.0,Female,50-54,Anglo-Australian,Full-time,False,False,E03302,direct,NovaCorp-Origin,WorkdayHR,42.0,171,False,5132,Outstanding,99.4,regrettable_attrition
E05602,2025-07-21,voluntary,Career advancement,True,False,Unsatisfactory,127300.0,E00626,push,Kathleen Hickman,2010-05-02,2025-07-21,departed,Retail Banking,Technology,1,Senior Engineer,127300.0,1.04,Female,40-44,East Asian,Full-time,False,True,E00626,graduate,NovaCorp-Origin,WorkdayHR,85.0,185,False,5559,Meets Expectations,61.0,routine_voluntary
E05607,2025-11-07,voluntary,Better opportunity,True,False,High Performer,243200.0,E08542,pull,Jennifer Green,2010-05-07,2025-11-07,departed,Corporate Operations,Operations-Processing,3,"Senior Manager, Corporate Operations",243200.0,1.02,Female,45-49,Anglo-Australian,Fixed-term,False,False,E08542,agency,NovaCorp-Origin,WorkdayHR,50.0,188,False,5663,Meets Expectations,79.7,routine_voluntary
E05621,2024-02-15,voluntary,Career advancement,True,False,High Performer,115000.0,E00019,pull,Sharon Goodman,2010-06-07,2024-02-15,departed,Retail Banking,Management,1,Coordinator,115000.0,0.9,Female,50-54,European (non-Anglo),Full-time,False,False,E00019,referral,NovaCorp-Origin,WorkdayHR,60.0,166,False,5001,Meets Expectations,66.2,routine_voluntary
E05633,2025-07-31,voluntary,Career advancement,True,True,Outstanding,94800.0,E10810,push,April Randolph,2010-06-24,2025-07-31,departed,Technology,Operations-Processing,1,Analyst,94800.0,1.07,Prefer not to say,35-39,Anglo-Australian,Casual,False,False,E10810,referral,NovaCorp-Origin,WorkdayHR,34.0,183,False,5516,High Performer,78.8,regrettable_attrition
E05656,2024-08-14,voluntary,Better opportunity,True,False,Outstanding,72900.0,E11861,pull,Samantha Williams,2010-07-21,2024-08-14,departed,Risk & Compliance,Operations-Processing,1,Processing Officer,72900.0,1.05,Female,30-34,South Asian,Full-time,False,False,E11861,direct,NovaCorp-Origin,WorkdayHR,29.0,171,False,5138,High Performer,62.4,regrettable_attrition
E05663,2025-04-07,voluntary,Career advancement,True,False,High Performer,60600.0,E04393,push,Stephanie King,2010-08-01,2025-04-07,departed,Technology,Risk-Compliance,1,Compliance Officer,60600.0,1.05,Female,40-44,Anglo-Australian,Part-time,False,False,E04393,direct,NovaCorp-Origin,WorkdayHR,24.0,178,False,5363,Meets Expectations,64.0,routine_voluntary
E05665,2024-11-22,voluntary,Career advancement,True,False,High Performer,98200.0,E13081,push,Peter Walters,2010-08-04,2024-11-22,departed,Technology,Corporate-Support,1,Specialist,98200.0,0.97,Male,45-49,East Asian,Casual,False,False,E13081,direct,NovaCorp-Origin,WorkdayHR,14.0,174,False,5224,Meets Expectations,56.7,routine_voluntary
E05677,2025-05-02,voluntary,Better opportunity,True,False,High Performer,82800.0,E03214,pull,Taylor Sanchez,2010-08-23,2025-05-02,departed,Insurance,Corporate-Support,1,Graduate,82800.0,0.97,Female,40-44,African,Full-time,False,False,E03214,referral,NovaCorp-Origin,WorkdayHR,83.0,178,False,5366,High Performer,77.4,regrettable_attrition
E05684,2025-05-03,voluntary,Better opportunity,True,False,High Performer,129300.0,E09602,pull,Michele White,2010-08-28,2025-05-03,departed,Retail Banking,Technology,1,Senior Engineer,129300.0,0.94,Female,40-44,Anglo-Australian,Full-time,False,False,E09602,graduate,NovaCorp-Origin,WorkdayHR,55.0,178,False,5362,Meets Expectations,66.2,routine_voluntary
E05691,2025-05-30,voluntary,Career advancement,True,False,High Performer,101700.0,E00929,push,Robert Cohen,2010-08-30,2025-05-30,departed,Technology,Client-Advisory,1,Adviser,101700.0,1.03,Male,45-49,Anglo-Australian,Fixed-term,False,False,E00929,referral,NovaCorp-Origin,WorkdayHR,69.0,179,False,5387,High Performer,74.3,regrettable_attrition
E05701,2025-11-28,voluntary,Better opportunity,True,True,Meets Expectations,188800.0,E02881,pull,Julie Taylor,2010-09-17,2025-11-28,departed,Wealth Management,Management,3,"Senior Manager, Wealth Management",188800.0,0.79,Female,40-44,European (non-Anglo),Part-time,True,False,E02881,direct,NovaCorp-Origin,WorkdayHR,85.0,185,False,5551,Outstanding,89.9,regrettable_attrition
E05714,2024-11-16,voluntary,Career advancement,True,True,High Performer,88100.0,E00839,pull,Jennifer Nelson,2010-10-15,2024-11-16,departed,Risk & Compliance,Technology,1,Engineer,88100.0,0.92,Prefer not to say,35-39,South Asian,Fixed-term,True,False,E00839,referral,NovaCorp-Origin,WorkdayHR,46.0,171,False,5146,Meets Expectations,66.3,regrettable_attrition
E05716,2024-05-03,voluntary,Better opportunity,True,False,Outstanding,56000.0,E14103,pull,Mercedes Esparza,2010-10-27,2024-05-03,departed,Corporate Operations,Client-Advisory,1,Client Service Officer,56000.0,0.89,Female,35-39,Anglo-Australian,Full-time,False,False,E14103,referral,NovaCorp-Origin,WorkdayHR,51.0,164,False,4937,Unsatisfactory,27.8,routine_voluntary
E05728,2024-05-31,involuntary,Involuntary - performance,False,False,Meets Expectations,118900.0,E01657,push,Steven Murphy,2010-11-14,2024-05-31,departed,Retail Banking,Risk-Compliance,2,"Manager, Retail Banking",118900.0,0.92,Male,40-44,Anglo-Australian,Full-time,False,False,E01657,graduate,NovaCorp-Origin,WorkdayHR,23.0,164,False,4947,High Performer,71.9,involuntary
E05734,2024-03-15,voluntary,Career advancement,False,False,Meets Expectations,105800.0,E03274,push,Gregory French,2010-11-25,2024-03-15,departed,Technology,Corporate-Support,1,Specialist,105800.0,0.95,Male,35-39,Anglo-Australian,Part-time,True,False,E03274,direct,NovaCorp-Origin,WorkdayHR,28.0,161,False,4859,High Performer,86.6,regrettable_attrition
E05737,2024-05-17,voluntary,Career advancement,False,False,High Performer,103100.0,E02340,pull,Tiffany Gray,2010-11-30,2024-05-17,departed,Insurance,Operations-Processing,1,Analyst,103100.0,1.0,Female,50-54,East Asian,Full-time,False,False,E02340,agency,NovaCorp-Origin,WorkdayHR,80.0,163,False,4917,Meets Expectations,52.2,routine_voluntary
E05763,2025-07-23,voluntary,Better opportunity,True,False,Meets Expectations,101200.0,E00918,push,Savannah Johns,2011-01-19,2025-07-23,departed,Technology,Management,1,Coordinator,101200.0,0.95,Female,45-49,Southeast Asian,Full-time,False,False,E00918,referral,NovaCorp-Origin,WorkdayHR,63.0,176,False,5299,Meets Expectations,51.8,routine_voluntary
E05774,2024-07-26,voluntary,Compensation,True,False,Meets Expectations,116300.0,E07841,push,David Edwards,2011-02-11,2024-07-26,departed,Wealth Management,Risk-Compliance,1,Senior Risk Analyst,116300.0,0.98,Male,40-44,Southeast Asian,Full-time,False,True,E07841,direct,NovaCorp-Origin,WorkdayHR,27.0,163,False,4914,Below Expectations,48.9,routine_voluntary
E05802,2024-07-16,voluntary,Personal reasons,True,True,Outstanding,198200.0,E03131,push,Danny Mcdaniel,2011-03-24,2024-07-16,departed,Wealth Management,Risk-Compliance,3,"Senior Manager, Wealth Management",198200.0,0.97,Prefer not to say,40-44,Anglo-Australian,Fixed-term,False,True,E03131,direct,NovaCorp-Origin,WorkdayHR,73.0,162,False,4863,High Performer,60.8,regrettable_attrition
E05824,2025-09-26,voluntary,Better opportunity,True,False,Meets Expectations,64300.0,E01149,push,Brett Miles,2011-05-21,2025-09-26,departed,Technology,Client-Advisory,1,Client Service Officer,64300.0,0.98,Male,35-39,Anglo-Australian,Full-time,False,False,E01149,graduate,NovaCorp-Origin,WorkdayHR,69.0,174,False,5242,High Performer,75.9,regrettable_attrition
E05862,2024-09-20,involuntary,Involuntary - performance,False,False,Unsatisfactory,230100.0,E09906,push,Sharon Garrett,2011-08-09,2024-09-20,departed,Technology,Risk-Compliance,3,"Senior Manager, Technology",230100.0,0.93,Female,35-39,Prefer not to say,Full-time,False,True,E09906,agency,NovaCorp-Origin,WorkdayHR,42.0,159,False,4791,Below Expectations,42.1,involuntary
E05867,2024-03-29,voluntary,Career advancement,True,False,Meets Expectations,170400.0,E05057,push,Tony Patrick,2011-08-18,2024-03-29,departed,Risk & Compliance,Corporate-Support,2,"Manager, Risk & Compliance",170400.0,1.1,Male,45-49,Anglo-Australian,Full-time,False,False,E05057,direct,NovaCorp-Origin,WorkdayHR,31.0,153,False,4607,Below Expectations,46.0,routine_voluntary
E05879,2025-02-14,voluntary,Career advancement,True,False,High Performer,87900.0,E11086,pull,Brandy Porter,2011-08-31,2025-02-14,departed,Retail Banking,Operations-Processing,1,Analyst,87900.0,0.91,Female,35-39,Anglo-Australian,Full-time,False,False,E11086,agency,NovaCorp-Origin,WorkdayHR,35.0,163,False,4916,Outstanding,81.3,regrettable_attrition
E05885,2025-01-10,voluntary,Better opportunity,True,False,Outstanding,120500.0,E05804,push,Brenda Dennis,2011-09-07,2025-01-10,departed,Technology,Management,1,Team Leader,120500.0,1.05,Female,40-44,Anglo-Australian,Part-time,False,True,E05804,agency,NovaCorp-Origin,WorkdayHR,41.0,162,False,4874,High Performer,52.4,regrettable_attrition
E05891,2025-07-24,voluntary,Career advancement,True,True,Outstanding,138700.0,E02883,pull,Timothy Glass,2011-09-21,2025-07-24,departed,Technology,Client-Advisory,1,Senior Adviser,138700.0,0.9,Male,30-34,Anglo-Australian,Full-time,True,True,E02883,graduate,NovaCorp-Origin,WorkdayHR,39.0,168,False,5055,Meets Expectations,62.6,regrettable_attrition
E05901,2025-07-18,voluntary,Career advancement,False,False,Meets Expectations,100700.0,E02009,pull,Kelly Hughes,2011-10-13,2025-07-18,departed,Retail Banking,Client-Advisory,1,Adviser,100700.0,0.95,Female,45-49,European (non-Anglo),Full-time,False,True,E02009,direct,NovaCorp-Origin,WorkdayHR,67.0,167,False,5027,Outstanding,86.8,regrettable_attrition
E05906,2024-06-14,voluntary,Career advancement,True,False,Meets Expectations,101400.0,E02053,pull,Kenneth Howard,2011-10-24,2024-06-14,departed,Technology,Operations-Processing,1,Analyst,101400.0,0.83,Male,40-44,Maori/Aboriginal & Torres Strait Islander,Full-time,True,False,E02053,agency,NovaCorp-Origin,WorkdayHR,69.0,153,False,4617,High Performer,78.1,regrettable_attrition
E05919,2025-10-31,voluntary,Career advancement,True,False,Meets Expectations,193600.0,E05653,pull,Jerry Smith,2011-11-06,2025-10-31,departed,Risk & Compliance,Client-Advisory,3,"Senior Manager, Risk & Compliance",193600.0,0.9,Male,40-44,Southeast Asian,Full-time,False,False,E05653,agency,NovaCorp-Origin,WorkdayHR,64.0,170,False,5108,Outstanding,85.7,regrettable_attrition
E05923,2025-03-14,voluntary,Career advancement,True,False,High Performer,127200.0,E01984,pull,Grant Stewart MD,2011-11-11,2025-03-14,departed,Technology,Operations-Processing,1,Senior Analyst,127200.0,1.08,Male,45-49,Anglo-Australian,Part-time,False,False,E01984,agency,NovaCorp-Origin,WorkdayHR,38.0,162,False,4872,Meets Expectations,54.8,routine_voluntary
E05931,2025-04-23,voluntary,Better opportunity,True,False,Meets Expectations,106500.0,E09655,pull,Travis Watson,2011-11-23,2025-04-23,departed,Technology,Management,1,Coordinator,106500.0,0.96,Male,40-44,Maori/Aboriginal & Torres Strait Islander,Full-time,False,False,E09655,referral,NovaCorp-Origin,WorkdayHR,81.0,163,False,4900,Meets Expectations,71.6,routine_voluntary
E05944,2024-09-30,voluntary,Career advancement,True,False,Meets Expectations,135500.0,E03168,push,Adam Marshall,2011-12-21,2024-09-30,departed,Technology,Risk-Compliance,1,Senior Risk Analyst,135500.0,1.01,Male,45-49,Anglo-Australian,Full-time,False,True,E03168,direct,NovaCorp-Origin,WorkdayHR,35.0,155,False,4667,Outstanding,94.3,regrettable_attrition
E05958,2024-04-17,voluntary,Career advancement,True,False,Meets Expectations,60600.0,E02188,push,Stacy Cowan,2012-01-11,2024-04-17,departed,Technology,Management,1,Administration Officer,60600.0,0.93,Female,35-39,Anglo-Australian,Casual,False,False,E02188,direct,NovaCorp-Origin,WorkdayHR,28.0,149,False,4480,High Performer,76.9,regrettable_attrition
E06031,2025-01-31,voluntary,Career advancement,True,False,High Performer,88700.0,E02277,push,Ruben Jones,2012-04-30,2025-01-31,departed,Wealth Management,Management,1,Coordinator,88700.0,0.99,Male,30-34,African,Full-time,False,False,E02277,direct,NovaCorp-Origin,WorkdayHR,20.0,155,False,4659,Meets Expectations,76.4,routine_voluntary
E06033,2024-02-06,voluntary,Career advancement,True,False,High Performer,136300.0,E01443,pull,Erica Allen,2012-05-02,2024-02-06,departed,Risk & Compliance,Management,2,"Manager, Risk & Compliance",136300.0,0.89,Female,45-49,East Asian,Part-time,True,False,E01443,direct,NovaCorp-Origin,WorkdayHR,58.0,143,False,4297,High Performer,75.5,regrettable_attrition
E06037,2025-05-12,voluntary,Career advancement,True,False,High Performer,135100.0,E02787,pull,Sarah Nelson,2012-05-06,2025-05-12,departed,Risk & Compliance,Technology,1,Senior Engineer,135100.0,0.93,Female,40-44,Anglo-Australian,Part-time,False,False,E02787,direct,NovaCorp-Origin,WorkdayHR,73.0,158,False,4754,Meets Expectations,63.7,routine_voluntary
E06043,2025-02-06,involuntary,Involuntary - restructure,False,False,Meets Expectations,63800.0,E01802,push,Nicholas Collins,2012-05-16,2025-02-06,departed,Insurance,Client-Advisory,1,Client Service Officer,63800.0,1.01,Male,40-44,Anglo-Australian,Casual,True,False,E01802,direct,NovaCorp-Origin,WorkdayHR,23.0,154,False,4649,Below Expectations,42.1,involuntary
E06045,2024-05-31,involuntary,Involuntary - performance,False,False,Below Expectations,60600.0,E01447,push,Donna Green,2012-05-18,2024-05-31,departed,Risk & Compliance,Technology,1,Junior Developer,60600.0,0.9,Female,40-44,Anglo-Australian,Full-time,True,False,E01447,direct,NovaCorp-Origin,WorkdayHR,77.0,146,False,4396,High Performer,75.1,involuntary
E06048,2024-02-02,involuntary,Involuntary - performance,False,False,Unsatisfactory,123100.0,E11077,push,Allison Phillips,2012-05-20,2024-02-02,departed,Retail Banking,Client-Advisory,1,Senior Adviser,123100.0,1.0,Female,40-44,Southeast Asian,Full-time,False,True,E11077,agency,NovaCorp-Origin,WorkdayHR,73.0,142,False,4275,Meets Expectations,66.1,involuntary
E06075,2025-09-28,involuntary,Involuntary - performance,True,False,Below Expectations,71100.0,E02939,push,Joshua Harris,2012-07-09,2025-09-28,departed,Risk & Compliance,Technology,1,Junior Developer,71100.0,0.97,Male,50-54,Anglo-Australian,Full-time,False,False,E02939,direct,NovaCorp-Origin,WorkdayHR,90.0,160,False,4829,High Performer,72.2,involuntary
E06076,2025-03-26,voluntary,Better opportunity,False,False,Outstanding,75600.0,E02070,pull,Brian Coleman,2012-07-10,2025-03-26,departed,Corporate Operations,Management,1,Administration Officer,75600.0,0.95,Non-binary,45-49,European (non-Anglo),Part-time,False,False,E02070,direct,NovaCorp-Origin,WorkdayHR,83.0,154,False,4642,Meets Expectations,79.0,routine_voluntary
E06079,2025-04-18,voluntary,Personal reasons,True,False,Outstanding,96900.0,E02863,push,Caroline Nichols,2012-07-17,2025-04-18,departed,Technology,Client-Advisory,1,Adviser,96900.0,0.91,Female,35-39,Anglo-Australian,Full-time,True,False,E02863,agency,NovaCorp-Origin,WorkdayHR,16.0,155,False,4658,Outstanding,87.3,regrettable_attrition
E06081,2025-08-14,involuntary,Involuntary - conduct,False,False,High Performer,89800.0,E02224,push,Kristen Dawson,2012-07-18,2025-08-14,departed,Retail Banking,Corporate-Support,1,Specialist,89800.0,0.95,Female,50-54,Anglo-Australian,Full-time,False,False,E02224,direct,NovaCorp-Origin,WorkdayHR,75.0,159,False,4775,Meets Expectations,62.6,involuntary
E06098,2024-05-25,voluntary,Better opportunity,True,False,High Performer,145100.0,E01452,pull,Marvin Cook,2012-08-07,2024-05-25,departed,Risk & Compliance,Operations-Processing,2,"Manager, Risk & Compliance",145100.0,0.89,Male,40-44,Anglo-Australian,Full-time,False,False,E01452,agency,NovaCorp-Origin,WorkdayHR,31.0,143,False,4309,High Performer,84.1,regrettable_attrition
E06132,2025-08-11,voluntary,Better opportunity,True,False,Below Expectations,120900.0,E00602,pull,Tammy Harrison,2012-09-21,2025-08-11,departed,Insurance,Corporate-Support,1,Senior Specialist,120900.0,1.05,Female,45-49,Anglo-Australian,Full-time,False,True,E00602,direct,NovaCorp-Origin,WorkdayHR,68.0,156,False,4707,High Performer,74.6,regrettable_attrition
E06133,2025-02-22,voluntary,Relocation,True,False,Meets Expectations,70200.0,E05414,push,Jake Fernandez,2012-09-25,2025-02-22,departed,Retail Banking,Risk-Compliance,1,Compliance Officer,70200.0,1.1,Male,30-34,Latin American,Full-time,False,True,E05414,agency,NovaCorp-Origin,WorkdayHR,28.0,151,False,4533,Meets Expectations,62.4,routine_voluntary
E06137,2025-08-29,involuntary,Involuntary - performance,False,False,Below Expectations,170800.0,E00321,push,Susan Harper,2012-09-30,2025-08-29,departed,Insurance,Technology,3,"Senior Manager, Insurance",170800.0,0.91,Female,35-39,East Asian,Full-time,True,False,E00321,referral,NovaCorp-Origin,WorkdayHR,21.0,157,False,4716,Below Expectations,56.0,involuntary
E06141,2024-04-05,involuntary,Involuntary - performance,False,False,Below Expectations,125800.0,E02143,push,Tammy Long,2012-10-05,2024-04-05,departed,Risk & Compliance,Client-Advisory,1,Senior Adviser,125800.0,0.91,Female,30-34,South Asian,Full-time,False,False,E02143,agency,NovaCorp-Origin,WorkdayHR,23.0,140,False,4200,Meets Expectations,69.8,involuntary
E06150,2024-02-23,voluntary,Better opportunity,True,False,Outstanding,216300.0,E04361,pull,Mark Jennings,2012-10-18,2024-02-23,departed,Corporate Operations,Technology,3,"Senior Manager, Corporate Operations",216300.0,1.0,Male,45-49,Latin American,Casual,False,False,E04361,referral,NovaCorp-Origin,WorkdayHR,88.0,138,False,4145,Meets Expectations,60.3,routine_voluntary
E06154,2025-03-21,involuntary,Involuntary - restructure,True,False,Meets Expectations,147700.0,E01062,push,Megan Valdez,2012-10-21,2025-03-21,departed,Corporate Operations,Risk-Compliance,2,"Manager, Corporate Operations",147700.0,0.94,Non-binary,45-49,Anglo-Australian,Full-time,False,False,E01062,agency,NovaCorp-Origin,WorkdayHR,41.0,151,False,4534,Meets Expectations,73.4,involuntary
E06155,2024-02-16,voluntary,Career advancement,True,True,Outstanding,119000.0,E13519,pull,Willie Martin,2012-10-24,2024-02-16,departed,Wealth Management,Risk-Compliance,1,Senior Risk Analyst,119000.0,1.08,Prefer not to say,40-44,European (non-Anglo),Full-time,False,False,E13519,referral,NovaCorp-Origin,WorkdayHR,68.0,137,False,4132,Meets Expectations,68.8,routine_voluntary
E06169,2024-11-15,voluntary,Better opportunity,True,False,Meets Expectations,117800.0,E11798,pull,Jason Lynn,2012-11-11,2024-11-15,departed,Insurance,Corporate-Support,2,"Manager, Insurance",117800.0,0.87,Male,40-44,Anglo-Australian,Full-time,False,False,E11798,agency,NovaCorp-Origin,WorkdayHR,59.0,146,False,4387,Meets Expectations,53.0,routine_voluntary
E06182,2024-03-26,voluntary,Role uncertainty / unclear future,True,False,Below Expectations,86700.0,E11782,push,Marie Roach,2012-12-06,2024-03-26,departed,Corporate Operations,Client-Advisory,1,Adviser,86700.0,1.06,Non-binary,30-34,East Asian,Full-time,False,False,E11782,acquisition,NovaCorp-Origin,WorkdayHR,45.0,137,False,4128,High Performer,74.9,regrettable_attrition
E06184,2024-11-26,voluntary,Better opportunity,True,True,Outstanding,135600.0,E02199,pull,Michelle Harris,2012-12-10,2024-11-26,departed,Retail Banking,Management,1,Team Leader,135600.0,0.93,Female,50-54,Anglo-Australian,Full-time,False,False,E02199,direct,NovaCorp-Origin,WorkdayHR,77.0,145,False,4369,High Performer,78.2,regrettable_attrition
E06191,2024-08-09,voluntary,Better opportunity,True,False,Meets Expectations,118500.0,E10900,push,Susan Mills,2012-12-18,2024-08-09,departed,Retail Banking,Client-Advisory,1,Senior Adviser,118500.0,1.07,Female,45-49,South Asian,Full-time,False,False,E10900,direct,NovaCorp-Origin,WorkdayHR,67.0,141,False,4252,High Performer,78.0,regrettable_attrition
E06200,2024-07-03,voluntary,Career advancement,True,False,Below Expectations,62500.0,E00668,push,Brittany Sanders,2013-01-04,2024-07-03,departed,Retail Banking,Management,1,Administration Officer,62500.0,1.05,Female,35-39,Anglo-Australian,Full-time,False,False,E00668,agency,NovaCorp-Origin,WorkdayHR,82.0,139,False,4198,Meets Expectations,88.8,routine_voluntary
E06210,2025-08-13,voluntary,Better opportunity,False,False,Below Expectations,157500.0,E13967,push,David Oconnor,2013-01-19,2025-08-13,departed,Risk & Compliance,Corporate-Support,2,"Manager, Risk & Compliance",157500.0,0.89,Male,50-54,South Asian,Full-time,False,False,E13967,referral,NovaCorp-Origin,WorkdayHR,27.0,152,False,4589,Meets Expectations,74.3,routine_voluntary
E06215,2024-03-08,involuntary,Involuntary - performance,False,False,Below Expectations,123600.0,E02235,push,Linda Irwin,2013-01-21,2024-03-08,departed,Insurance,Technology,1,Senior Engineer,123600.0,0.91,Female,35-39,Anglo-Australian,Part-time,True,False,E02235,direct,NovaCorp-Origin,WorkdayHR,84.0,135,False,4064,Meets Expectations,82.2,involuntary
E06231,2024-06-21,voluntary,Relocation,True,False,Below Expectations,115000.0,E01739,push,Mary Martin,2013-02-21,2024-06-21,departed,Technology,Technology,1,Engineer,115000.0,0.89,Female,30-34,East Asian,Full-time,False,True,E01739,direct,NovaCorp-Origin,WorkdayHR,22.0,137,False,4138,High Performer,76.4,regrettable_attrition
E06240,2025-03-01,involuntary,Involuntary - performance,True,False,Below Expectations,75200.0,E02176,push,Ashley Jordan,2013-03-07,2025-03-01,departed,Risk & Compliance,Operations-Processing,1,Processing Officer,75200.0,0.97,Female,35-39,Anglo-Australian,Full-time,False,False,E02176,direct,NovaCorp-Origin,WorkdayHR,34.0,145,False,4377,Meets Expectations,78.3,involuntary
E06251,2025-05-29,voluntary,Career advancement,True,False,Meets Expectations,99900.0,E02202,push,Susan Thompson,2013-03-24,2025-05-29,departed,Technology,Client-Advisory,1,Adviser,99900.0,0.93,Female,30-34,Anglo-Australian,Full-time,False,False,E02202,direct,NovaCorp-Origin,WorkdayHR,40.0,148,False,4449,Meets Expectations,68.8,routine_voluntary
E06262,2024-02-02,voluntary,Career advancement,True,False,High Performer,130600.0,E13827,pull,Matthew Carroll,2013-04-11,2024-02-02,departed,Wealth Management,Risk-Compliance,2,"Manager, Wealth Management",130600.0,0.86,Male,35-39,Anglo-Australian,Full-time,False,False,E13827,direct,NovaCorp-Origin,WorkdayHR,21.0,131,False,3949,Meets Expectations,73.1,routine_voluntary
E06289,2025-03-16,voluntary,Study/career change,True,False,High Performer,99700.0,E00816,push,Luis Cole,2013-05-23,2025-03-16,departed,Corporate Operations,Technology,1,Engineer,99700.0,0.98,Male,30-34,Anglo-Australian,Full-time,False,False,E00816,graduate,NovaCorp-Origin,WorkdayHR,53.0,143,False,4315,Below Expectations,63.0,routine_voluntary
E06294,2025-07-31,voluntary,Career advancement,True,False,High Performer,111300.0,E02402,pull,Christopher Bentley,2013-05-27,2025-07-31,departed,Insurance,Technology,1,Engineer,111300.0,0.76,Male,35-39,Southeast Asian,Full-time,True,True,E02402,agency,NovaCorp-Origin,WorkdayHR,30.0,148,False,4448,Meets Expectations,73.4,regrettable_attrition
E06295,2025-11-05,voluntary,Career advancement,True,False,Meets Expectations,55000.0,E02299,push,Sheryl Rodgers,2013-05-28,2025-11-05,departed,Technology,Operations-Processing,1,Processing Officer,55000.0,0.93,Female,35-39,Anglo-Australian,Full-time,False,False,E02299,direct,NovaCorp-Origin,WorkdayHR,48.0,151,False,4544,Below Expectations,46.5,routine_voluntary
E06315,2025-04-06,voluntary,Better opportunity,True,False,Meets Expectations,96500.0,E03542,pull,Austin Solis,2013-06-25,2025-04-06,departed,Retail Banking,Operations-Processing,1,Analyst,96500.0,0.87,Prefer not to say,35-39,Southeast Asian,Part-time,False,False,E03542,agency,NovaCorp-Origin,WorkdayHR,38.0,143,False,4303,Outstanding,78.4,regrettable_attrition
E06327,2024-11-22,voluntary,Career advancement,True,False,Meets Expectations,100800.0,E05262,push,Jeffrey Solomon,2013-07-11,2024-11-22,departed,Technology,Risk-Compliance,1,Risk Analyst,100800.0,0.99,Male,40-44,European (non-Anglo),Full-time,False,False,E05262,graduate,NovaCorp-Origin,WorkdayHR,33.0,138,False,4152,Outstanding,87.8,regrettable_attrition
E06336,2024-08-14,voluntary,Career advancement,True,False,High Performer,141800.0,E11867,push,Richard Copeland,2013-07-27,2024-08-14,departed,Insurance,Client-Advisory,2,"Manager, Insurance",141800.0,0.92,Male,35-39,Anglo-Australian,Full-time,False,False,E11867,direct,NovaCorp-Origin,WorkdayHR,17.0,134,False,4036,Meets Expectations,59.9,routine_voluntary
E06338,2025-07-11,voluntary,Better opportunity,True,True,Outstanding,60400.0,E13955,pull,Denise Foster,2013-07-29,2025-07-11,departed,Risk & Compliance,Risk-Compliance,1,Compliance Officer,60400.0,0.98,Female,30-34,Middle Eastern,Casual,False,False,E13955,direct,NovaCorp-Origin,WorkdayHR,34.0,145,False,4365,Meets Expectations,64.8,routine_voluntary
E06342,2025-09-23,voluntary,Career advancement,True,False,Meets Expectations,123600.0,E08327,push,Angela Johnson,2013-08-03,2025-09-23,departed,Wealth Management,Management,1,Team Leader,123600.0,0.99,Female,40-44,Pacific Islander,Part-time,False,False,E08327,acquisition,NovaCorp-Origin,WorkdayHR,75.0,147,False,4434,Meets Expectations,51.2,routine_voluntary
E06352,2025-03-31,involuntary,Involuntary - restructure,False,False,Meets Expectations,116900.0,E00347,push,Nicholas Ramirez,2013-08-11,2025-03-31,departed,Technology,Risk-Compliance,1,Senior Risk Analyst,116900.0,1.0,Male,45-49,South Asian,Full-time,False,False,E00347,agency,NovaCorp-Origin,WorkdayHR,28.0,141,False,4250,Outstanding,80.8,involuntary
E06362,2024-08-16,voluntary,Better opportunity,True,False,Meets Expectations,96500.0,E03248,push,April Moody,2013-08-21,2024-08-16,departed,Retail Banking,Operations-Processing,1,Analyst,96500.0,0.93,Female,35-39,Anglo-Australian,Full-time,True,False,E03248,acquisition,NovaCorp-Origin,WorkdayHR,69.0,133,False,4013,Below Expectations,53.5,regrettable_attrition
E06366,2025-02-04,voluntary,Career advancement,True,False,High Performer,122400.0,E02944,push,Jessica Lowery,2013-08-25,2025-02-04,departed,Wealth Management,Technology,1,Senior Engineer,122400.0,0.98,Female,35-39,Anglo-Australian,Full-time,False,False,E02944,acquisition,NovaCorp-Origin,WorkdayHR,63.0,139,False,4181,High Performer,78.2,regrettable_attrition
E06375,2025-11-07,voluntary,Career advancement,True,False,High Performer,235500.0,E04229,push,Christopher Nichols,2013-09-08,2025-11-07,departed,Risk & Compliance,Operations-Processing,3,"Senior Manager, Risk & Compliance",235500.0,0.9,Prefer not to say,40-44,South Asian,Full-time,True,False,E04229,graduate,NovaCorp-Origin,WorkdayHR,51.0,148,False,4443,Outstanding,90.0,regrettable_attrition
E06377,2024-11-23,voluntary,Better opportunity,True,False,Meets Expectations,142400.0,E02301,pull,Zachary Santos,2013-09-11,2024-11-23,departed,Risk & Compliance,Technology,1,Senior Engineer,142400.0,0.88,Male,40-44,Southeast Asian,Full-time,False,True,E02301,referral,NovaCorp-Origin,WorkdayHR,26.0,136,False,4091,Meets Expectations,66.4,routine_voluntary
E06396,2025-10-10,voluntary,Better opportunity,True,False,Below Expectations,89700.0,E04814,pull,Emily Hall,2013-10-03,2025-10-10,departed,Risk & Compliance,Risk-Compliance,1,Risk Analyst,89700.0,1.0,Female,50-54,East Asian,Full-time,False,True,E04814,agency,NovaCorp-Origin,WorkdayHR,20.0,146,False,4390,Meets Expectations,74.6,routine_voluntary
E06400,2025-10-23,voluntary,Better opportunity,True,False,High Performer,75200.0,E00971,pull,Matthew Bell,2013-10-09,2025-10-23,departed,Risk & Compliance,Technology,1,Junior Developer,75200.0,1.02,Male,35-39,East Asian,Fixed-term,False,False,E00971,agency,NovaCorp-Origin,WorkdayHR,47.0,146,False,4397,Meets Expectations,61.6,routine_voluntary
E06402,2025-09-19,voluntary,Better opportunity,True,False,Outstanding,116200.0,E02848,pull,Daniel Bush,2013-10-11,2025-09-19,departed,Risk & Compliance,Operations-Processing,1,Senior Analyst,116200.0,1.03,Male,35-39,Anglo-Australian,Part-time,False,False,E02848,agency,NovaCorp-Origin,WorkdayHR,67.0,145,False,4361,Unsatisfactory,33.9,routine_voluntary
E06405,2025-03-31,involuntary,Involuntary - performance,True,False,Unsatisfactory,131100.0,E12195,push,Paul Adams,2013-10-18,2025-03-31,departed,Corporate Operations,Client-Advisory,2,"Manager, Corporate Operations",131100.0,0.93,Male,45-49,South Asian,Full-time,True,True,E12195,agency,NovaCorp-Origin,WorkdayHR,84.0,139,False,4182,High Performer,75.3,involuntary
E06409,2025-10-09,voluntary,Better opportunity,True,False,Meets Expectations,81700.0,E01771,pull,Kimberly Martinez,2013-10-25,2025-10-09,departed,Insurance,Technology,1,Junior Developer,81700.0,0.99,Female,45-49,Anglo-Australian,Full-time,False,True,E01771,direct,NovaCorp-Origin,WorkdayHR,43.0,145,False,4367,Meets Expectations,75.5,routine_voluntary
E06411,2024-08-23,voluntary,Career advancement,True,False,High Performer,101400.0,E01489,pull,Ashley Mckinney,2013-10-25,2024-08-23,departed,Risk & Compliance,Corporate-Support,1,Specialist,101400.0,0.93,Female,45-49,Anglo-Australian,Full-time,False,True,E01489,direct,NovaCorp-Origin,WorkdayHR,15.0,131,False,3955,High Performer,69.8,regrettable_attrition
E06428,2025-01-31,voluntary,Personal reasons,True,False,Meets Expectations,171100.0,E06147,push,Dennis Huffman,2013-11-14,2025-01-31,departed,Insurance,Risk-Compliance,2,"Manager, Insurance",171100.0,0.98,Male,30-34,South Asian,Full-time,False,False,E06147,agency,NovaCorp-Origin,WorkdayHR,36.0,136,False,4096,High Performer,74.5,regrettable_attrition
E06439,2025-08-01,voluntary,Career advancement,True,False,Below Expectations,169900.0,E01853,push,Robert Johnson,2013-11-26,2025-08-01,departed,Technology,Client-Advisory,2,"Manager, Technology",169900.0,1.02,Male,30-34,Anglo-Australian,Full-time,False,True,E01853,agency,NovaCorp-Origin,WorkdayHR,78.0,142,False,4266,Below Expectations,41.4,routine_voluntary
E06442,2025-05-02,voluntary,Career advancement,True,False,High Performer,146300.0,E00299,push,James Browning,2013-11-30,2025-05-02,departed,Wealth Management,Corporate-Support,1,Senior Specialist,146300.0,0.95,Male,40-44,European (non-Anglo),Full-time,False,False,E00299,agency,NovaCorp-Origin,WorkdayHR,16.0,139,False,4171,Below Expectations,43.1,routine_voluntary
E06448,2024-07-30,involuntary,Involuntary - restructure,True,False,Meets Expectations,68300.0,E05279,push,Christopher Bender,2013-12-07,2024-07-30,departed,Technology,Risk-Compliance,1,Compliance Officer,68300.0,0.99,Male,40-44,African,Full-time,False,False,E05279,agency,NovaCorp-Origin,WorkdayHR,54.0,129,False,3888,High Performer,74.6,involuntary
E06461,2024-10-31,voluntary,Better opportunity,True,False,High Performer,115000.0,E00720,pull,Rita Charles,2014-01-04,2024-10-31,departed,Risk & Compliance,Client-Advisory,2,"Manager, Risk & Compliance",115000.0,1.06,Female,35-39,Anglo-Australian,Full-time,False,False,E00720,agency,NovaCorp-Origin,WorkdayHR,17.0,131,False,3953,High Performer,75.2,regrettable_attrition
E06472,2025-02-21,voluntary,Personal reasons,False,False,Meets Expectations,81100.0,E13119,push,Teresa Mendoza,2014-01-28,2025-02-21,departed,Insurance,Technology,1,Junior Developer,81100.0,0.92,Female,45-49,East Asian,Full-time,False,False,E13119,direct,NovaCorp-Origin,WorkdayHR,27.0,134,False,4042,High Performer,65.1,regrettable_attrition
E06489,2025-07-31,voluntary,Career advancement,True,False,Outstanding,78000.0,E14119,push,Mariah Collins,2014-02-07,2025-07-31,departed,Corporate Operations,Risk-Compliance,1,Compliance Officer,78000.0,0.93,Female,35-39,Maori/Aboriginal & Torres Strait Islander,Casual,False,True,E14119,agency,NovaCorp-Origin,WorkdayHR,70.0,139,False,4192,Meets Expectations,70.4,routine_voluntary
E06500,2024-04-28,voluntary,Career advancement,False,False,Meets Expectations,59400.0,E00151,push,Christopher Flores,2014-02-15,2024-04-28,departed,Wealth Management,Client-Advisory,1,Client Service Officer,59400.0,0.97,Male,50-54,Anglo-Australian,Full-time,False,False,E00151,acquisition,NovaCorp-Origin,WorkdayHR,16.0,124,False,3725,High Performer,91.6,regrettable_attrition
E06503,2024-09-30,voluntary,Career advancement,True,False,Meets Expectations,133600.0,E03694,push,Nancy Jackson,2014-02-20,2024-09-30,departed,Insurance,Operations-Processing,1,Senior Analyst,133600.0,0.87,Female,45-49,Prefer not to say,Full-time,False,False,E03694,direct,NovaCorp-Origin,WorkdayHR,27.0,129,False,3875,Below Expectations,55.7,routine_voluntary
E06524,2024-10-21,voluntary,Better opportunity,True,False,Unsatisfactory,136200.0,E02648,push,Kristina York,2014-03-21,2024-10-21,departed,Insurance,Client-Advisory,2,"Manager, Insurance",136200.0,1.06,Female,30-34,Southeast Asian,Full-time,False,False,E02648,direct,NovaCorp-Origin,WorkdayHR,90.0,128,True,3867,Meets Expectations,66.7,routine_voluntary
E06534,2025-04-30,voluntary,Better opportunity,False,True,Unsatisfactory,75900.0,E03349,pull,Allison Moore,2014-04-11,2025-04-30,departed,Technology,Management,1,Administration Officer,75900.0,0.92,Female,35-39,Southeast Asian,Full-time,True,False,E03349,referral,NovaCorp-Origin,WorkdayHR,22.0,134,False,4037,High Performer,74.5,regrettable_attrition
E06547,2024-11-29,voluntary,Career advancement,False,False,High Performer,115700.0,E00709,push,Mary Solis,2014-04-29,2024-11-29,departed,Wealth Management,Technology,1,Senior Engineer,115700.0,0.94,Female,35-39,Anglo-Australian,Full-time,False,True,E00709,acquisition,NovaCorp-Origin,WorkdayHR,54.0,128,False,3867,High Performer,85.3,regrettable_attrition
E06550,2024-04-30,voluntary,Study/career change,True,False,High Performer,148800.0,E10022,push,Jacob Scott,2014-05-04,2024-04-30,departed,Insurance,Technology,1,Senior Engineer,148800.0,0.96,Male,45-49,Anglo-Australian,Full-time,False,False,E10022,referral,NovaCorp-Origin,WorkdayHR,86.0,121,False,3649,Meets Expectations,63.5,routine_voluntary
E06554,2025-06-19,voluntary,Career advancement,True,False,High Performer,106400.0,E07191,pull,Brian Jones,2014-05-10,2025-06-19,departed,Corporate Operations,Corporate-Support,1,Specialist,106400.0,0.95,Male,45-49,Anglo-Australian,Full-time,False,False,E07191,graduate,NovaCorp-Origin,WorkdayHR,23.0,135,False,4058,Meets Expectations,60.1,routine_voluntary
E06560,2024-06-13,voluntary,Better opportunity,True,False,High Performer,115600.0,E00920,pull,Chad Harris,2014-05-25,2024-06-13,departed,Wealth Management,Client-Advisory,1,Senior Adviser,115600.0,0.84,Male,40-44,Anglo-Australian,Full-time,True,False,E00920,direct,NovaCorp-Origin,WorkdayHR,67.0,122,False,3672,High Performer,79.4,regrettable_attrition
E06567,2025-06-13,voluntary,Career advancement,True,False,High Performer,78100.0,E01362,push,Jennifer Williams,2014-06-03,2025-06-13,departed,Risk & Compliance,Client-Advisory,1,Client Service Officer,78100.0,0.95,Female,40-44,Southeast Asian,Full-time,False,False,E01362,referral,NovaCorp-Origin,WorkdayHR,67.0,134,False,4028,High Performer,70.5,regrettable_attrition
E06580,2025-05-20,voluntary,Career advancement,True,False,Meets Expectations,93600.0,E00509,push,Jonathan Hernandez,2014-06-18,2025-05-20,departed,Risk & Compliance,Client-Advisory,1,Adviser,93600.0,0.98,Male,40-44,East Asian,Full-time,False,False,E00509,agency,NovaCorp-Origin,WorkdayHR,36.0,132,False,3989,High Performer,72.7,regrettable_attrition
E06606,2024-03-04,voluntary,Career advancement,True,False,Meets Expectations,146400.0,E00098,push,Emily Smith,2014-07-20,2024-03-04,departed,Risk & Compliance,Corporate-Support,1,Senior Specialist,146400.0,1.01,Female,30-34,European (non-Anglo),Full-time,False,False,E00098,agency,NovaCorp-Origin,WorkdayHR,33.0,117,False,3515,Unsatisfactory,17.3,routine_voluntary
E06617,2025-08-22,voluntary,Compensation,True,False,Meets Expectations,322200.0,E05945,push,Erica Gonzalez,2014-08-04,2025-08-22,departed,Risk & Compliance,Corporate-Support,4,"Director, Risk & Compliance",322200.0,1.0,Female,35-39,Anglo-Australian,Casual,True,True,E05945,graduate,NovaCorp-Origin,WorkdayHR,45.0,134,False,4036,High Performer,75.4,regrettable_attrition
E06618,2025-02-28,voluntary,Career advancement,True,True,Outstanding,120100.0,E14258,push,Jessica Roberts,2014-08-04,2025-02-28,departed,Corporate Operations,Management,1,Team Leader,120100.0,0.96,Female,25-29,Anglo-Australian,Casual,False,False,E14258,direct,NovaCorp-Origin,WorkdayHR,47.0,128,False,3861,Meets Expectations,63.7,routine_voluntary
E06629,2024-04-03,voluntary,Career advancement,True,False,Below Expectations,207000.0,E08585,push,Matthew Lewis,2014-08-21,2024-04-03,departed,Risk & Compliance,Client-Advisory,3,"Senior Manager, Risk & Compliance",207000.0,0.98,Male,40-44,East Asian,Full-time,False,False,E08585,graduate,NovaCorp-Origin,WorkdayHR,86.0,117,False,3513,Meets Expectations,66.0,routine_voluntary
E06636,2024-05-31,voluntary,Career advancement,True,False,Meets Expectations,134100.0,E03297,push,Alexis Ponce,2014-08-30,2024-05-31,departed,Insurance,Risk-Compliance,1,Senior Risk Analyst,134100.0,0.91,Female,35-39,East Asian,Full-time,False,False,E03297,agency,NovaCorp-Origin,WorkdayHR,35.0,118,False,3562,Meets Expectations,62.2,routine_voluntary
E06651,2024-05-14,voluntary,Better opportunity,True,False,Meets Expectations,72500.0,E03111,pull,Matthew Alvarez,2014-09-19,2024-05-14,departed,Technology,Client-Advisory,1,Client Service Officer,72500.0,0.97,Male,35-39,Anglo-Australian,Full-time,False,False,E03111,agency,NovaCorp-Origin,WorkdayHR,90.0,117,False,3525,Meets Expectations,62.8,routine_voluntary
E06658,2024-05-19,involuntary,Involuntary - performance,False,False,Unsatisfactory,59800.0,E03542,push,Sabrina Sandoval,2014-09-27,2024-05-19,departed,Retail Banking,Client-Advisory,1,Client Service Officer,59800.0,1.0,Female,35-39,Anglo-Australian,Full-time,False,True,E03542,agency,NovaCorp-Origin,WorkdayHR,33.0,117,False,3522,Meets Expectations,72.3,involuntary
E06669,2024-02-02,voluntary,Better opportunity,True,True,High Performer,134800.0,E10672,pull,Angela Lee,2014-10-13,2024-02-02,departed,Insurance,Management,1,Team Leader,134800.0,0.79,Female,40-44,Anglo-Australian,Full-time,True,False,E10672,direct,NovaCorp-Origin,WorkdayHR,24.0,113,False,3399,Meets Expectations,38.7,regrettable_attrition
E06695,2024-10-31,voluntary,Career advancement,True,False,High Performer,230000.0,E05287,push,Jon Graham,2014-11-26,2024-10-31,departed,Wealth Management,Management,4,"Director, Wealth Management",230000.0,0.9,Male,45-49,Anglo-Australian,Casual,False,False,E05287,direct,NovaCorp-Origin,WorkdayHR,51.0,120,False,3627,Meets Expectations,60.4,routine_voluntary
E06697,2024-07-31,involuntary,Involuntary - performance,True,False,Below Expectations,184000.0,E13516,push,Mallory Collins,2014-11-28,2024-07-31,departed,Retail Banking,Operations-Processing,2,"Manager, Retail Banking",184000.0,0.97,Female,35-39,Anglo-Australian,Full-time,False,False,E13516,acquisition,NovaCorp-Origin,WorkdayHR,56.0,117,False,3533,High Performer,67.6,involuntary
E06722,2024-04-05,voluntary,Career advancement,True,True,Outstanding,135300.0,E00130,pull,Jeffrey Richardson,2015-01-08,2024-04-05,departed,Technology,Client-Advisory,1,Senior Adviser,135300.0,0.93,Male,40-44,Anglo-Australian,Full-time,False,False,E00130,direct,NovaCorp-Origin,WorkdayHR,57.0,112,False,3375,Meets Expectations,72.3,routine_voluntary
E06749,2025-10-31,voluntary,Better opportunity,False,False,Meets Expectations,62300.0,E12561,pull,Mrs. Michelle Savage,2015-02-24,2025-10-31,departed,Corporate Operations,Risk-Compliance,1,Compliance Officer,62300.0,0.97,Female,45-49,Maori/Aboriginal & Torres Strait Islander,Full-time,False,False,E12561,direct,NovaCorp-Origin,WorkdayHR,32.0,130,False,3902,Meets Expectations,47.0,routine_voluntary
E06753,2025-05-30,voluntary,Study/career change,True,False,High Performer,155100.0,E00462,push,Kelli Evans,2015-03-05,2025-05-30,departed,Retail Banking,Management,2,"Manager, Retail Banking",155100.0,0.91,Female,40-44,Anglo-Australian,Full-time,False,False,E00462,direct,NovaCorp-Origin,WorkdayHR,67.0,124,False,3739,Meets Expectations,66.3,routine_voluntary
E06764,2024-02-29,voluntary,Career advancement,True,False,Outstanding,123100.0,E00454,pull,Paula Rogers,2015-03-30,2024-02-29,departed,Corporate Operations,Technology,1,Senior Engineer,123100.0,0.88,Prefer not to say,40-44,South Asian,Full-time,True,True,E00454,graduate,NovaCorp-Origin,WorkdayHR,67.0,108,False,3258,High Performer,84.8,regrettable_attrition
E06780,2024-04-20,voluntary,Career advancement,True,True,Outstanding,116800.0,E01615,pull,Kathleen Mooney,2015-04-30,2024-04-20,departed,Insurance,Technology,1,Senior Engineer,116800.0,0.89,Female,30-34,South Asian,Part-time,False,False,E01615,agency,NovaCorp-Origin,WorkdayHR,28.0,109,False,3278,High Performer,78.6,regrettable_attrition
E06793,2025-01-31,voluntary,Career advancement,True,False,Below Expectations,121800.0,E10828,push,Mandy Marshall,2015-05-25,2025-01-31,departed,Retail Banking,Technology,1,Senior Engineer,121800.0,1.02,Female,35-39,Anglo-Australian,Full-time,False,False,E10828,referral,NovaCorp-Origin,WorkdayHR,64.0,117,False,3539,Below Expectations,26.4,routine_voluntary
E06796,2024-06-27,voluntary,Personal reasons,True,False,High Performer,62800.0,E01728,push,Janet Ray,2015-05-26,2024-06-27,departed,Risk & Compliance,Corporate-Support,1,Graduate,62800.0,1.03,Female,35-39,Anglo-Australian,Full-time,False,False,E01728,direct,NovaCorp-Origin,WorkdayHR,15.0,110,False,3320,Outstanding,81.7,regrettable_attrition
E06801,2024-04-25,voluntary,Career advancement,True,False,High Performer,116600.0,E02496,pull,Angel Moyer,2015-06-06,2024-04-25,departed,Corporate Operations,Management,1,Team Leader,116600.0,1.02,Male,40-44,Maori/Aboriginal & Torres Strait Islander,Full-time,False,True,E02496,graduate,NovaCorp-Origin,WorkdayHR,69.0,108,False,3246,Below Expectations,25.1,routine_voluntary
E06819,2025-10-18,voluntary,Better opportunity,True,False,High Performer,119600.0,E00721,pull,Paul Beasley,2015-06-24,2025-10-18,departed,Wealth Management,Technology,1,Senior Engineer,119600.0,0.92,Male,30-34,Anglo-Australian,Full-time,False,True,E00721,direct,NovaCorp-Origin,WorkdayHR,20.0,125,False,3769,Unsatisfactory,30.2,routine_voluntary
E06820,2024-10-18,involuntary,Involuntary - performance,True,False,Below Expectations,60800.0,E02908,push,Susan Smith,2015-06-25,2024-10-18,departed,Technology,Operations-Processing,1,Processing Officer,60800.0,1.02,Female,30-34,Anglo-Australian,Part-time,False,True,E02908,graduate,NovaCorp-Origin,WorkdayHR,32.0,113,False,3403,High Performer,86.3,involuntary
E06823,2025-04-11,voluntary,Career advancement,True,False,High Performer,110500.0,E08312,pull,Peggy Johnson,2015-06-30,2025-04-11,departed,Retail Banking,Management,1,Coordinator,110500.0,0.99,Female,30-34,South Asian,Full-time,False,False,E08312,direct,NovaCorp-Origin,WorkdayHR,55.0,119,False,3573,High Performer,92.0,regrettable_attrition
E06825,2024-06-21,voluntary,Career advancement,True,False,Meets Expectations,87200.0,E03209,push,Emily Fisher,2015-07-01,2024-06-21,departed,Executive Leadership,Technology,1,Engineer,87200.0,0.94,Female,45-49,Anglo-Australian,Full-time,False,False,E03209,direct,NovaCorp-Origin,WorkdayHR,62.0,109,False,3278,Meets Expectations,54.6,routine_voluntary
E06828,2024-12-26,voluntary,Compensation,True,False,Meets Expectations,85700.0,E03192,push,Craig Pierce,2015-07-03,2024-12-26,departed,Technology,Risk-Compliance,1,Risk Analyst,85700.0,1.02,Male,40-44,Anglo-Australian,Full-time,False,False,E03192,acquisition,NovaCorp-Origin,WorkdayHR,42.0,115,False,3464,High Performer,71.9,regrettable_attrition
E06841,2025-08-17,voluntary,Career advancement,True,False,Outstanding,139600.0,E02625,pull,Marisa Moon,2015-07-15,2025-08-17,departed,Risk & Compliance,Technology,1,Senior Engineer,139600.0,0.86,Female,45-49,Anglo-Australian,Full-time,False,False,E02625,agency,NovaCorp-Origin,WorkdayHR,59.0,122,False,3686,High Performer,69.6,regrettable_attrition
E06842,2025-06-27,involuntary,Involuntary - performance,True,False,Unsatisfactory,138100.0,E08429,push,Dr. Alyssa Hernandez,2015-07-15,2025-06-27,departed,Wealth Management,Client-Advisory,1,Senior Adviser,138100.0,0.91,Female,35-39,South Asian,Full-time,False,False,E08429,direct,NovaCorp-Origin,WorkdayHR,14.0,121,False,3635,Meets Expectations,56.6,involuntary
E06843,2024-04-30,voluntary,Career advancement,True,False,Below Expectations,126000.0,E03089,push,Jeffrey Simon,2015-07-15,2024-04-30,departed,Technology,Management,1,Team Leader,126000.0,0.99,Male,30-34,Anglo-Australian,Full-time,False,True,E03089,agency,NovaCorp-Origin,WorkdayHR,30.0,107,False,3212,Meets Expectations,60.1,routine_voluntary
E06845,2024-12-31,voluntary,Better opportunity,True,False,High Performer,141300.0,E09160,pull,John Guzman,2015-07-16,2024-12-31,departed,Retail Banking,Client-Advisory,1,Senior Adviser,141300.0,1.03,Male,40-44,Anglo-Australian,Full-time,False,False,E09160,direct,NovaCorp-Origin,WorkdayHR,63.0,115,False,3456,High Performer,85.9,regrettable_attrition
E06857,2025-11-10,voluntary,Career advancement,False,False,High Performer,136900.0,E10688,push,Robert Hamilton,2015-07-31,2025-11-10,departed,Technology,Risk-Compliance,2,"Manager, Technology",136900.0,0.94,Non-binary,30-34,Anglo-Australian,Full-time,False,False,E10688,agency,NovaCorp-Origin,WorkdayHR,51.0,125,False,3755,Meets Expectations,76.1,routine_voluntary
E06868,2024-10-01,voluntary,Career advancement,True,False,Unsatisfactory,101800.0,E00439,push,Lauren Medina,2015-08-25,2024-10-01,departed,Technology,Client-Advisory,1,Adviser,101800.0,0.98,Female,35-39,Anglo-Australian,Full-time,False,False,E00439,agency,NovaCorp-Origin,WorkdayHR,79.0,110,False,3325,Meets Expectations,64.2,routine_voluntary
E06890,2025-01-31,involuntary,Involuntary - performance,True,False,Below Expectations,107000.0,E02893,push,Ann Bush,2015-09-23,2025-01-31,departed,Retail Banking,Risk-Compliance,1,Risk Analyst,107000.0,1.01,Female,40-44,South Asian,Part-time,False,True,E02893,direct,NovaCorp-Origin,WorkdayHR,80.0,113,False,3418,Meets Expectations,55.1,involuntary
E06932,2025-02-11,voluntary,Role uncertainty / unclear future,True,False,High Performer,103100.0,E02280,push,Kimberly Oneill,2015-11-18,2025-02-11,departed,Corporate Operations,Operations-Processing,1,Analyst,103100.0,1.02,Female,45-49,East Asian,Full-time,False,True,E02280,referral,NovaCorp-Origin,WorkdayHR,41.0,112,False,3373,Meets Expectations,69.0,routine_voluntary
E06941,2025-02-17,involuntary,Involuntary - performance,True,False,Below Expectations,102300.0,E09181,push,Kevin Rogers,2015-11-26,2025-02-17,departed,Corporate Operations,Risk-Compliance,1,Risk Analyst,102300.0,0.99,Male,25-29,South Asian,Part-time,False,False,E09181,direct,NovaCorp-Origin,WorkdayHR,67.0,112,False,3371,High Performer,85.3,involuntary
E06961,2025-03-31,voluntary,Career advancement,True,False,Below Expectations,97300.0,E09572,push,Mary House,2015-12-17,2025-03-31,departed,Technology,Client-Advisory,1,Adviser,97300.0,0.96,Female,35-39,Anglo-Australian,Full-time,False,False,E09572,agency,NovaCorp-Origin,WorkdayHR,35.0,113,False,3392,Below Expectations,41.0,routine_voluntary
E06966,2025-03-27,involuntary,Involuntary - performance,False,False,Below Expectations,129600.0,E00950,push,Mark Mcclain,2015-12-25,2025-03-27,departed,Corporate Operations,Technology,1,Senior Engineer,129600.0,0.97,Male,45-49,Anglo-Australian,Full-time,False,False,E00950,agency,NovaCorp-Origin,WorkdayHR,76.0,112,False,3380,Meets Expectations,62.7,involuntary
E06969,2025-10-25,voluntary,Career advancement,True,True,Below Expectations,56400.0,E03290,pull,William Leblanc,2016-01-02,2025-10-25,departed,Risk & Compliance,Technology,1,Junior Developer,56400.0,0.83,Male,35-39,East Asian,Full-time,True,False,E03290,direct,NovaCorp-Origin,WorkdayHR,29.0,119,False,3584,Outstanding,97.1,regrettable_attrition
E06973,2024-09-27,voluntary,Relocation,False,False,High Performer,140400.0,E00965,push,Clayton Nelson,2016-01-07,2024-09-27,departed,Wealth Management,Corporate-Support,1,Senior Specialist,140400.0,0.94,Male,45-49,Anglo-Australian,Full-time,True,False,E00965,agency,NovaCorp-Origin,WorkdayHR,62.0,106,False,3186,High Performer,67.2,regrettable_attrition
E06995,2025-05-28,voluntary,Career advancement,True,False,Outstanding,104700.0,E02228,pull,Christine Cunningham,2016-02-14,2025-05-28,departed,Retail Banking,Management,1,Coordinator,104700.0,0.91,Female,25-29,Anglo-Australian,Full-time,False,False,E02228,agency,NovaCorp-Origin,WorkdayHR,90.0,113,False,3391,Meets Expectations,48.5,routine_voluntary
E06998,2024-05-31,voluntary,Career advancement,True,False,Meets Expectations,119200.0,E03570,push,Blake Bailey,2016-02-17,2024-05-31,departed,Technology,Client-Advisory,1,Senior Adviser,119200.0,1.02,Male,30-34,Anglo-Australian,Part-time,False,False,E03570,direct,NovaCorp-Origin,WorkdayHR,29.0,100,False,3026,Meets Expectations,75.2,routine_voluntary
E07000,2025-08-28,involuntary,Involuntary - performance,False,False,Unsatisfactory,80800.0,E10169,push,Patrick Tyler,2016-02-21,2025-08-28,departed,Insurance,Operations-Processing,1,Processing Officer,80800.0,0.95,Male,30-34,Anglo-Australian,Full-time,False,False,E10169,graduate,NovaCorp-Origin,WorkdayHR,74.0,115,False,3476,Below Expectations,22.8,involuntary
E07011,2025-03-18,voluntary,Career advancement,True,False,Below Expectations,63500.0,E02608,push,James Winters,2016-03-05,2025-03-18,departed,Retail Banking,Client-Advisory,1,Client Service Officer,63500.0,1.01,Male,40-44,South Asian,Full-time,False,True,E02608,graduate,NovaCorp-Origin,WorkdayHR,57.0,110,False,3300,Below Expectations,45.4,routine_voluntary
E07022,2025-05-09,involuntary,Involuntary - restructure,True,False,Outstanding,103500.0,E07267,push,Mary Hoffman,2016-03-21,2025-05-09,departed,Technology,Client-Advisory,1,Adviser,103500.0,1.07,Female,30-34,Anglo-Australian,Part-time,False,False,E07267,referral,NovaCorp-Origin,WorkdayHR,24.0,111,False,3336,Outstanding,80.8,involuntary
E07028,2025-03-31,voluntary,Career advancement,True,False,Meets Expectations,102900.0,E02729,push,Eric Nichols,2016-04-01,2025-03-31,departed,Technology,Operations-Processing,1,Analyst,102900.0,0.94,Male,35-39,Anglo-Australian,Full-time,False,False,E02729,agency,NovaCorp-Origin,WorkdayHR,86.0,109,False,3286,Below Expectations,37.7,routine_voluntary
E07045,2025-05-02,voluntary,Role uncertainty / unclear future,True,True,Outstanding,81000.0,E02164,push,John Avery,2016-05-01,2025-05-02,departed,Risk & Compliance,Corporate-Support,1,Graduate,81000.0,0.97,Male,30-34,Anglo-Australian,Part-time,False,True,E02164,direct,NovaCorp-Origin,WorkdayHR,90.0,109,False,3288,Meets Expectations,60.1,routine_voluntary
E07050,2025-09-19,voluntary,Career advancement,True,False,Below Expectations,62600.0,E00673,push,Holly Lee,2016-05-10,2025-09-19,departed,Retail Banking,Management,1,Administration Officer,62600.0,0.98,Female,35-39,Southeast Asian,Casual,False,False,E00673,direct,NovaCorp-Origin,WorkdayHR,66.0,113,False,3419,High Performer,79.0,regrettable_attrition
E07070,2024-06-14,involuntary,Involuntary - restructure,False,False,Meets Expectations,162500.0,E11309,push,Michael Boyd,2016-06-26,2024-06-14,departed,Insurance,Client-Advisory,2,"Manager, Insurance",162500.0,0.89,Male,35-39,Prefer not to say,Full-time,False,True,E11309,agency,NovaCorp-Origin,WorkdayHR,69.0,97,False,2910,Meets Expectations,66.5,involuntary
E07074,2025-03-12,voluntary,Work-life balance,True,False,High Performer,140800.0,E08472,push,Christopher Ward,2016-07-02,2025-03-12,departed,Corporate Operations,Client-Advisory,1,Senior Adviser,140800.0,0.94,Non-binary,45-49,Anglo-Australian,Full-time,False,False,E08472,direct,NovaCorp-Origin,WorkdayHR,28.0,105,False,3175,Meets Expectations,70.3,routine_voluntary
E07087,2024-08-17,involuntary,Involuntary - restructure,False,False,Meets Expectations,131400.0,E00658,push,Krista Galvan,2016-07-17,2024-08-17,departed,Corporate Operations,Operations-Processing,1,Senior Analyst,131400.0,1.09,Female,45-49,Anglo-Australian,Full-time,False,True,E00658,referral,NovaCorp-Origin,WorkdayHR,85.0,98,False,2953,Outstanding,80.9,involuntary
E07109,2025-08-04,voluntary,Career advancement,True,False,High Performer,125000.0,E07764,push,Victor Jones,2016-09-03,2025-08-04,departed,Retail Banking,Technology,1,Senior Engineer,125000.0,0.97,Male,35-39,South Asian,Full-time,False,False,E07764,agency,NovaCorp-Origin,WorkdayHR,22.0,108,False,3257,Unsatisfactory,35.5,routine_voluntary
E07118,2024-10-12,voluntary,Work-life balance,False,False,High Performer,141400.0,E01917,push,Tanya Cardenas,2016-09-18,2024-10-12,departed,Retail Banking,Risk-Compliance,2,"Manager, Retail Banking",141400.0,1.05,Female,40-44,Southeast Asian,Full-time,False,False,E01917,direct,NovaCorp-Origin,WorkdayHR,15.0,98,False,2946,Meets Expectations,64.2,routine_voluntary
E07123,2025-02-07,voluntary,Career advancement,True,False,Outstanding,102100.0,E02826,pull,Penny Golden,2016-09-25,2025-02-07,departed,Retail Banking,Risk-Compliance,1,Risk Analyst,102100.0,0.93,Female,25-29,Anglo-Australian,Part-time,False,False,E02826,agency,NovaCorp-Origin,WorkdayHR,69.0,101,False,3057,High Performer,69.3,regrettable_attrition
E07126,2024-05-31,voluntary,Career advancement,True,True,Meets Expectations,65400.0,E04875,pull,Brian Jordan,2016-09-27,2024-05-31,departed,Risk & Compliance,Client-Advisory,1,Client Service Officer,65400.0,0.84,Male,45-49,Anglo-Australian,Full-time,True,False,E04875,direct,NovaCorp-Origin,WorkdayHR,73.0,93,False,2803,High Performer,78.5,regrettable_attrition
E07128,2024-12-13,voluntary,Career advancement,True,True,High Performer,72000.0,E01712,pull,Derrick Brown,2016-09-28,2024-12-13,departed,Technology,Corporate-Support,1,Graduate,72000.0,0.92,Prefer not to say,35-39,Anglo-Australian,Full-time,True,False,E01712,referral,NovaCorp-Origin,WorkdayHR,56.0,99,False,2998,Meets Expectations,71.5,regrettable_attrition
E07131,2025-03-31,voluntary,Better opportunity,True,False,Meets Expectations,55100.0,E09655,pull,Daniel Delacruz,2016-10-04,2025-03-31,departed,Technology,Operations-Processing,1,Processing Officer,55100.0,1.04,Male,25-29,South Asian,Full-time,False,False,E09655,agency,NovaCorp-Origin,WorkdayHR,44.0,103,False,3100,Meets Expectations,64.0,routine_voluntary
E07158,2024-11-29,voluntary,Career advancement,False,False,High Performer,67600.0,E02121,push,Peter Francis,2016-11-06,2024-11-29,departed,Insurance,Corporate-Support,1,Graduate,67600.0,0.88,Male,25-29,East Asian,Full-time,False,True,E02121,agency,NovaCorp-Origin,WorkdayHR,21.0,98,False,2945,Below Expectations,35.2,routine_voluntary
E07188,2024-12-28,voluntary,Career advancement,True,False,Meets Expectations,70500.0,E13309,pull,Matthew Howard,2016-12-25,2024-12-28,departed,Risk & Compliance,Management,1,Administration Officer,70500.0,1.01,Male,45-49,Anglo-Australian,Part-time,False,True,E13309,acquisition,NovaCorp-Origin,WorkdayHR,23.0,97,False,2925,High Performer,72.8,regrettable_attrition
E07197,2024-03-18,involuntary,Involuntary - conduct,False,False,Meets Expectations,58400.0,E02925,push,Rodney Wagner,2017-01-04,2024-03-18,departed,Retail Banking,Management,1,Administration Officer,58400.0,1.04,Male,30-34,Anglo-Australian,Full-time,False,False,E02925,referral,NovaCorp-Origin,WorkdayHR,51.0,87,False,2630,High Performer,71.2,involuntary
E07216,2024-07-31,involuntary,Involuntary - performance,True,False,Below Expectations,124800.0,E08155,push,Karen Santos,2017-02-06,2024-07-31,departed,Technology,Risk-Compliance,1,Senior Risk Analyst,124800.0,0.92,Female,40-44,South Asian,Full-time,False,False,E08155,direct,NovaCorp-Origin,WorkdayHR,44.0,91,False,2732,High Performer,64.3,involuntary
E07217,2025-05-30,voluntary,Better opportunity,True,False,High Performer,81300.0,E09582,pull,Dennis Rich,2017-02-06,2025-05-30,departed,Technology,Technology,1,Junior Developer,81300.0,0.91,Male,30-34,South Asian,Part-time,False,False,E09582,referral,NovaCorp-Origin,WorkdayHR,64.0,101,False,3035,High Performer,72.6,regrettable_attrition
E07230,2025-07-13,voluntary,Better opportunity,True,True,Meets Expectations,101600.0,E00697,push,Hayden Montes,2017-02-21,2025-07-13,departed,Risk & Compliance,Risk-Compliance,1,Risk Analyst,101600.0,0.99,Male,35-39,Southeast Asian,Casual,False,False,E00697,agency,NovaCorp-Origin,WorkdayHR,82.0,102,False,3064,Below Expectations,61.2,routine_voluntary
E07237,2024-07-12,voluntary,Career advancement,True,False,High Performer,75500.0,E11503,pull,Tanya Trevino,2017-03-02,2024-07-12,departed,Corporate Operations,Management,1,Administration Officer,75500.0,1.05,Female,25-29,Anglo-Australian,Full-time,False,False,E11503,direct,NovaCorp-Origin,WorkdayHR,32.0,89,False,2689,Meets Expectations,75.5,routine_voluntary
E07257,2025-07-31,involuntary,Involuntary - performance,True,False,Unsatisfactory,55000.0,E01597,push,Jackson Fuller,2017-04-03,2025-07-31,departed,Corporate Operations,Corporate-Support,1,Graduate,55000.0,0.92,Non-binary,40-44,Latin American,Full-time,False,False,E01597,graduate,NovaCorp-Origin,WorkdayHR,44.0,101,False,3041,Below Expectations,30.4,involuntary
E07277,2025-11-07,voluntary,Work-life balance,False,False,Below Expectations,70200.0,E02519,push,Brenda Weber,2017-05-02,2025-11-07,departed,Retail Banking,Corporate-Support,1,Graduate,70200.0,1.0,Female,25-29,Anglo-Australian,Full-time,False,False,E02519,agency,NovaCorp-Origin,WorkdayHR,85.0,103,False,3111,High Performer,71.3,regrettable_attrition
E07296,2024-06-26,voluntary,Career advancement,True,False,High Performer,77600.0,E03142,pull,Robert Pham,2017-06-01,2024-06-26,departed,Corporate Operations,Client-Advisory,1,Client Service Officer,77600.0,1.0,Male,40-44,East Asian,Full-time,False,True,E03142,direct,NovaCorp-Origin,WorkdayHR,84.0,86,False,2582,Meets Expectations,66.8,routine_voluntary
E07309,2024-04-19,voluntary,Career advancement,True,False,High Performer,234000.0,E05222,pull,Mary Gonzales,2017-06-26,2024-04-19,departed,Risk & Compliance,Management,3,"Senior Manager, Risk & Compliance",234000.0,0.93,Female,35-39,Anglo-Australian,Full-time,False,False,E05222,agency,NovaCorp-Origin,WorkdayHR,58.0,82,False,2489,Meets Expectations,83.2,routine_voluntary
E07310,2024-05-28,voluntary,Career advancement,True,False,Meets Expectations,78000.0,E02471,push,Ashley Wheeler,2017-06-27,2024-05-28,departed,Insurance,Corporate-Support,1,Graduate,78000.0,1.07,Female,30-34,Anglo-Australian,Full-time,False,False,E02471,agency,NovaCorp-Origin,WorkdayHR,33.0,84,False,2527,Meets Expectations,60.8,routine_voluntary
E07327,2024-04-19,voluntary,Career advancement,True,False,High Performer,116000.0,E05486,push,Laura Knight,2017-07-11,2024-04-19,departed,Technology,Risk-Compliance,1,Senior Risk Analyst,116000.0,0.98,Female,25-29,Southeast Asian,Full-time,False,False,E05486,direct,NovaCorp-Origin,WorkdayHR,55.0,82,False,2474,Meets Expectations,58.2,routine_voluntary
E07340,2025-01-24,voluntary,Career advancement,True,False,High Performer,244400.0,E00132,pull,Nicole Tate,2017-07-23,2025-01-24,departed,Retail Banking,Management,4,"Director, Retail Banking",244400.0,1.02,Non-binary,35-39,East Asian,Part-time,False,False,E00132,acquisition,NovaCorp-Origin,WorkdayHR,66.0,91,False,2742,Meets Expectations,70.1,routine_voluntary
E07345,2025-03-21,voluntary,Better opportunity,True,False,Below Expectations,181800.0,E01396,push,Mary Murray,2017-08-03,2025-03-21,departed,Technology,Corporate-Support,2,"Manager, Technology",181800.0,1.0,Female,35-39,South Asian,Full-time,False,False,E01396,direct,NovaCorp-Origin,WorkdayHR,72.0,92,False,2787,Meets Expectations,74.4,routine_voluntary
E07357,2024-11-29,voluntary,Career advancement,True,False,Meets Expectations,94800.0,E00544,push,Michael Powell,2017-08-22,2024-11-29,departed,Corporate Operations,Technology,1,Engineer,94800.0,0.9,Male,35-39,Anglo-Australian,Part-time,False,False,E00544,agency,NovaCorp-Origin,WorkdayHR,37.0,88,False,2656,High Performer,77.8,regrettable_attrition
E07365,2025-08-29,voluntary,Study/career change,True,False,Meets Expectations,79200.0,E01974,push,Cynthia Smith,2017-09-05,2025-08-29,departed,Wealth Management,Corporate-Support,1,Graduate,79200.0,0.9,Female,25-29,Anglo-Australian,Full-time,False,False,E01974,agency,NovaCorp-Origin,WorkdayHR,63.0,97,False,2915,High Performer,94.6,regrettable_attrition
E07366,2024-11-01,voluntary,Career advancement,True,False,Meets Expectations,66500.0,E02135,push,Kimberly Davis,2017-09-07,2024-11-01,departed,Retail Banking,Technology,1,Junior Developer,66500.0,1.0,Female,40-44,Anglo-Australian,Part-time,False,False,E02135,agency,NovaCorp-Origin,WorkdayHR,62.0,87,False,2612,High Performer,77.5,regrettable_attrition
E07373,2024-07-12,voluntary,Career advancement,True,False,Meets Expectations,152500.0,E09585,push,Alexander Davis,2017-09-11,2024-07-12,departed,Retail Banking,Corporate-Support,2,"Manager, Retail Banking",152500.0,1.0,Male,35-39,Anglo-Australian,Full-time,False,False,E09585,referral,NovaCorp-Origin,WorkdayHR,33.0,83,False,2496,High Performer,87.0,regrettable_attrition
E07382,2025-02-06,voluntary,Career advancement,True,True,Outstanding,100400.0,E01741,pull,Susan Griffin,2017-09-21,2025-02-06,departed,Risk & Compliance,Operations-Processing,1,Analyst,100400.0,1.03,Non-binary,35-39,Anglo-Australian,Full-time,False,False,E01741,agency,NovaCorp-Origin,WorkdayHR,17.0,89,False,2695,High Performer,90.6,regrettable_attrition
E07386,2024-11-02,voluntary,Career advancement,True,False,High Performer,93500.0,E02138,pull,Austin Tyler,2017-09-23,2024-11-02,departed,Technology,Client-Advisory,1,Adviser,93500.0,1.01,Male,40-44,Anglo-Australian,Full-time,False,False,E02138,agency,NovaCorp-Origin,WorkdayHR,16.0,86,False,2597,High Performer,81.6,regrettable_attrition
E07420,2024-02-08,voluntary,Career advancement,True,True,Outstanding,58400.0,E03427,pull,Paul Short,2017-11-14,2024-02-08,departed,Corporate Operations,Corporate-Support,1,Graduate,58400.0,0.89,Male,25-29,Anglo-Australian,Full-time,True,False,E03427,direct,NovaCorp-Origin,WorkdayHR,71.0,75,False,2277,High Performer,81.8,regrettable_attrition
E07422,2025-02-19,voluntary,Career advancement,True,True,Outstanding,124700.0,E06782,pull,Katherine Davidson,2017-11-16,2025-02-19,departed,Risk & Compliance,Technology,1,Senior Engineer,124700.0,0.88,Female,25-29,Prefer not to say,Part-time,True,False,E06782,referral,NovaCorp-Origin,WorkdayHR,43.0,88,False,2652,High Performer,79.8,regrettable_attrition
E07428,2024-09-27,voluntary,Better opportunity,True,False,Outstanding,55300.0,E02177,pull,Jessica Hale,2017-11-24,2024-09-27,departed,Wealth Management,Client-Advisory,1,Client Service Officer,55300.0,0.96,Female,30-34,East Asian,Full-time,False,False,E02177,acquisition,NovaCorp-Origin,WorkdayHR,53.0,83,False,2499,Below Expectations,49.6,routine_voluntary
E07435,2024-10-11,voluntary,Career advancement,True,False,High Performer,133900.0,E09136,pull,Kelly Cox,2017-12-05,2024-10-11,departed,Risk & Compliance,Management,1,Team Leader,133900.0,1.03,Female,30-34,Anglo-Australian,Casual,False,True,E09136,graduate,NovaCorp-Origin,WorkdayHR,75.0,83,False,2502,High Performer,78.9,regrettable_attrition
E07437,2024-11-16,voluntary,Career advancement,True,False,High Performer,136700.0,E00620,push,Jacob Banks,2017-12-08,2024-11-16,departed,Wealth Management,Client-Advisory,1,Senior Adviser,136700.0,0.99,Male,25-29,Southeast Asian,Part-time,False,False,E00620,acquisition,NovaCorp-Origin,WorkdayHR,36.0,84,False,2535,Unsatisfactory,27.0,routine_voluntary
E07449,2025-03-21,voluntary,Better opportunity,True,False,High Performer,97000.0,E03071,pull,Rhonda Hernandez,2017-12-23,2025-03-21,departed,Corporate Operations,Technology,1,Engineer,97000.0,0.89,Female,30-34,Anglo-Australian,Full-time,False,False,E03071,graduate,NovaCorp-Origin,WorkdayHR,40.0,88,False,2645,Meets Expectations,68.4,routine_voluntary
E07450,2024-07-31,involuntary,Involuntary - performance,True,False,Unsatisfactory,144500.0,E01160,push,Melissa Phillips,2017-12-26,2024-07-31,departed,Corporate Operations,Technology,1,Senior Engineer,144500.0,1.02,Female,35-39,Anglo-Australian,Full-time,False,True,E01160,referral,NovaCorp-Origin,WorkdayHR,75.0,80,False,2409,High Performer,67.4,involuntary
E07456,2025-06-03,involuntary,Involuntary - restructure,False,False,High Performer,134200.0,E12493,push,Ariana Medina,2018-01-01,2025-06-03,departed,Insurance,Management,1,Team Leader,134200.0,0.88,Female,30-34,East Asian,Full-time,False,True,E12493,direct,NovaCorp-Origin,WorkdayHR,45.0,90,False,2710,Meets Expectations,65.0,involuntary
E07460,2024-04-30,involuntary,Involuntary - performance,False,False,Meets Expectations,132000.0,E10576,push,Austin Chaney,2018-01-07,2024-04-30,departed,Insurance,Operations-Processing,1,Senior Analyst,132000.0,0.97,Male,35-39,Pacific Islander,Full-time,False,False,E10576,graduate,NovaCorp-Origin,WorkdayHR,76.0,76,False,2305,High Performer,79.5,involuntary
E07463,2025-11-12,voluntary,Better opportunity,True,False,High Performer,120300.0,E10466,pull,Kristin Williams,2018-01-08,2025-11-12,departed,Retail Banking,Client-Advisory,1,Senior Adviser,120300.0,1.01,Female,35-39,East Asian,Part-time,False,False,E10466,acquisition,NovaCorp-Origin,WorkdayHR,31.0,95,False,2865,High Performer,81.9,regrettable_attrition
E07474,2024-02-24,voluntary,Career advancement,True,False,High Performer,56900.0,E02138,pull,Heather Diaz,2018-01-21,2024-02-24,departed,Technology,Technology,1,Junior Developer,56900.0,0.99,Female,40-44,European (non-Anglo),Full-time,False,False,E02138,referral,NovaCorp-Origin,WorkdayHR,58.0,74,False,2225,Meets Expectations,81.1,routine_voluntary
E07482,2024-07-29,voluntary,Compensation,True,False,High Performer,67200.0,E02773,push,Emily Brown,2018-02-05,2024-07-29,departed,Wealth Management,Technology,1,Junior Developer,67200.0,1.03,Female,40-44,Maori/Aboriginal & Torres Strait Islander,Full-time,False,False,E02773,direct,NovaCorp-Origin,WorkdayHR,53.0,78,False,2366,Below Expectations,46.3,routine_voluntary
E07487,2025-05-30,involuntary,Involuntary - conduct,True,False,Meets Expectations,125600.0,E13584,push,Dr. Jose Wolfe,2018-02-14,2025-05-30,departed,Risk & Compliance,Client-Advisory,1,Senior Adviser,125600.0,0.93,Male,25-29,South Asian,Full-time,False,False,E13584,referral,NovaCorp-Origin,WorkdayHR,37.0,88,False,2662,Below Expectations,41.6,involuntary
E07489,2025-03-31,voluntary,Career advancement,True,True,Outstanding,108900.0,E04174,pull,Robin Adkins,2018-02-17,2025-03-31,departed,Wealth Management,Risk-Compliance,1,Risk Analyst,108900.0,0.95,Female,30-34,Southeast Asian,Full-time,False,True,E04174,agency,NovaCorp-Origin,WorkdayHR,67.0,86,False,2599,Meets Expectations,58.4,routine_voluntary
E07491,2025-02-28,voluntary,Career advancement,True,False,Meets Expectations,78200.0,E07772,pull,Victoria Mcdonald,2018-02-23,2025-02-28,departed,Technology,Risk-Compliance,1,Compliance Officer,78200.0,0.91,Female,30-34,Anglo-Australian,Full-time,False,False,E07772,referral,NovaCorp-Origin,WorkdayHR,70.0,85,False,2562,Meets Expectations,85.5,routine_voluntary
E07499,2025-04-20,voluntary,Career advancement,True,False,Meets Expectations,91500.0,E04703,pull,Sean Burns,2018-03-03,2025-04-20,departed,Risk & Compliance,Corporate-Support,1,Specialist,91500.0,0.93,Male,30-34,Anglo-Australian,Part-time,False,True,E04703,direct,NovaCorp-Origin,WorkdayHR,36.0,86,False,2605,Meets Expectations,54.6,routine_voluntary
E07500,2024-07-31,voluntary,Better opportunity,True,False,Meets Expectations,124100.0,E02726,push,Lindsey Chen,2018-03-05,2024-07-31,departed,Insurance,Technology,1,Senior Engineer,124100.0,0.96,Female,35-39,Middle Eastern,Full-time,False,False,E02726,graduate,NovaCorp-Origin,WorkdayHR,77.0,78,False,2340,Below Expectations,45.0,routine_voluntary
E07516,2024-08-04,voluntary,Career advancement,True,False,Below Expectations,74200.0,E01413,push,Kurt Bailey,2018-03-21,2024-08-04,departed,Retail Banking,Risk-Compliance,1,Compliance Officer,74200.0,0.97,Male,35-39,Anglo-Australian,Full-time,False,False,E01413,referral,NovaCorp-Origin,WorkdayHR,63.0,77,False,2328,Below Expectations,51.6,routine_voluntary
E07517,2025-05-16,involuntary,Involuntary - restructure,True,False,Meets Expectations,149400.0,E07776,push,Crystal Griffith,2018-03-21,2025-05-16,departed,Retail Banking,Risk-Compliance,2,"Manager, Retail Banking",149400.0,1.06,Female,45-49,Anglo-Australian,Full-time,False,True,E07776,acquisition,NovaCorp-Origin,WorkdayHR,86.0,87,False,2613,Meets Expectations,65.0,involuntary
E07540,2025-10-05,voluntary,Career advancement,True,False,High Performer,55000.0,E02756,pull,Robert Chapman,2018-04-18,2025-10-05,departed,Retail Banking,Risk-Compliance,1,Compliance Officer,55000.0,1.03,Male,40-44,Anglo-Australian,Full-time,False,False,E02756,agency,NovaCorp-Origin,WorkdayHR,56.0,90,False,2727,Meets Expectations,68.5,routine_voluntary
E07556,2025-04-11,voluntary,Career advancement,True,False,Below Expectations,73300.0,E10329,push,Justin Williams,2018-05-12,2025-04-11,departed,Risk & Compliance,Operations-Processing,1,Processing Officer,73300.0,0.89,Male,40-44,Anglo-Australian,Full-time,False,False,E10329,agency,NovaCorp-Origin,WorkdayHR,63.0,84,False,2526,High Performer,80.1,regrettable_attrition
E07595,2024-10-31,voluntary,Better opportunity,True,True,Outstanding,84300.0,E03363,pull,Kristen Castillo,2018-06-24,2024-10-31,departed,Risk & Compliance,Management,1,Administration Officer,84300.0,0.9,Female,40-44,Prefer not to say,Full-time,False,False,E03363,referral,NovaCorp-Origin,WorkdayHR,57.0,77,False,2321,Below Expectations,43.9,routine_voluntary
E07607,2024-01-31,voluntary,Work-life balance,True,False,Meets Expectations,115600.0,E02665,push,Steven Austin,2018-07-16,2024-01-31,departed,Insurance,Corporate-Support,1,Senior Specialist,115600.0,0.98,Male,25-29,Anglo-Australian,Full-time,False,False,E02665,direct,NovaCorp-Origin,WorkdayHR,66.0,67,False,2025,Meets Expectations,62.5,routine_voluntary
E07625,2025-04-21,voluntary,Career advancement,True,True,Outstanding,252000.0,E06357,pull,Jeffrey Allen,2018-08-06,2025-04-21,departed,Retail Banking,Technology,4,"Director, Retail Banking",252000.0,1.01,Male,30-34,Anglo-Australian,Full-time,False,False,E06357,graduate,NovaCorp-Origin,WorkdayHR,21.0,81,False,2450,Meets Expectations,57.0,routine_voluntary
E07636,2024-05-14,involuntary,Involuntary - performance,True,False,Unsatisfactory,61600.0,E00290,push,Ian Porter,2018-08-17,2024-05-14,departed,Insurance,Management,1,Administration Officer,61600.0,0.82,Non-binary,25-29,Anglo-Australian,Full-time,True,False,E00290,direct,NovaCorp-Origin,WorkdayHR,79.0,69,False,2097,Meets Expectations,67.2,involuntary
E07644,2024-10-24,involuntary,Involuntary - performance,True,False,Below Expectations,89200.0,E02722,push,Matthew Hoffman,2018-09-01,2024-10-24,departed,Technology,Technology,1,Engineer,89200.0,0.92,Male,45-49,South Asian,Full-time,False,False,E02722,acquisition,NovaCorp-Origin,WorkdayHR,65.0,74,False,2245,Below Expectations,61.2,involuntary
E07661,2025-10-10,voluntary,Better opportunity,True,False,High Performer,95400.0,E00373,pull,Dennis Thompson,2018-09-28,2025-10-10,departed,Technology,Corporate-Support,1,Specialist,95400.0,1.02,Male,30-34,Anglo-Australian,Casual,False,True,E00373,agency,NovaCorp-Origin,WorkdayHR,19.0,85,False,2569,Meets Expectations,57.0,routine_voluntary
E07663,2025-08-25,involuntary,Involuntary - restructure,False,False,High Performer,121800.0,E02259,push,Mr. Jacob Schultz,2018-09-30,2025-08-25,departed,Technology,Risk-Compliance,1,Senior Risk Analyst,121800.0,0.97,Male,40-44,African,Full-time,True,False,E02259,agency,NovaCorp-Origin,WorkdayHR,89.0,84,False,2521,Meets Expectations,56.1,involuntary
E07678,2025-01-10,voluntary,Career advancement,True,False,High Performer,55000.0,E01064,pull,Lisa Hansen,2018-10-22,2025-01-10,departed,Retail Banking,Client-Advisory,1,Client Service Officer,55000.0,0.97,Female,25-29,East Asian,Full-time,False,False,E01064,referral,NovaCorp-Origin,WorkdayHR,24.0,75,False,2272,Meets Expectations,63.6,routine_voluntary
E07686,2025-06-27,voluntary,Career advancement,True,False,Below Expectations,104900.0,E14312,push,Robin Thompson,2018-11-03,2025-06-27,departed,Corporate Operations,Management,1,Coordinator,104900.0,0.97,Female,35-39,European (non-Anglo),Full-time,False,False,E14312,agency,NovaCorp-Origin,WorkdayHR,25.0,80,False,2428,Meets Expectations,55.0,routine_voluntary
E07698,2024-12-13,voluntary,Career advancement,True,True,Outstanding,155300.0,E13314,push,Pamela Watkins,2018-12-04,2024-12-13,departed,Technology,Corporate-Support,2,"Manager, Technology",155300.0,0.98,Female,35-39,Middle Eastern,Full-time,False,True,E13314,direct,NovaCorp-Origin,WorkdayHR,23.0,73,False,2201,Outstanding,86.9,regrettable_attrition
E07709,2025-08-01,involuntary,Involuntary - performance,False,False,Unsatisfactory,72200.0,E00181,push,Diana Lewis,2018-12-12,2025-08-01,departed,Technology,Corporate-Support,1,Graduate,72200.0,0.89,Female,30-34,Anglo-Australian,Full-time,True,False,E00181,agency,NovaCorp-Origin,WorkdayHR,62.0,80,False,2424,Below Expectations,50.9,involuntary
E07711,2024-06-07,voluntary,Relocation,False,False,Meets Expectations,118900.0,E01477,push,Sharon Pennington,2018-12-13,2024-06-07,departed,Retail Banking,Corporate-Support,1,Senior Specialist,118900.0,0.88,Female,30-34,Anglo-Australian,Full-time,False,False,E01477,direct,NovaCorp-Origin,WorkdayHR,67.0,66,False,2003,Meets Expectations,65.4,routine_voluntary
E07735,2025-07-25,voluntary,Career advancement,True,False,Meets Expectations,147800.0,E14217,push,Alexandria Butler,2019-01-14,2025-07-25,departed,Retail Banking,Risk-Compliance,1,Senior Risk Analyst,147800.0,0.98,Female,40-44,East Asian,Full-time,False,False,E14217,referral,NovaCorp-Origin,WorkdayHR,21.0,79,False,2384,Meets Expectations,68.4,routine_voluntary
E07757,2024-03-23,voluntary,Career advancement,True,False,Meets Expectations,66500.0,E10337,push,Ryan Mcmillan,2019-02-16,2024-03-23,departed,Risk & Compliance,Corporate-Support,1,Graduate,66500.0,0.89,Male,40-44,Anglo-Australian,Full-time,False,False,E10337,agency,NovaCorp-Origin,WorkdayHR,33.0,62,False,1862,High Performer,70.9,regrettable_attrition
E07775,2024-02-27,voluntary,Better opportunity,True,False,Meets Expectations,74700.0,E02978,pull,Melissa Evans,2019-03-16,2024-02-27,departed,Risk & Compliance,Management,1,Administration Officer,74700.0,0.93,Female,35-39,Southeast Asian,Full-time,False,True,E02978,acquisition,NovaCorp-Origin,WorkdayHR,63.0,60,False,1809,Meets Expectations,56.6,routine_voluntary
E07791,2024-12-07,voluntary,Career advancement,True,True,Outstanding,110000.0,E01417,pull,James Smith,2019-04-16,2024-12-07,departed,Insurance,Management,1,Coordinator,110000.0,0.99,Male,18-24,Anglo-Australian,Full-time,False,False,E01417,direct,NovaCorp-Origin,WorkdayHR,31.0,68,False,2062,High Performer,80.2,regrettable_attrition
E07798,2025-05-23,voluntary,Career advancement,True,False,High Performer,62100.0,E02864,pull,Sean Andrews II,2019-04-26,2025-05-23,departed,Insurance,Corporate-Support,1,Graduate,62100.0,0.94,Male,25-29,European (non-Anglo),Full-time,False,True,E02864,agency,NovaCorp-Origin,WorkdayHR,89.0,73,False,2219,Below Expectations,21.0,routine_voluntary
E07820,2024-05-06,involuntary,Involuntary - performance,False,False,Meets Expectations,85000.0,E02760,push,Luis Wright,2019-05-24,2024-05-06,departed,Risk & Compliance,Risk-Compliance,1,Risk Analyst,85000.0,1.02,Male,25-29,Middle Eastern,Full-time,False,False,E02760,agency,NovaCorp-Origin,WorkdayHR,31.0,60,False,1809,Meets Expectations,60.6,involuntary
E07834,2025-11-07,involuntary,Involuntary - performance,False,False,Unsatisfactory,97900.0,E13148,push,Luis Hill,2019-06-11,2025-11-07,departed,Technology,Operations-Processing,1,Analyst,97900.0,1.11,Male,25-29,Anglo-Australian,Full-time,False,False,E13148,direct,NovaCorp-Origin,WorkdayHR,55.0,78,False,2341,Meets Expectations,66.3,involuntary
E07838,2024-03-29,voluntary,Better opportunity,True,True,Outstanding,91300.0,E01194,pull,Kimberly Hunter,2019-06-13,2024-03-29,departed,Retail Banking,Management,1,Coordinator,91300.0,1.03,Prefer not to say,25-29,Anglo-Australian,Part-time,False,False,E01194,direct,NovaCorp-Origin,WorkdayHR,25.0,58,False,1751,Below Expectations,39.1,routine_voluntary
E07850,2024-08-25,voluntary,Career advancement,True,False,Meets Expectations,104100.0,E11029,pull,Robert Watson,2019-06-29,2024-08-25,departed,Executive Leadership,Risk-Compliance,1,Risk Analyst,104100.0,0.99,Male,30-34,South Asian,Full-time,False,False,E11029,direct,NovaCorp-Origin,WorkdayHR,79.0,62,False,1884,High Performer,80.4,regrettable_attrition
E07865,2024-03-16,voluntary,Career advancement,True,False,Outstanding,104000.0,E14259,pull,Lisa Rodgers,2019-07-19,2024-03-16,departed,Retail Banking,Technology,1,Engineer,104000.0,0.98,Female,30-34,European (non-Anglo),Full-time,False,True,E14259,agency,NovaCorp-Origin,WorkdayHR,26.0,56,False,1702,Meets Expectations,66.4,routine_voluntary
E07880,2025-03-05,voluntary,Career advancement,True,False,Meets Expectations,88700.0,E02962,push,Theresa Park,2019-08-13,2025-03-05,departed,Insurance,Technology,1,Engineer,88700.0,0.85,Female,45-49,Anglo-Australian,Full-time,False,False,E02962,direct,NovaCorp-Origin,WorkdayHR,21.0,67,False,2031,Meets Expectations,72.6,routine_voluntary
E07884,2024-03-29,voluntary,Better opportunity,True,True,High Performer,60600.0,E01300,pull,Chelsea Andersen,2019-08-23,2024-03-29,departed,Corporate Operations,Corporate-Support,1,Graduate,60600.0,0.95,Female,25-29,Anglo-Australian,Full-time,True,False,E01300,agency,NovaCorp-Origin,WorkdayHR,69.0,56,False,1680,Meets Expectations,81.4,regrettable_attrition
E07893,2025-06-25,voluntary,Better opportunity,True,False,Meets Expectations,104100.0,E05696,pull,Ashley Shepard,2019-09-06,2025-06-25,departed,Technology,Technology,1,Engineer,104100.0,0.96,Female,30-34,European (non-Anglo),Full-time,False,True,E05696,agency,NovaCorp-Origin,WorkdayHR,54.0,70,False,2119,Meets Expectations,62.2,routine_voluntary
E07906,2025-10-11,voluntary,Better opportunity,True,False,Meets Expectations,155800.0,E00423,push,Kayla Gonzalez,2019-09-17,2025-10-11,departed,Wealth Management,Client-Advisory,2,"Manager, Wealth Management",155800.0,0.96,Female,40-44,Southeast Asian,Full-time,False,False,E00423,agency,NovaCorp-Origin,WorkdayHR,40.0,73,False,2216,Outstanding,89.1,regrettable_attrition
E07910,2024-06-28,involuntary,Involuntary - performance,False,False,Unsatisfactory,112400.0,E14150,push,Maurice Compton,2019-09-21,2024-06-28,departed,Technology,Management,1,Coordinator,112400.0,1.0,Male,40-44,Anglo-Australian,Full-time,False,False,E14150,agency,NovaCorp-Origin,WorkdayHR,72.0,58,False,1742,Meets Expectations,66.1,involuntary
E07914,2024-06-02,involuntary,Involuntary - performance,False,False,Below Expectations,75400.0,E02159,push,Jennifer Williams,2019-09-23,2024-06-02,departed,Technology,Technology,1,Junior Developer,75400.0,0.83,Female,30-34,European (non-Anglo),Full-time,False,False,E02159,direct,NovaCorp-Origin,WorkdayHR,57.0,57,False,1714,High Performer,87.4,involuntary
E07921,2025-08-29,voluntary,Career advancement,True,False,Meets Expectations,156300.0,E07509,push,Roberto Chavez,2019-10-04,2025-08-29,departed,Technology,Corporate-Support,2,"Manager, Technology",156300.0,0.94,Male,25-29,European (non-Anglo),Part-time,False,False,E07509,graduate,NovaCorp-Origin,WorkdayHR,90.0,71,False,2156,High Performer,91.2,regrettable_attrition
E07940,2024-06-28,voluntary,Work-life balance,True,False,Unsatisfactory,81800.0,E03066,push,Stephanie Johnson,2019-11-17,2024-06-28,departed,Retail Banking,Corporate-Support,1,Graduate,81800.0,0.88,Female,25-29,Anglo-Australian,Full-time,False,False,E03066,agency,NovaCorp-Origin,WorkdayHR,16.0,56,False,1685,Below Expectations,22.2,routine_voluntary
E07967,2025-01-23,involuntary,Involuntary - restructure,True,False,Meets Expectations,211400.0,E07493,push,Jennifer Weaver,2020-01-02,2025-01-23,departed,Technology,Client-Advisory,3,"Senior Manager, Technology",211400.0,0.96,Prefer not to say,35-39,Anglo-Australian,Full-time,False,True,E07493,graduate,NovaCorp-Origin,WorkdayHR,17.0,61,False,1848,Meets Expectations,60.4,involuntary
E07985,2024-05-31,voluntary,Career advancement,True,False,Below Expectations,131100.0,E00562,push,Amanda Delacruz,2020-01-28,2024-05-31,departed,Risk & Compliance,Corporate-Support,2,"Manager, Risk & Compliance",131100.0,1.03,Female,35-39,European (non-Anglo),Part-time,False,True,E00562,agency,NovaCorp-Origin,WorkdayHR,73.0,52,False,1585,Meets Expectations,63.4,routine_voluntary
E07993,2024-04-19,voluntary,Career advancement,True,False,Meets Expectations,83100.0,E00040,push,Elizabeth Davis,2020-02-14,2024-04-19,departed,Risk & Compliance,Operations-Processing,1,Processing Officer,83100.0,0.97,Female,40-44,Anglo-Australian,Full-time,False,True,E00040,acquisition,NovaCorp-Origin,WorkdayHR,29.0,50,False,1526,Meets Expectations,62.6,routine_voluntary
E07995,2024-09-09,voluntary,Career advancement,True,False,Outstanding,110600.0,E01164,push,Donna Martinez,2020-02-16,2024-09-09,departed,Retail Banking,Technology,1,Engineer,110600.0,1.03,Female,40-44,Anglo-Australian,Full-time,False,True,E01164,referral,NovaCorp-Origin,WorkdayHR,40.0,55,False,1667,Below Expectations,47.7,routine_voluntary
E08000,2025-06-13,voluntary,Better opportunity,True,True,Meets Expectations,108800.0,E05579,pull,Alexander Lynch,2020-02-21,2025-06-13,departed,Retail Banking,Client-Advisory,1,Adviser,108800.0,0.82,Male,30-34,East Asian,Full-time,True,True,E05579,acquisition,NovaCorp-Origin,WorkdayHR,22.0,64,False,1939,Meets Expectations,64.2,regrettable_attrition
E08024,2025-02-07,voluntary,Compensation,True,False,Meets Expectations,93400.0,E10958,push,Michele Wheeler,2020-03-18,2025-02-07,departed,Retail Banking,Client-Advisory,1,Adviser,93400.0,0.93,Female,40-44,Anglo-Australian,Full-time,False,False,E10958,agency,NovaCorp-Origin,WorkdayHR,48.0,59,False,1787,Meets Expectations,79.5,routine_voluntary
E08029,2025-10-31,voluntary,Compensation,True,False,Below Expectations,127400.0,E02781,push,Roy Drake,2020-03-31,2025-10-31,departed,Technology,Risk-Compliance,1,Senior Risk Analyst,127400.0,1.03,Male,40-44,South Asian,Full-time,False,False,E02781,graduate,NovaCorp-Origin,WorkdayHR,66.0,68,False,2040,Meets Expectations,65.0,routine_voluntary
E08042,2024-08-30,voluntary,Career advancement,True,False,Meets Expectations,111200.0,E13099,push,Sheryl Barrett,2020-04-26,2024-08-30,departed,Retail Banking,Management,1,Coordinator,111200.0,0.99,Female,18-24,African,Full-time,False,True,E13099,referral,NovaCorp-Origin,WorkdayHR,28.0,52,False,1587,High Performer,74.8,regrettable_attrition
E08054,2025-02-28,voluntary,Career advancement,True,False,Below Expectations,106300.0,E08076,push,Michael Johnson,2020-05-24,2025-02-28,departed,Risk & Compliance,Operations-Processing,1,Analyst,106300.0,1.01,Male,40-44,East Asian,Fixed-term,False,False,E08076,acquisition,NovaCorp-Origin,WorkdayHR,67.0,58,False,1741,High Performer,75.7,regrettable_attrition
E08061,2024-11-15,voluntary,Career advancement,True,True,Outstanding,142400.0,E02100,pull,Robert Rose,2020-06-01,2024-11-15,departed,Corporate Operations,Client-Advisory,2,"Manager, Corporate Operations",142400.0,0.95,Male,18-24,Anglo-Australian,Casual,True,True,E02100,agency,NovaCorp-Origin,WorkdayHR,50.0,54,False,1628,High Performer,71.8,regrettable_attrition
E08063,2025-09-30,voluntary,Career advancement,True,False,Meets Expectations,233000.0,E07693,push,Peter Martin,2020-06-02,2025-09-30,departed,Technology,Client-Advisory,3,"Senior Manager, Technology",233000.0,0.98,Male,40-44,South Asian,Fixed-term,False,False,E07693,graduate,NovaCorp-Origin,WorkdayHR,66.0,64,False,1946,High Performer,75.4,regrettable_attrition
E08069,2025-01-10,involuntary,Involuntary - restructure,False,False,High Performer,134100.0,E06940,push,Kara Lewis,2020-06-07,2025-01-10,departed,Insurance,Management,2,"Manager, Insurance",134100.0,1.05,Female,18-24,Southeast Asian,Full-time,False,False,E06940,referral,NovaCorp-Origin,WorkdayHR,76.0,55,False,1678,Meets Expectations,51.3,involuntary
E08072,2024-05-17,involuntary,Involuntary - performance,True,False,Below Expectations,155500.0,E12449,push,Kathleen Allen,2020-06-12,2024-05-17,departed,Insurance,Corporate-Support,2,"Manager, Insurance",155500.0,0.99,Female,40-44,South Asian,Full-time,False,False,E12449,agency,NovaCorp-Origin,WorkdayHR,67.0,47,False,1435,Meets Expectations,66.8,involuntary
E08079,2025-02-21,involuntary,Involuntary - conduct,False,False,High Performer,161400.0,E10850,push,Cynthia Scott,2020-06-17,2025-02-21,departed,Retail Banking,Client-Advisory,2,"Manager, Retail Banking",161400.0,0.99,Female,40-44,Anglo-Australian,Full-time,False,False,E10850,agency,NovaCorp-Origin,WorkdayHR,49.0,57,False,1710,Outstanding,87.9,involuntary
E08082,2025-05-31,voluntary,Career advancement,True,False,Meets Expectations,90600.0,E03328,push,Justin Johnson,2020-06-21,2025-05-31,departed,Wealth Management,Management,1,Coordinator,90600.0,0.98,Male,30-34,Prefer not to say,Full-time,False,False,E03328,acquisition,NovaCorp-Origin,WorkdayHR,23.0,60,False,1805,Outstanding,87.6,regrettable_attrition
E08107,2025-10-31,involuntary,Involuntary - performance,False,False,Unsatisfactory,130500.0,E02862,push,Christopher Smith,2020-07-25,2025-10-31,departed,Technology,Client-Advisory,1,Senior Adviser,130500.0,0.94,Male,25-29,African,Full-time,False,False,E02862,agency,NovaCorp-Origin,WorkdayHR,37.0,64,False,1924,Unsatisfactory,36.7,involuntary
E08115,2025-03-29,voluntary,Better opportunity,True,False,Meets Expectations,129700.0,E09646,pull,Dean Wheeler,2020-08-03,2025-03-29,departed,Technology,Risk-Compliance,1,Senior Risk Analyst,129700.0,0.95,Male,30-34,Anglo-Australian,Part-time,False,True,E09646,direct,NovaCorp-Origin,WorkdayHR,85.0,56,False,1699,Meets Expectations,48.0,routine_voluntary
E08118,2024-11-12,voluntary,Career advancement,True,False,High Performer,67400.0,E00798,push,Dominic Martinez,2020-08-07,2024-11-12,departed,Technology,Corporate-Support,1,Graduate,67400.0,0.92,Male,25-29,Anglo-Australian,Full-time,False,True,E00798,referral,NovaCorp-Origin,WorkdayHR,65.0,51,False,1558,Meets Expectations,88.1,routine_voluntary
E08119,2025-11-28,voluntary,Better opportunity,True,False,High Performer,111400.0,E01806,pull,Marcia Norris,2020-08-09,2025-11-28,departed,Retail Banking,Client-Advisory,1,Adviser,111400.0,0.88,Female,40-44,Anglo-Australian,Full-time,True,False,E01806,direct,NovaCorp-Origin,WorkdayHR,25.0,64,False,1937,High Performer,82.6,regrettable_attrition
E08132,2024-06-21,voluntary,Career advancement,True,False,Below Expectations,144800.0,E09244,push,Bradley Huang,2020-08-23,2024-06-21,departed,Technology,Technology,2,"Manager, Technology",144800.0,1.07,Male,35-39,Southeast Asian,Casual,False,False,E09244,direct,NovaCorp-Origin,WorkdayHR,79.0,46,False,1398,Meets Expectations,60.0,routine_voluntary
E08152,2024-08-30,voluntary,Career advancement,True,False,High Performer,190700.0,E09066,push,Jane Morris,2020-09-23,2024-08-30,departed,Wealth Management,Management,3,"Senior Manager, Wealth Management",190700.0,0.87,Female,35-39,Southeast Asian,Full-time,False,False,E09066,agency,NovaCorp-Origin,WorkdayHR,65.0,47,True,1437,Meets Expectations,79.1,routine_voluntary
E08155,2025-02-21,involuntary,Involuntary - restructure,True,False,High Performer,158700.0,E00857,push,Andrea Ortega,2020-09-28,2025-02-21,departed,Technology,Risk-Compliance,2,"Manager, Technology",158700.0,0.99,Female,40-44,Anglo-Australian,Full-time,False,False,E00857,graduate,NovaCorp-Origin,WorkdayHR,67.0,53,False,1607,Meets Expectations,61.0,involuntary
E08170,2025-04-21,voluntary,Career advancement,True,False,Meets Expectations,136600.0,E06078,push,Melissa Stafford,2020-10-20,2025-04-21,departed,Risk & Compliance,Corporate-Support,1,Senior Specialist,136600.0,0.94,Female,35-39,Anglo-Australian,Part-time,False,True,E06078,agency,NovaCorp-Origin,WorkdayHR,49.0,54,False,1644,High Performer,94.4,regrettable_attrition
E08208,2024-11-29,voluntary,Career advancement,True,False,Meets Expectations,67100.0,E00850,push,Andrew Smith,2020-12-31,2024-11-29,departed,Risk & Compliance,Technology,1,Junior Developer,67100.0,1.07,Male,35-39,South Asian,Casual,False,False,E00850,agency,NovaCorp-Origin,WorkdayHR,62.0,47,False,1429,Meets Expectations,57.9,routine_voluntary
E08211,2024-04-18,voluntary,Career advancement,True,False,Meets Expectations,117800.0,E02677,push,Duane Dickerson,2021-01-01,2024-04-18,departed,Retail Banking,Technology,1,Senior Engineer,117800.0,0.92,Male,40-44,Latin American,Full-time,False,False,E02677,graduate,NovaCorp-Origin,WorkdayHR,81.0,40,False,1203,Meets Expectations,71.2,routine_voluntary
E08218,2024-09-06,voluntary,Career advancement,True,False,High Performer,69300.0,E04885,push,Amber Martin,2021-01-15,2024-09-06,departed,Retail Banking,Corporate-Support,1,Graduate,69300.0,0.98,Female,30-34,Anglo-Australian,Full-time,False,False,E04885,direct,NovaCorp-Origin,WorkdayHR,64.0,44,False,1330,Meets Expectations,65.8,routine_voluntary
E08233,2024-02-26,voluntary,Career advancement,True,False,High Performer,128400.0,E02084,push,Lisa Smith,2021-02-10,2024-02-26,departed,Corporate Operations,Operations-Processing,2,"Manager, Corporate Operations",128400.0,0.95,Female,35-39,African,Full-time,False,False,E02084,direct,NovaCorp-Origin,WorkdayHR,54.0,37,False,1111,High Performer,77.2,regrettable_attrition
E08234,2025-05-16,voluntary,Career advancement,True,False,High Performer,92900.0,E05878,push,Nicole Alexander,2021-02-12,2025-05-16,departed,Retail Banking,Management,1,Coordinator,92900.0,0.95,Female,30-34,Southeast Asian,Full-time,False,False,E05878,agency,NovaCorp-Origin,WorkdayHR,28.0,51,False,1554,Below Expectations,38.5,routine_voluntary
E08235,2024-02-29,involuntary,Involuntary - performance,True,False,Unsatisfactory,115300.0,E00846,push,Vanessa Ortiz,2021-02-13,2024-02-29,departed,Retail Banking,Client-Advisory,1,Senior Adviser,115300.0,0.97,Female,40-44,South Asian,Full-time,False,False,E00846,agency,NovaCorp-Origin,WorkdayHR,71.0,37,False,1111,Outstanding,92.4,involuntary
E08256,2024-08-30,voluntary,Career advancement,True,False,High Performer,147200.0,E01057,push,Barry Wilkerson,2021-03-08,2024-08-30,departed,Technology,Client-Advisory,2,"Manager, Technology",147200.0,1.05,Male,30-34,Anglo-Australian,Full-time,False,True,E01057,agency,NovaCorp-Origin,WorkdayHR,20.0,42,False,1271,Meets Expectations,60.0,routine_voluntary
E08276,2025-05-09,voluntary,Career advancement,True,False,Below Expectations,168200.0,E00175,push,David Williams,2021-03-31,2025-05-09,departed,Wealth Management,Technology,2,"Manager, Wealth Management",168200.0,1.03,Male,30-34,South Asian,Full-time,False,False,E00175,agency,NovaCorp-Origin,WorkdayHR,47.0,50,False,1500,Meets Expectations,53.9,routine_voluntary
E08277,2024-12-27,voluntary,Career advancement,True,False,Meets Expectations,111600.0,E06573,push,Cynthia Ponce,2021-04-02,2024-12-27,departed,Insurance,Client-Advisory,1,Adviser,111600.0,1.01,Female,35-39,South Asian,Full-time,False,True,E06573,graduate,NovaCorp-Origin,WorkdayHR,41.0,45,False,1365,High Performer,84.4,regrettable_attrition
E08285,2024-11-03,voluntary,Career advancement,True,False,Meets Expectations,58200.0,E00285,push,Mr. Larry Lee,2021-04-13,2024-11-03,departed,Technology,Risk-Compliance,1,Compliance Officer,58200.0,0.97,Male,30-34,Anglo-Australian,Fixed-term,False,False,E00285,direct,NovaCorp-Origin,WorkdayHR,67.0,43,False,1300,Below Expectations,46.6,routine_voluntary
E08293,2024-11-02,voluntary,Better opportunity,True,True,High Performer,64700.0,E02109,pull,Juan Cannon,2021-05-04,2024-11-02,departed,Insurance,Risk-Compliance,1,Compliance Officer,64700.0,0.9,Male,40-44,Southeast Asian,Full-time,True,True,E02109,agency,NovaCorp-Origin,WorkdayHR,26.0,42,False,1278,Below Expectations,55.8,regrettable_attrition
E08294,2025-01-18,voluntary,Career advancement,True,False,High Performer,56200.0,E06286,pull,Tracy Frye,2021-05-05,2025-01-18,departed,Technology,Technology,1,Junior Developer,56200.0,0.91,Female,25-29,East Asian,Fixed-term,False,False,E06286,direct,NovaCorp-Origin,WorkdayHR,36.0,45,False,1354,Meets Expectations,72.2,routine_voluntary
E08295,2025-02-08,involuntary,Involuntary - restructure,False,False,Meets Expectations,75700.0,E02454,push,Amanda Jones,2021-05-13,2025-02-08,departed,Technology,Corporate-Support,1,Graduate,75700.0,0.92,Female,25-29,Southeast Asian,Full-time,False,False,E02454,direct,NovaCorp-Origin,WorkdayHR,90.0,45,False,1367,Below Expectations,41.0,involuntary
E08300,2024-09-20,involuntary,Involuntary - restructure,True,False,Meets Expectations,205000.0,E02636,push,Ricky Williams,2021-05-17,2024-09-20,departed,Risk & Compliance,Client-Advisory,3,"Senior Manager, Risk & Compliance",205000.0,1.03,Male,30-34,Anglo-Australian,Full-time,False,False,E02636,graduate,NovaCorp-Origin,WorkdayHR,28.0,40,False,1222,Meets Expectations,60.6,involuntary
E08316,2025-10-30,voluntary,Personal reasons,False,False,Meets Expectations,60900.0,E07696,push,Whitney Swanson,2021-06-08,2025-10-30,departed,Corporate Operations,Operations-Processing,1,Processing Officer,60900.0,1.02,Female,25-29,Prefer not to say,Full-time,False,False,E07696,referral,NovaCorp-Origin,WorkdayHR,19.0,53,False,1605,High Performer,72.7,regrettable_attrition
E08317,2025-03-07,involuntary,Involuntary - performance,True,False,Meets Expectations,85600.0,E11186,push,Denise Harris,2021-06-08,2025-03-07,departed,Retail Banking,Client-Advisory,1,Adviser,85600.0,0.96,Female,30-34,Anglo-Australian,Part-time,False,False,E11186,agency,NovaCorp-Origin,WorkdayHR,67.0,45,False,1368,Outstanding,86.3,involuntary
E08330,2024-09-21,voluntary,Career advancement,True,False,Meets Expectations,77500.0,E01037,push,Jill Davies,2021-06-18,2024-09-21,departed,Risk & Compliance,Management,1,Administration Officer,77500.0,0.84,Female,35-39,Anglo-Australian,Full-time,False,True,E01037,agency,NovaCorp-Origin,WorkdayHR,90.0,39,False,1191,Below Expectations,51.7,routine_voluntary
E08333,2024-09-30,voluntary,Career advancement,True,False,Meets Expectations,176200.0,E05799,pull,Amber Summers,2021-06-22,2024-09-30,departed,Wealth Management,Management,3,"Senior Manager, Wealth Management",176200.0,1.01,Female,35-39,Anglo-Australian,Full-time,False,False,E05799,agency,NovaCorp-Origin,WorkdayHR,66.0,39,False,1196,Below Expectations,47.4,routine_voluntary
E08362,2024-03-01,voluntary,Career advancement,True,False,High Performer,123500.0,E00693,push,Andrew Conrad,2021-07-29,2024-03-01,departed,Wealth Management,Corporate-Support,2,"Manager, Wealth Management",123500.0,0.99,Male,18-24,Southeast Asian,Part-time,False,False,E00693,agency,NovaCorp-Origin,WorkdayHR,76.0,31,False,946,Meets Expectations,63.4,routine_voluntary
E08384,2025-10-17,voluntary,Better opportunity,True,False,Meets Expectations,136400.0,E00010,pull,Todd Buchanan,2021-08-31,2025-10-17,departed,Retail Banking,Management,1,Team Leader,136400.0,0.9,Non-binary,30-34,Middle Eastern,Part-time,False,False,E00010,acquisition,NovaCorp-Origin,WorkdayHR,25.0,50,False,1508,Meets Expectations,47.7,routine_voluntary
E08395,2024-07-01,voluntary,Career advancement,True,False,Meets Expectations,117900.0,E02959,push,Lynn Brown,2021-09-15,2024-07-01,departed,Risk & Compliance,Technology,1,Senior Engineer,117900.0,0.81,Female,35-39,Maori/Aboriginal & Torres Strait Islander,Part-time,False,False,E02959,direct,NovaCorp-Origin,WorkdayHR,50.0,34,False,1020,High Performer,81.8,regrettable_attrition
E08400,2025-07-04,involuntary,Involuntary - conduct,True,False,High Performer,59700.0,E03735,push,Stacy Andrews,2021-09-17,2025-07-04,departed,Wealth Management,Corporate-Support,1,Graduate,59700.0,0.95,Female,35-39,South Asian,Full-time,False,True,E03735,direct,NovaCorp-Origin,WorkdayHR,44.0,46,False,1386,High Performer,82.1,involuntary
E08401,2024-09-13,voluntary,Better opportunity,True,False,High Performer,167000.0,E03996,pull,Lynn Patrick,2021-09-22,2024-09-13,departed,Wealth Management,Operations-Processing,2,"Manager, Wealth Management",167000.0,1.14,Female,30-34,Anglo-Australian,Fixed-term,False,False,E03996,graduate,NovaCorp-Origin,WorkdayHR,35.0,36,False,1087,High Performer,77.1,regrettable_attrition
E08410,2024-09-17,voluntary,Better opportunity,True,False,Meets Expectations,73200.0,E04371,pull,Russell Erickson,2021-10-01,2024-09-17,departed,Insurance,Client-Advisory,1,Client Service Officer,73200.0,0.9,Male,35-39,Anglo-Australian,Full-time,False,False,E04371,graduate,NovaCorp-Origin,WorkdayHR,18.0,36,False,1082,High Performer,69.8,regrettable_attrition
E08412,2024-09-20,voluntary,Career advancement,True,False,Outstanding,71200.0,E08155,pull,Gloria Odom,2021-10-03,2024-09-20,departed,Technology,Management,1,Administration Officer,71200.0,1.06,Female,35-39,Anglo-Australian,Full-time,False,False,E08155,graduate,NovaCorp-Origin,WorkdayHR,15.0,36,False,1083,Outstanding,85.2,regrettable_attrition
E08455,2025-08-01,voluntary,Personal reasons,True,False,Meets Expectations,139600.0,E01357,push,Benjamin Griffith,2021-11-29,2025-08-01,departed,Technology,Technology,1,Senior Engineer,139600.0,1.03,Male,18-24,Middle Eastern,Full-time,False,False,E01357,agency,NovaCorp-Origin,WorkdayHR,31.0,44,False,1341,High Performer,68.0,regrettable_attrition
E08463,2024-05-25,voluntary,Better opportunity,True,False,High Performer,152400.0,E10861,pull,David Fernandez,2021-12-09,2024-05-25,departed,Risk & Compliance,Risk-Compliance,2,"Manager, Risk & Compliance",152400.0,0.89,Male,40-44,Anglo-Australian,Full-time,True,True,E10861,direct,NovaCorp-Origin,WorkdayHR,57.0,29,False,898,Outstanding,96.9,regrettable_attrition
E08466,2025-05-05,involuntary,Involuntary - performance,False,False,Meets Expectations,60800.0,E01893,push,Lawrence Herrera,2021-12-11,2025-05-05,departed,Wealth Management,Technology,1,Junior Developer,60800.0,1.0,Non-binary,40-44,Anglo-Australian,Part-time,False,False,E01893,acquisition,NovaCorp-Origin,WorkdayHR,58.0,41,False,1241,Meets Expectations,56.1,involuntary
E08479,2025-10-21,voluntary,Career advancement,True,False,High Performer,122000.0,E00548,push,Kenneth Underwood,2022-01-02,2025-10-21,departed,Insurance,Technology,1,Senior Engineer,122000.0,0.96,Male,35-39,Anglo-Australian,Full-time,False,False,E00548,agency,NovaCorp-Origin,WorkdayHR,21.0,46,False,1388,High Performer,49.9,regrettable_attrition
E08481,2024-06-28,involuntary,Involuntary - performance,False,False,Below Expectations,101600.0,E00742,push,Vanessa Schwartz,2022-01-04,2024-06-28,departed,Corporate Operations,Client-Advisory,1,Adviser,101600.0,0.88,Female,30-34,Anglo-Australian,Full-time,False,False,E00742,graduate,NovaCorp-Origin,WorkdayHR,75.0,30,False,906,Unsatisfactory,35.5,involuntary
E08486,2024-12-27,voluntary,Personal reasons,False,False,High Performer,142200.0,E01815,push,Diana Farmer,2022-01-09,2024-12-27,departed,Corporate Operations,Risk-Compliance,1,Senior Risk Analyst,142200.0,0.98,Female,25-29,Southeast Asian,Part-time,False,False,E01815,direct,NovaCorp-Origin,WorkdayHR,28.0,36,False,1083,Meets Expectations,64.6,routine_voluntary
E08508,2025-08-01,voluntary,Relocation,True,False,High Performer,132600.0,E07459,push,Philip Sanders,2022-02-04,2025-08-01,departed,Risk & Compliance,Corporate-Support,1,Senior Specialist,132600.0,0.95,Male,18-24,Anglo-Australian,Full-time,True,False,E07459,agency,NovaCorp-Origin,WorkdayHR,85.0,42,False,1274,High Performer,81.3,regrettable_attrition
E08525,2024-08-30,voluntary,Compensation,True,False,High Performer,197600.0,E13928,push,Christopher Mason,2022-02-19,2024-08-30,departed,Retail Banking,Operations-Processing,3,"Senior Manager, Retail Banking",197600.0,0.98,Non-binary,35-39,Anglo-Australian,Full-time,False,False,E13928,direct,NovaCorp-Origin,WorkdayHR,35.0,30,False,923,Meets Expectations,58.1,routine_voluntary
E08536,2024-04-07,voluntary,Career advancement,True,False,High Performer,126000.0,E12521,pull,Kendra Rogers,2022-03-04,2024-04-07,departed,Retail Banking,Risk-Compliance,1,Senior Risk Analyst,126000.0,1.05,Female,25-29,Anglo-Australian,Full-time,False,True,E12521,agency,NovaCorp-Origin,WorkdayHR,68.0,25,False,765,Meets Expectations,65.7,routine_voluntary
E08541,2025-08-29,voluntary,Career advancement,True,False,Below Expectations,499400.0,E09267,push,Melanie Boyd,2022-03-12,2025-08-29,departed,Wealth Management,Client-Advisory,5,Managing Director,499400.0,0.95,Female,25-29,Latin American,Full-time,False,False,E09267,direct,NovaCorp-Origin,WorkdayHR,40.0,42,False,1266,Meets Expectations,73.5,routine_voluntary
E08546,2024-06-07,voluntary,Career advancement,True,False,Meets Expectations,146100.0,E03570,push,Luis Turner,2022-03-25,2024-06-07,departed,Technology,Client-Advisory,1,Senior Adviser,146100.0,0.97,Male,30-34,Middle Eastern,Full-time,False,True,E03570,agency,NovaCorp-Origin,WorkdayHR,35.0,26,False,805,Meets Expectations,59.0,routine_voluntary
E08547,2024-06-07,voluntary,Personal reasons,True,False,Below Expectations,100100.0,E03008,push,Christopher Sims,2022-03-27,2024-06-07,departed,Technology,Technology,1,Engineer,100100.0,0.86,Male,25-29,Anglo-Australian,Full-time,False,False,E03008,referral,NovaCorp-Origin,WorkdayHR,33.0,26,False,803,Meets Expectations,81.7,routine_voluntary
E08553,2024-03-25,involuntary,Involuntary - performance,False,False,Below Expectations,148300.0,E02721,push,Richard Martinez,2022-04-06,2024-03-25,departed,Technology,Risk-Compliance,1,Senior Risk Analyst,148300.0,0.91,Male,18-24,Anglo-Australian,Full-time,True,False,E02721,agency,NovaCorp-Origin,WorkdayHR,20.0,23,False,719,Meets Expectations,59.3,involuntary
E08569,2025-06-07,voluntary,Better opportunity,False,True,Outstanding,56400.0,E00453,pull,Michael Harris,2022-04-28,2025-06-07,departed,Insurance,Client-Advisory,1,Client Service Officer,56400.0,0.85,Male,35-39,Maori/Aboriginal & Torres Strait Islander,Casual,False,True,E00453,agency,NovaCorp-Origin,WorkdayHR,35.0,37,False,1136,High Performer,67.4,regrettable_attrition
E08594,2024-11-23,involuntary,Involuntary - performance,False,False,Unsatisfactory,116000.0,E02061,push,Robin Smith,2022-06-06,2024-11-23,departed,Corporate Operations,Client-Advisory,1,Senior Adviser,116000.0,1.02,Female,30-34,Pacific Islander,Full-time,False,False,E02061,referral,NovaCorp-Origin,WorkdayHR,23.0,30,False,901,Meets Expectations,69.9,involuntary
E08609,2024-04-21,voluntary,Better opportunity,True,False,High Performer,164400.0,E11798,pull,Brooke Fuentes,2022-06-26,2024-04-21,departed,Insurance,Corporate-Support,2,"Manager, Insurance",164400.0,0.98,Female,18-24,South Asian,Full-time,False,False,E11798,agency,NovaCorp-Origin,WorkdayHR,80.0,22,False,665,High Performer,71.9,regrettable_attrition
E08621,2024-12-27,voluntary,Better opportunity,True,False,Outstanding,143200.0,E04612,pull,Phillip Ochoa,2022-07-19,2024-12-27,departed,Technology,Operations-Processing,1,Senior Analyst,143200.0,0.96,Male,25-29,Anglo-Australian,Full-time,False,False,E04612,direct,NovaCorp-Origin,WorkdayHR,78.0,29,False,892,Meets Expectations,70.2,routine_voluntary
E08622,2024-04-12,voluntary,Better opportunity,True,True,Outstanding,138200.0,E11414,push,Howard Campbell,2022-07-22,2024-04-12,departed,Technology,Operations-Processing,1,Senior Analyst,138200.0,0.99,Male,25-29,East Asian,Part-time,False,False,E11414,direct,NovaCorp-Origin,WorkdayHR,17.0,21,False,630,Below Expectations,46.3,routine_voluntary
E08625,2024-06-28,voluntary,Career advancement,True,False,Meets Expectations,87400.0,E01118,push,Megan Morrow,2022-07-24,2024-06-28,departed,Technology,Corporate-Support,1,Specialist,87400.0,0.98,Prefer not to say,25-29,Anglo-Australian,Full-time,False,False,E01118,agency,NovaCorp-Origin,WorkdayHR,62.0,23,False,705,Below Expectations,36.6,routine_voluntary
E08629,2025-05-04,involuntary,Involuntary - performance,False,False,Unsatisfactory,126300.0,E01923,push,Katherine Thomas,2022-07-29,2025-05-04,departed,Wealth Management,Client-Advisory,1,Senior Adviser,126300.0,1.03,Female,30-34,Southeast Asian,Full-time,False,True,E01923,referral,NovaCorp-Origin,WorkdayHR,45.0,33,False,1010,Meets Expectations,70.4,involuntary
E08646,2024-03-15,involuntary,Involuntary - restructure,True,False,Meets Expectations,127100.0,E05766,push,Maria Lawson,2022-08-20,2024-03-15,departed,Technology,Technology,1,Senior Engineer,127100.0,0.97,Female,30-34,Anglo-Australian,Full-time,False,False,E05766,agency,NovaCorp-Origin,WorkdayHR,27.0,19,False,573,Unsatisfactory,40.7,involuntary
E08647,2024-10-25,involuntary,Involuntary - performance,True,False,Below Expectations,108100.0,E04714,push,Jodi Wright,2022-08-22,2024-10-25,departed,Technology,Client-Advisory,1,Adviser,108100.0,0.99,Female,30-34,Southeast Asian,Full-time,False,True,E04714,direct,NovaCorp-Origin,WorkdayHR,42.0,26,False,795,Meets Expectations,57.6,involuntary
E08684,2025-10-09,voluntary,Role uncertainty / unclear future,True,False,Below Expectations,148600.0,E01473,push,George Carson,2022-10-28,2025-10-09,departed,Technology,Technology,2,"Manager, Technology",148600.0,0.99,Male,25-29,Anglo-Australian,Full-time,False,False,E01473,acquisition,NovaCorp-Origin,WorkdayHR,39.0,35,False,1077,Meets Expectations,54.6,routine_voluntary
E08691,2025-03-21,voluntary,Career advancement,True,False,High Performer,111400.0,E14184,push,Christopher Carroll,2022-11-08,2025-03-21,departed,Retail Banking,Client-Advisory,1,Adviser,111400.0,1.01,Non-binary,30-34,Anglo-Australian,Full-time,False,False,E14184,direct,NovaCorp-Origin,WorkdayHR,64.0,28,False,864,Meets Expectations,70.4,routine_voluntary
E08693,2025-01-02,voluntary,Better opportunity,True,False,High Performer,320500.0,E04996,pull,Carlos Carter,2022-11-11,2025-01-02,departed,Insurance,Technology,4,"Director, Insurance",320500.0,0.94,Male,30-34,East Asian,Full-time,False,False,E04996,direct,NovaCorp-Origin,WorkdayHR,28.0,26,False,783,Meets Expectations,67.0,routine_voluntary
E08697,2024-11-07,voluntary,Career advancement,True,False,High Performer,100400.0,E03313,pull,Anna Carlson,2022-11-19,2024-11-07,departed,Corporate Operations,Technology,1,Engineer,100400.0,0.87,Female,40-44,Anglo-Australian,Casual,False,False,E03313,agency,NovaCorp-Origin,WorkdayHR,77.0,23,False,719,Outstanding,91.2,regrettable_attrition
E08717,2025-06-11,voluntary,Career advancement,True,False,Meets Expectations,93300.0,E03735,push,Deanna Manning,2022-12-25,2025-06-11,departed,Wealth Management,Management,1,Coordinator,93300.0,0.98,Female,35-39,Anglo-Australian,Part-time,False,False,E03735,direct,NovaCorp-Origin,WorkdayHR,63.0,29,False,899,Meets Expectations,60.3,routine_voluntary
E08727,2024-05-03,voluntary,Compensation,True,False,Meets Expectations,121700.0,E10828,push,Aaron Fernandez,2023-01-11,2024-05-03,departed,Retail Banking,Corporate-Support,1,Senior Specialist,121700.0,1.05,Male,25-29,Anglo-Australian,Full-time,False,True,E10828,agency,NovaCorp-Origin,WorkdayHR,64.0,15,False,478,High Performer,63.4,regrettable_attrition
E08732,2025-01-31,voluntary,Role uncertainty / unclear future,True,False,Meets Expectations,72700.0,E02925,push,Jessica Robertson,2023-01-15,2025-01-31,departed,Retail Banking,Technology,1,Junior Developer,72700.0,1.0,Female,30-34,Anglo-Australian,Part-time,False,False,E02925,referral,NovaCorp-Origin,WorkdayHR,26.0,24,False,747,Meets Expectations,63.2,routine_voluntary
E08756,2025-04-30,involuntary,Involuntary - performance,False,False,Meets Expectations,136300.0,E03059,push,Eileen French,2023-02-06,2025-04-30,departed,Insurance,Operations-Processing,1,Senior Analyst,136300.0,0.94,Female,35-39,Middle Eastern,Full-time,False,False,E03059,agency,NovaCorp-Origin,WorkdayHR,19.0,27,False,814,High Performer,69.9,involuntary
E08758,2024-05-09,voluntary,Career advancement,True,False,Meets Expectations,134900.0,E13083,push,Cindy Jones,2023-02-09,2024-05-09,departed,Executive Leadership,Client-Advisory,2,"Manager, Executive Leadership",134900.0,1.04,Female,30-34,East Asian,Part-time,False,False,E13083,acquisition,NovaCorp-Origin,WorkdayHR,73.0,15,False,455,Meets Expectations,72.9,routine_voluntary
E08759,2024-09-10,voluntary,Better opportunity,True,False,High Performer,61800.0,E02821,pull,Patrick Smith,2023-02-09,2024-09-10,departed,Risk & Compliance,Management,1,Administration Officer,61800.0,0.81,Male,25-29,Anglo-Australian,Full-time,True,False,E02821,direct,NovaCorp-Origin,WorkdayHR,72.0,19,False,579,High Performer,75.1,regrettable_attrition
E08761,2025-07-25,involuntary,Involuntary - performance,False,False,Below Expectations,133800.0,E08263,push,David Chapman,2023-02-12,2025-07-25,departed,Technology,Management,1,Team Leader,133800.0,1.02,Non-binary,35-39,Pacific Islander,Full-time,False,True,E08263,direct,NovaCorp-Origin,WorkdayHR,39.0,29,False,894,Meets Expectations,77.5,involuntary
E08799,2025-06-30,voluntary,Career advancement,True,False,Meets Expectations,86700.0,E14013,push,Brittany Farley,2023-04-12,2025-06-30,departed,Retail Banking,Technology,1,Engineer,86700.0,0.93,Female,30-34,East Asian,Full-time,False,False,E14013,direct,NovaCorp-Origin,WorkdayHR,88.0,27,False,810,Unsatisfactory,20.4,routine_voluntary
E08809,2025-11-21,voluntary,Better opportunity,False,True,High Performer,70200.0,E02163,pull,Norma Holmes,2023-04-16,2025-11-21,departed,Insurance,Risk-Compliance,1,Compliance Officer,70200.0,0.78,Female,35-39,East Asian,Full-time,True,True,E02163,acquisition,Entity_A,SAP-HR,30.0,31,False,950,Meets Expectations,55.2,regrettable_attrition
E08820,2024-07-12,voluntary,Better opportunity,True,False,Unsatisfactory,133400.0,E12490,push,Bradley Porter,2023-04-16,2024-07-12,departed,Retail Banking,Management,1,Team Leader,133400.0,0.93,Male,35-39,Anglo-Australian,Full-time,False,False,E12490,acquisition,Entity_A,SAP-HR,32.0,15,False,453,Meets Expectations,60.2,routine_voluntary
E08828,2025-04-30,voluntary,Better opportunity,True,False,High Performer,125600.0,E01900,pull,Nicholas Obrien,2023-04-17,2025-04-30,departed,Risk & Compliance,Technology,1,Senior Engineer,125600.0,0.95,Male,25-29,African,Full-time,False,False,E01900,acquisition,Entity_A,SAP-HR,77.0,24,False,744,Meets Expectations,69.1,routine_voluntary
E08839,2025-07-04,voluntary,Career advancement,True,False,High Performer,145400.0,E07835,pull,Jenna Ramos,2023-04-17,2025-07-04,departed,Wealth Management,Technology,1,Senior Engineer,145400.0,0.99,Female,25-29,Maori/Aboriginal & Torres Strait Islander,Full-time,False,True,E07835,acquisition,Entity_A,SAP-HR,15.0,26,False,809,Meets Expectations,64.4,routine_voluntary
E08846,2024-06-21,voluntary,Career advancement,True,True,High Performer,115500.0,E05735,pull,Andrew Brown,2023-04-18,2024-06-21,departed,Insurance,Corporate-Support,1,Senior Specialist,115500.0,0.79,Male,18-24,Anglo-Australian,Full-time,True,False,E05735,acquisition,Entity_A,SAP-HR,62.0,14,False,430,Outstanding,96.1,regrettable_attrition
E08881,2024-03-29,voluntary,Career advancement,True,False,Meets Expectations,95500.0,E02541,push,Damon Bowers,2023-04-20,2024-03-29,departed,Risk & Compliance,Management,1,Coordinator,95500.0,0.92,Male,18-24,South Asian,Full-time,False,False,E02541,acquisition,Entity_A,SAP-HR,75.0,11,False,344,Meets Expectations,65.8,routine_voluntary
E08883,2025-04-29,voluntary,Career advancement,True,False,High Performer,80700.0,E05526,push,Misty Gray,2023-04-20,2025-04-29,departed,Retail Banking,Client-Advisory,1,Client Service Officer,80700.0,0.98,Female,35-39,Anglo-Australian,Full-time,False,False,E05526,acquisition,Entity_A,SAP-HR,77.0,24,False,740,Outstanding,74.2,regrettable_attrition
E08886,2024-04-05,voluntary,Personal reasons,True,False,Meets Expectations,128300.0,E01870,push,Jacob Williams,2023-04-21,2024-04-05,departed,Risk & Compliance,Management,1,Team Leader,128300.0,0.99,Male,35-39,East Asian,Full-time,False,True,E01870,acquisition,Entity_A,SAP-HR,27.0,11,False,350,High Performer,81.9,regrettable_attrition
E08890,2024-10-11,voluntary,Career advancement,False,True,Outstanding,93400.0,E01351,push,Jason Gregory,2023-04-21,2024-10-11,departed,Wealth Management,Technology,1,Engineer,93400.0,1.05,Male,30-34,African,Full-time,False,False,E01351,acquisition,Entity_A,SAP-HR,89.0,17,False,539,Meets Expectations,60.8,routine_voluntary
E08894,2024-07-04,voluntary,Career advancement,False,False,Meets Expectations,120300.0,E02592,push,Tiffany Hull,2023-04-21,2024-07-04,departed,Insurance,Management,1,Team Leader,120300.0,0.96,Female,18-24,African,Part-time,False,False,E02592,acquisition,Entity_A,SAP-HR,89.0,14,False,440,High Performer,78.6,regrettable_attrition
E08896,2025-04-12,voluntary,Better opportunity,True,False,Outstanding,57600.0,E02068,pull,Alexander Branch,2023-04-21,2025-04-12,departed,Risk & Compliance,Management,1,Administration Officer,57600.0,0.92,Male,18-24,Southeast Asian,Full-time,False,False,E02068,acquisition,Entity_A,SAP-HR,77.0,24,False,722,High Performer,80.7,regrettable_attrition
E08899,2024-05-31,voluntary,Better opportunity,True,False,Meets Expectations,123600.0,E00917,push,Tiffany Olson,2023-04-22,2024-05-31,departed,Insurance,Technology,1,Senior Engineer,123600.0,0.88,Female,35-39,European (non-Anglo),Full-time,False,False,E00917,acquisition,Entity_A,SAP-HR,47.0,13,False,405,Below Expectations,41.0,routine_voluntary
E08912,2025-01-10,voluntary,Study/career change,True,False,High Performer,137900.0,E02820,push,Nicole Robinson MD,2023-04-23,2025-01-10,departed,Risk & Compliance,Risk-Compliance,1,Senior Risk Analyst,137900.0,0.91,Female,30-34,Anglo-Australian,Full-time,True,False,E02820,acquisition,Entity_A,SAP-HR,89.0,20,False,628,Meets Expectations,78.2,regrettable_attrition
E08919,2024-11-29,involuntary,Involuntary - restructure,True,False,Meets Expectations,63100.0,E00965,push,Nicholas Hall,2023-04-23,2024-11-29,departed,Wealth Management,Management,1,Administration Officer,63100.0,0.95,Male,18-24,Anglo-Australian,Full-time,False,True,E00965,acquisition,Entity_A,SAP-HR,83.0,19,False,586,High Performer,82.7,involuntary
E08921,2025-09-19,voluntary,Career advancement,True,False,Meets Expectations,118000.0,E01588,push,Harry Foster,2023-04-23,2025-09-19,departed,Technology,Corporate-Support,2,"Manager, Technology",118000.0,0.88,Male,30-34,European (non-Anglo),Full-time,False,True,E01588,acquisition,Entity_A,SAP-HR,34.0,29,False,880,High Performer,69.2,regrettable_attrition
E08928,2024-09-20,voluntary,Role uncertainty / unclear future,True,False,Meets Expectations,73000.0,E07680,push,Linda Wagner,2023-04-24,2024-09-20,departed,Retail Banking,Risk-Compliance,1,Compliance Officer,73000.0,0.89,Female,30-34,Anglo-Australian,Full-time,False,False,E07680,acquisition,Entity_A,SAP-HR,24.0,17,False,515,High Performer,76.4,regrettable_attrition
E08953,2024-08-30,voluntary,Career advancement,True,False,Meets Expectations,88100.0,E02175,pull,Corey Powers,2023-04-26,2024-08-30,departed,Insurance,Corporate-Support,1,Specialist,88100.0,1.01,Male,25-29,Maori/Aboriginal & Torres Strait Islander,Part-time,True,False,E02175,acquisition,Entity_A,SAP-HR,56.0,16,False,492,Meets Expectations,52.6,regrettable_attrition
E08959,2024-06-24,voluntary,Better opportunity,True,False,High Performer,105100.0,E00767,pull,Tammy Rogers,2023-04-26,2024-06-24,departed,Retail Banking,Risk-Compliance,1,Risk Analyst,105100.0,1.0,Female,35-39,Prefer not to say,Part-time,False,False,E00767,acquisition,Entity_A,SAP-HR,84.0,14,False,425,Meets Expectations,67.7,routine_voluntary
E08972,2024-04-19,involuntary,Involuntary - performance,False,False,Below Expectations,63100.0,E02458,push,Kimberly Brown,2023-04-27,2024-04-19,departed,Corporate Operations,Corporate-Support,1,Graduate,63100.0,0.95,Female,25-29,Anglo-Australian,Full-time,False,False,E02458,acquisition,Entity_A,SAP-HR,64.0,11,False,358,Meets Expectations,66.5,involuntary
E09015,2025-06-08,voluntary,Personal reasons,True,False,Below Expectations,100600.0,E09834,push,Rodney Baker,2023-04-30,2025-06-08,departed,Technology,Operations-Processing,1,Analyst,100600.0,0.9,Male,30-34,Anglo-Australian,Full-time,False,False,E09834,acquisition,Entity_A,SAP-HR,42.0,25,False,770,Meets Expectations,63.5,routine_voluntary
E09031,2024-04-12,involuntary,Involuntary - performance,False,False,Unsatisfactory,130800.0,E06405,push,Elizabeth Wilson,2023-05-01,2024-04-12,departed,Corporate Operations,Management,1,Team Leader,130800.0,0.78,Female,30-34,Anglo-Australian,Full-time,True,False,E06405,acquisition,Entity_A,SAP-HR,37.0,11,False,347,High Performer,66.3,involuntary
E09049,2024-09-30,voluntary,Compensation,True,False,High Performer,116600.0,E06573,push,Troy Davis,2023-05-02,2024-09-30,departed,Insurance,Risk-Compliance,1,Senior Risk Analyst,116600.0,1.0,Male,30-34,Southeast Asian,Full-time,True,False,E06573,referral,NovaCorp-Origin,WorkdayHR,15.0,17,False,517,High Performer,71.3,regrettable_attrition
E09132,2024-07-12,voluntary,Better opportunity,True,False,Below Expectations,119400.0,E06116,pull,Sharon Wood,2023-05-09,2024-07-12,departed,Corporate Operations,Risk-Compliance,1,Senior Risk Analyst,119400.0,0.96,Female,18-24,East Asian,Full-time,False,False,E06116,acquisition,Entity_A,SAP-HR,59.0,14,False,430,High Performer,87.7,regrettable_attrition
E09151,2024-12-23,voluntary,Career advancement,True,False,High Performer,328300.0,E12885,push,Renee Newton,2023-05-10,2024-12-23,departed,Wealth Management,Management,4,"Director, Wealth Management",328300.0,1.09,Female,25-29,Anglo-Australian,Part-time,False,True,E12885,acquisition,Entity_A,SAP-HR,44.0,19,False,593,Meets Expectations,67.0,routine_voluntary
E09168,2025-06-13,voluntary,Career advancement,True,False,Below Expectations,123800.0,E10896,push,Alexander Warren,2023-05-12,2025-06-13,departed,Technology,Client-Advisory,1,Senior Adviser,123800.0,0.9,Non-binary,18-24,Anglo-Australian,Fixed-term,False,False,E10896,acquisition,Entity_A,SAP-HR,20.0,25,False,763,Meets Expectations,58.1,routine_voluntary
E09172,2024-11-18,involuntary,Involuntary - restructure,True,False,Meets Expectations,108100.0,E00591,push,Nathaniel Williams,2023-05-13,2024-11-18,departed,Corporate Operations,Risk-Compliance,1,Risk Analyst,108100.0,0.87,Prefer not to say,35-39,Anglo-Australian,Full-time,True,True,E00591,acquisition,Entity_A,SAP-HR,66.0,18,False,555,Meets Expectations,68.4,involuntary
E09181,2024-03-15,voluntary,Career advancement,True,False,Outstanding,132300.0,E11836,pull,Erin Warner,2023-05-13,2024-03-15,departed,Corporate Operations,Technology,2,"Manager, Corporate Operations",132300.0,0.96,Female,30-34,Maori/Aboriginal & Torres Strait Islander,Full-time,False,False,E11836,acquisition,Entity_A,SAP-HR,79.0,10,False,307,Below Expectations,64.0,routine_voluntary
E09227,2025-07-11,voluntary,Work-life balance,True,False,Below Expectations,118500.0,E13941,push,Regina Robinson,2023-05-17,2025-07-11,departed,Corporate Operations,Corporate-Support,1,Senior Specialist,118500.0,0.88,Female,30-34,European (non-Anglo),Full-time,False,False,E13941,acquisition,Entity_A,SAP-HR,78.0,26,False,786,Outstanding,78.9,regrettable_attrition
E09269,2024-05-07,voluntary,Better opportunity,True,False,Outstanding,164100.0,E08578,pull,Christopher Brooks,2023-05-20,2024-05-07,departed,Risk & Compliance,Management,2,"Manager, Risk & Compliance",164100.0,0.92,Male,35-39,Anglo-Australian,Full-time,False,False,E08578,acquisition,Entity_A,SAP-HR,81.0,11,False,353,Below Expectations,51.4,routine_voluntary
E09304,2024-08-01,voluntary,Career advancement,True,False,Meets Expectations,227700.0,E05010,push,Angel West,2023-05-23,2024-08-01,departed,Risk & Compliance,Technology,3,"Senior Manager, Risk & Compliance",227700.0,0.94,Male,30-34,Prefer not to say,Full-time,False,False,E05010,acquisition,Entity_A,SAP-HR,19.0,14,False,436,Meets Expectations,67.6,routine_voluntary
E09324,2025-06-17,voluntary,Career advancement,True,False,Meets Expectations,76300.0,E14226,push,Charles Stanton,2023-05-25,2025-06-17,departed,Retail Banking,Operations-Processing,1,Processing Officer,76300.0,0.9,Male,35-39,European (non-Anglo),Full-time,False,True,E14226,acquisition,Entity_A,SAP-HR,38.0,25,False,754,Meets Expectations,31.4,routine_voluntary
E09346,2024-05-25,voluntary,Career advancement,False,False,Meets Expectations,130900.0,E04475,pull,Dr. Todd Ortega MD,2023-05-26,2024-05-25,departed,Wealth Management,Risk-Compliance,1,Senior Risk Analyst,130900.0,0.99,Male,18-24,Anglo-Australian,Part-time,False,False,E04475,acquisition,Entity_A,SAP-HR,52.0,12,False,365,Below Expectations,40.8,routine_voluntary
E09347,2025-05-16,involuntary,Involuntary - conduct,True,False,Meets Expectations,85600.0,E12896,push,Mrs. Crystal Keller,2023-05-26,2025-05-16,departed,Risk & Compliance,Operations-Processing,1,Analyst,85600.0,0.85,Female,30-34,Anglo-Australian,Full-time,False,False,E12896,graduate,NovaCorp-Origin,WorkdayHR,61.0,24,False,721,Outstanding,91.6,involuntary
E09353,2024-07-26,voluntary,Career advancement,True,True,Outstanding,73400.0,E01394,pull,Stacy Mccormick,2023-05-27,2024-07-26,departed,Retail Banking,Client-Advisory,1,Client Service Officer,73400.0,0.84,Female,35-39,South Asian,Full-time,True,False,E01394,acquisition,Entity_A,SAP-HR,53.0,14,False,426,Outstanding,88.8,regrettable_attrition
E09368,2025-02-28,voluntary,Career advancement,True,False,High Performer,65000.0,E10487,pull,Tyler Richard,2023-05-28,2025-02-28,departed,Retail Banking,Technology,1,Junior Developer,65000.0,0.97,Male,35-39,African,Full-time,False,True,E10487,acquisition,Entity_A,SAP-HR,20.0,21,False,642,Meets Expectations,71.1,routine_voluntary
E09374,2024-10-14,voluntary,Better opportunity,False,False,High Performer,55000.0,E06427,pull,Xavier Hanson,2023-05-29,2024-10-14,departed,Risk & Compliance,Risk-Compliance,1,Compliance Officer,55000.0,0.97,Prefer not to say,18-24,Middle Eastern,Part-time,False,False,E06427,acquisition,Entity_A,SAP-HR,70.0,16,False,504,High Performer,82.2,regrettable_attrition
E09403,2024-10-01,voluntary,Work-life balance,True,False,Meets Expectations,80000.0,E00240,push,Roger Cruz,2023-05-30,2024-10-01,departed,Retail Banking,Technology,1,Junior Developer,80000.0,0.97,Male,18-24,Anglo-Australian,Full-time,False,False,E00240,acquisition,Entity_A,SAP-HR,38.0,16,False,490,Meets Expectations,57.0,routine_voluntary
E09444,2024-12-31,voluntary,Career advancement,True,False,High Performer,113900.0,E02395,push,Gabriel Woods,2023-06-02,2024-12-31,departed,Risk & Compliance,Operations-Processing,1,Analyst,113900.0,0.95,Male,18-24,Anglo-Australian,Fixed-term,False,False,E02395,acquisition,Entity_A,SAP-HR,56.0,19,False,578,Meets Expectations,75.6,routine_voluntary
E09450,2025-03-18,voluntary,Career advancement,False,False,Meets Expectations,94000.0,E00236,push,Allison Davies,2023-06-03,2025-03-18,departed,Insurance,Client-Advisory,1,Adviser,94000.0,0.9,Female,30-34,Southeast Asian,Full-time,False,True,E00236,acquisition,Entity_A,SAP-HR,90.0,21,False,654,High Performer,87.5,regrettable_attrition
E09452,2024-02-16,voluntary,Better opportunity,True,False,High Performer,56600.0,E02684,pull,Claudia Henderson,2023-06-03,2024-02-16,departed,Retail Banking,Management,1,Administration Officer,56600.0,1.02,Female,25-29,East Asian,Casual,False,False,E02684,graduate,NovaCorp-Origin,WorkdayHR,87.0,8,False,258,Meets Expectations,67.5,routine_voluntary
E09453,2025-06-30,voluntary,Career advancement,True,False,Meets Expectations,132600.0,E00017,push,Mr. Jake Cordova,2023-06-03,2025-06-30,departed,Retail Banking,Operations-Processing,1,Senior Analyst,132600.0,0.91,Male,30-34,Anglo-Australian,Full-time,False,False,E00017,acquisition,Entity_A,SAP-HR,85.0,25,False,758,High Performer,76.4,regrettable_attrition
E09456,2025-06-02,voluntary,Career advancement,True,True,Meets Expectations,98200.0,E01596,push,Daniel Arnold,2023-06-04,2025-06-02,departed,Risk & Compliance,Client-Advisory,1,Adviser,98200.0,0.89,Male,30-34,South Asian,Full-time,False,False,E01596,acquisition,Entity_A,SAP-HR,81.0,24,False,729,Meets Expectations,61.9,routine_voluntary
E09461,2024-05-16,voluntary,Better opportunity,True,False,High Performer,102900.0,E03011,pull,Kurt Daniels,2023-06-04,2024-05-16,departed,Technology,Client-Advisory,1,Adviser,102900.0,0.94,Male,18-24,Anglo-Australian,Full-time,False,False,E03011,acquisition,Entity_A,SAP-HR,21.0,11,False,347,High Performer,62.5,regrettable_attrition
E09471,2024-06-28,voluntary,Career advancement,True,True,Outstanding,123800.0,E02085,pull,Robert Simpson,2023-06-05,2024-06-28,departed,Retail Banking,Operations-Processing,1,Senior Analyst,123800.0,0.92,Male,25-29,Anglo-Australian,Fixed-term,False,False,E02085,acquisition,Entity_A,SAP-HR,36.0,12,False,389,Meets Expectations,71.2,routine_voluntary
E09498,2025-09-26,voluntary,Better opportunity,True,True,Outstanding,181300.0,E07814,pull,Kevin Espinoza,2023-06-07,2025-09-26,departed,Corporate Operations,Management,2,"Manager, Corporate Operations",181300.0,0.98,Male,35-39,European (non-Anglo),Part-time,False,False,E07814,acquisition,Entity_A,SAP-HR,83.0,28,False,842,High Performer,59.9,regrettable_attrition
E09508,2024-08-03,voluntary,Better opportunity,True,False,Outstanding,146000.0,E11695,pull,Laurie Carter,2023-06-09,2024-08-03,departed,Insurance,Client-Advisory,1,Senior Adviser,146000.0,0.96,Female,35-39,Anglo-Australian,Fixed-term,False,False,E11695,acquisition,Entity_A,SAP-HR,45.0,14,False,421,Meets Expectations,80.1,routine_voluntary
E09603,2024-02-01,voluntary,Career advancement,True,False,High Performer,124500.0,E01076,push,Erika Ruiz,2023-06-17,2024-02-01,departed,Wealth Management,Technology,1,Senior Engineer,124500.0,0.84,Female,40-44,East Asian,Full-time,False,False,E01076,acquisition,Entity_A,SAP-HR,74.0,7,False,229,High Performer,85.7,regrettable_attrition
E09606,2024-08-30,voluntary,Career advancement,True,False,Meets Expectations,86100.0,E07675,push,Jason Alvarez,2023-06-17,2024-08-30,departed,Technology,Management,1,Coordinator,86100.0,0.98,Male,30-34,Prefer not to say,Full-time,False,False,E07675,acquisition,Entity_A,SAP-HR,61.0,14,False,440,Meets Expectations,83.1,routine_voluntary
E09624,2024-03-06,voluntary,Career advancement,True,False,Below Expectations,133400.0,E02231,push,Dr. Corey Hernandez Jr.,2023-06-18,2024-03-06,departed,Technology,Technology,1,Senior Engineer,133400.0,0.99,Male,25-29,Anglo-Australian,Full-time,False,False,E02231,acquisition,Entity_A,SAP-HR,65.0,8,False,262,Outstanding,89.0,regrettable_attrition
E09635,2025-03-22,voluntary,Relocation,True,True,Outstanding,196700.0,E02377,push,Joshua Ford,2023-06-19,2025-03-22,departed,Technology,Technology,3,"Senior Manager, Technology",196700.0,0.94,Male,30-34,Anglo-Australian,Full-time,True,False,E02377,acquisition,Entity_A,SAP-HR,14.0,21,False,642,Meets Expectations,63.3,regrettable_attrition
E09646,2024-07-19,voluntary,Work-life balance,True,False,Unsatisfactory,134500.0,E05673,push,Garrett Jones,2023-06-20,2024-07-19,departed,Technology,Corporate-Support,2,"Manager, Technology",134500.0,1.01,Male,30-34,Southeast Asian,Casual,False,True,E05673,acquisition,Entity_A,SAP-HR,22.0,13,False,395,High Performer,73.2,regrettable_attrition
E09677,2024-10-05,voluntary,Career advancement,True,False,Meets Expectations,86000.0,E02665,push,Linda Mccullough,2023-06-22,2024-10-05,departed,Insurance,Technology,1,Engineer,86000.0,0.99,Female,25-29,European (non-Anglo),Full-time,False,True,E02665,acquisition,Entity_A,SAP-HR,49.0,15,False,471,Meets Expectations,64.7,routine_voluntary
E09687,2025-11-21,voluntary,Career advancement,True,False,High Performer,117500.0,E03237,pull,Jeffrey Watson,2023-06-23,2025-11-21,departed,Technology,Management,1,Team Leader,117500.0,0.95,Male,18-24,Anglo-Australian,Part-time,False,False,E03237,acquisition,Entity_A,SAP-HR,52.0,29,False,882,Unsatisfactory,46.3,routine_voluntary
E09689,2025-05-16,voluntary,Better opportunity,True,False,Meets Expectations,141500.0,E02810,pull,James Hudson,2023-06-23,2025-05-16,departed,Retail Banking,Risk-Compliance,1,Senior Risk Analyst,141500.0,0.9,Prefer not to say,30-34,Anglo-Australian,Full-time,False,False,E02810,acquisition,Entity_A,SAP-HR,40.0,23,False,693,Meets Expectations,71.0,routine_voluntary
E09691,2024-03-16,voluntary,Career advancement,True,False,Meets Expectations,127200.0,E02007,pull,Suzanne Wood,2023-06-23,2024-03-16,departed,Retail Banking,Management,1,Team Leader,127200.0,1.01,Female,18-24,Anglo-Australian,Full-time,False,True,E02007,acquisition,Entity_A,SAP-HR,18.0,8,False,267,Meets Expectations,76.8,routine_voluntary
E09710,2024-06-19,involuntary,Involuntary - performance,True,False,Below Expectations,110100.0,E07680,push,Ian Snyder,2023-06-24,2024-06-19,departed,Retail Banking,Corporate-Support,1,Specialist,110100.0,0.99,Male,18-24,Anglo-Australian,Fixed-term,False,False,E07680,acquisition,Entity_A,SAP-HR,39.0,12,False,361,High Performer,67.9,involuntary
E09730,2024-06-21,voluntary,Career advancement,True,False,Meets Expectations,114300.0,E02932,push,Angela Nelson,2023-06-26,2024-06-21,departed,Retail Banking,Risk-Compliance,1,Risk Analyst,114300.0,0.96,Female,25-29,Anglo-Australian,Full-time,False,True,E02932,acquisition,Entity_A,SAP-HR,20.0,12,False,361,Meets Expectations,64.5,routine_voluntary
E09751,2025-02-28,voluntary,Work-life balance,True,False,Unsatisfactory,67000.0,E02138,push,Mark Brown,2023-06-27,2025-02-28,departed,Technology,Corporate-Support,1,Graduate,67000.0,1.01,Male,30-34,Anglo-Australian,Full-time,False,True,E02138,acquisition,Entity_A,SAP-HR,75.0,20,False,612,Meets Expectations,65.0,routine_voluntary
E09760,2024-03-22,voluntary,Career advancement,True,False,Meets Expectations,122400.0,E02199,push,Michelle Gates,2023-06-27,2024-03-22,departed,Retail Banking,Corporate-Support,1,Senior Specialist,122400.0,0.91,Female,18-24,African,Full-time,False,False,E02199,acquisition,Entity_A,SAP-HR,26.0,8,False,269,Meets Expectations,66.4,routine_voluntary
E09766,2025-06-06,voluntary,Better opportunity,False,False,High Performer,102500.0,E00675,pull,Alexander Terry,2023-06-28,2025-06-06,departed,Corporate Operations,Client-Advisory,1,Adviser,102500.0,1.04,Male,35-39,Southeast Asian,Full-time,False,False,E00675,acquisition,Entity_A,SAP-HR,19.0,23,False,709,Meets Expectations,53.3,routine_voluntary
E09790,2025-02-24,voluntary,Career advancement,True,False,Below Expectations,144200.0,E03222,push,Stephen Olsen,2023-06-30,2025-02-24,departed,Technology,Technology,2,"Manager, Technology",144200.0,0.98,Male,40-44,Anglo-Australian,Full-time,False,False,E03222,acquisition,Entity_A,SAP-HR,20.0,20,False,605,Meets Expectations,76.7,routine_voluntary
E09809,2024-02-29,voluntary,Career advancement,True,False,Below Expectations,55000.0,E02828,push,Jessica Johnson,2023-07-01,2024-02-29,departed,Risk & Compliance,Operations-Processing,1,Processing Officer,55000.0,1.01,Female,30-34,Anglo-Australian,Full-time,False,False,E02828,graduate,NovaCorp-Origin,WorkdayHR,30.0,8,False,243,High Performer,83.7,regrettable_attrition
E09811,2025-05-30,involuntary,Involuntary - performance,True,False,Unsatisfactory,126500.0,E02260,push,Destiny Sanchez,2023-07-01,2025-05-30,departed,Wealth Management,Operations-Processing,2,"Manager, Wealth Management",126500.0,0.85,Female,30-34,Anglo-Australian,Full-time,True,False,E02260,acquisition,Entity_A,SAP-HR,76.0,23,False,699,Meets Expectations,70.0,involuntary
E09834,2025-10-28,voluntary,Role uncertainty / unclear future,True,False,Meets Expectations,119400.0,E10323,push,Scott Booker,2023-07-03,2025-10-28,departed,Technology,Technology,2,"Manager, Technology",119400.0,0.99,Male,40-44,African,Fixed-term,False,False,E10323,acquisition,Entity_A,SAP-HR,38.0,28,False,848,High Performer,82.0,regrettable_attrition
E09843,2025-06-03,voluntary,Career advancement,False,False,Below Expectations,59300.0,E01361,push,Amy Schneider MD,2023-07-05,2025-06-03,departed,Retail Banking,Client-Advisory,1,Client Service Officer,59300.0,0.97,Female,35-39,Anglo-Australian,Full-time,False,False,E01361,acquisition,Entity_A,SAP-HR,23.0,23,False,699,Meets Expectations,59.4,routine_voluntary
E09849,2024-09-24,voluntary,Study/career change,True,False,Meets Expectations,119700.0,E08076,push,Richard Adams,2023-07-05,2024-09-24,departed,Risk & Compliance,Operations-Processing,1,Senior Analyst,119700.0,0.99,Male,18-24,Maori/Aboriginal & Torres Strait Islander,Full-time,False,False,E08076,acquisition,Entity_A,SAP-HR,35.0,14,False,447,High Performer,85.5,regrettable_attrition
E09866,2024-02-09,voluntary,Career advancement,True,False,High Performer,153800.0,E11736,push,Lisa Boone,2023-07-07,2024-02-09,departed,Risk & Compliance,Client-Advisory,2,"Manager, Risk & Compliance",153800.0,0.94,Female,18-24,South Asian,Full-time,False,False,E11736,acquisition,Entity_A,SAP-HR,43.0,7,False,217,Meets Expectations,66.3,routine_voluntary
E09875,2025-07-11,voluntary,Career advancement,True,False,Below Expectations,102500.0,E05545,push,Michael Cameron,2023-07-08,2025-07-11,departed,Insurance,Client-Advisory,1,Adviser,102500.0,0.94,Male,25-29,Anglo-Australian,Full-time,False,False,E05545,acquisition,Entity_A,SAP-HR,83.0,24,False,734,Meets Expectations,52.4,routine_voluntary
E09885,2024-05-31,voluntary,Career advancement,True,False,Below Expectations,156700.0,E00029,push,Zachary Rhodes,2023-07-09,2024-05-31,departed,Insurance,Management,2,"Manager, Insurance",156700.0,0.82,Male,18-24,Anglo-Australian,Part-time,False,False,E00029,acquisition,Entity_A,SAP-HR,35.0,10,False,327,Meets Expectations,70.7,routine_voluntary
E09897,2025-05-02,voluntary,Career advancement,True,False,High Performer,57400.0,E13430,pull,Steven Weiss,2023-07-11,2025-05-02,departed,Technology,Risk-Compliance,1,Compliance Officer,57400.0,1.14,Male,35-39,East Asian,Part-time,False,False,E13430,acquisition,Entity_A,SAP-HR,70.0,22,False,661,Meets Expectations,55.4,routine_voluntary
E09923,2024-10-11,involuntary,Involuntary - performance,True,False,Unsatisfactory,159700.0,E00204,push,Daniel Walker,2023-07-12,2024-10-11,departed,Risk & Compliance,Risk-Compliance,2,"Manager, Risk & Compliance",159700.0,1.05,Male,35-39,South Asian,Part-time,False,False,E00204,acquisition,Entity_A,SAP-HR,48.0,15,False,457,Meets Expectations,61.4,involuntary
E09924,2024-10-04,voluntary,Better opportunity,True,False,Outstanding,125100.0,E00014,pull,Philip Carter,2023-07-12,2024-10-04,departed,Corporate Operations,Management,1,Team Leader,125100.0,0.85,Male,30-34,Anglo-Australian,Full-time,True,False,E00014,acquisition,Entity_A,SAP-HR,43.0,15,False,450,High Performer,74.0,regrettable_attrition
E09967,2025-08-08,voluntary,Career advancement,True,False,Below Expectations,105800.0,E00139,push,William Griffin,2023-07-16,2025-08-08,departed,Technology,Management,1,Coordinator,105800.0,0.92,Male,30-34,European (non-Anglo),Full-time,False,False,E00139,acquisition,Entity_A,SAP-HR,27.0,25,False,754,Meets Expectations,81.0,routine_voluntary
E09974,2024-08-23,voluntary,Career advancement,False,False,Below Expectations,56200.0,E11272,push,Miranda Harrington,2023-07-16,2024-08-23,departed,Technology,Technology,1,Junior Developer,56200.0,0.94,Female,25-29,Latin American,Full-time,False,True,E11272,acquisition,Entity_A,SAP-HR,51.0,13,False,404,Meets Expectations,49.4,routine_voluntary
E09979,2024-04-05,voluntary,Career advancement,True,False,Meets Expectations,55000.0,E00639,pull,Brenda Owens,2023-07-17,2024-04-05,departed,Wealth Management,Risk-Compliance,1,Compliance Officer,55000.0,0.99,Female,30-34,East Asian,Casual,False,True,E00639,acquisition,Entity_A,SAP-HR,53.0,8,False,263,Meets Expectations,72.6,routine_voluntary
E10010,2025-08-24,voluntary,Career advancement,True,False,Meets Expectations,104400.0,E03196,push,Douglas Lowe,2023-07-19,2025-08-24,departed,Insurance,Corporate-Support,1,Specialist,104400.0,1.0,Male,35-39,Anglo-Australian,Full-time,False,False,E03196,acquisition,Entity_A,SAP-HR,71.0,25,False,767,Meets Expectations,81.3,routine_voluntary
E10027,2025-03-31,voluntary,Better opportunity,False,False,Outstanding,135500.0,E01430,pull,Katherine Watts,2023-07-20,2025-03-31,departed,Wealth Management,Corporate-Support,1,Senior Specialist,135500.0,0.83,Female,35-39,Anglo-Australian,Part-time,True,False,E01430,acquisition,Entity_A,SAP-HR,61.0,20,False,620,High Performer,78.1,regrettable_attrition
E10031,2025-02-28,involuntary,Involuntary - performance,False,False,Below Expectations,142700.0,E05384,push,William Stokes Jr.,2023-07-21,2025-02-28,departed,Insurance,Technology,1,Senior Engineer,142700.0,0.78,Male,35-39,Maori/Aboriginal & Torres Strait Islander,Full-time,True,True,E05384,acquisition,Entity_A,SAP-HR,33.0,19,False,588,High Performer,76.6,involuntary
E10061,2024-12-30,voluntary,Relocation,True,False,Meets Expectations,192500.0,E01206,push,Michael Pennington,2023-07-23,2024-12-30,departed,Retail Banking,Management,3,"Senior Manager, Retail Banking",192500.0,0.97,Male,35-39,Anglo-Australian,Full-time,False,False,E01206,acquisition,Entity_A,SAP-HR,86.0,17,False,526,Outstanding,80.8,regrettable_attrition
E10072,2024-07-30,voluntary,Career advancement,True,False,High Performer,112500.0,E07594,pull,Michelle Smith,2023-07-24,2024-07-30,departed,Retail Banking,Risk-Compliance,1,Risk Analyst,112500.0,0.9,Female,25-29,Pacific Islander,Full-time,False,False,E07594,acquisition,Entity_A,SAP-HR,46.0,12,False,372,Meets Expectations,62.2,routine_voluntary
E10076,2025-01-31,voluntary,Work-life balance,False,False,Meets Expectations,255700.0,E01001,push,Betty Vazquez,2023-07-24,2025-01-31,departed,Risk & Compliance,Risk-Compliance,4,"Director, Risk & Compliance",255700.0,1.01,Female,25-29,Southeast Asian,Full-time,False,False,E01001,acquisition,Entity_A,SAP-HR,44.0,18,False,557,Below Expectations,61.2,routine_voluntary
E10077,2024-06-14,voluntary,Better opportunity,True,False,Below Expectations,61300.0,E02960,push,Nicole Acosta,2023-07-24,2024-06-14,departed,Retail Banking,Risk-Compliance,1,Compliance Officer,61300.0,0.99,Female,40-44,Anglo-Australian,Part-time,False,False,E02960,acquisition,Entity_A,SAP-HR,63.0,10,False,326,High Performer,66.8,regrettable_attrition
E10080,2024-11-22,voluntary,Career advancement,False,False,Meets Expectations,70200.0,E04875,push,Emily Morris,2023-07-25,2024-11-22,departed,Risk & Compliance,Corporate-Support,1,Graduate,70200.0,1.04,Female,25-29,Anglo-Australian,Full-time,False,False,E04875,acquisition,Entity_A,SAP-HR,48.0,16,False,486,High Performer,96.6,regrettable_attrition
E10127,2025-10-10,voluntary,Better opportunity,True,False,High Performer,81700.0,E00435,push,Rodney Avila,2023-07-28,2025-10-10,departed,Risk & Compliance,Operations-Processing,1,Processing Officer,81700.0,0.96,Male,18-24,Anglo-Australian,Full-time,False,False,E00435,acquisition,Entity_A,SAP-HR,83.0,26,False,805,Meets Expectations,68.1,routine_voluntary
E10130,2024-07-26,voluntary,Career advancement,True,False,Meets Expectations,80600.0,E02153,push,Shane Costa,2023-07-28,2024-07-26,departed,Technology,Client-Advisory,1,Client Service Officer,80600.0,0.87,Male,30-34,Southeast Asian,Full-time,False,True,E02153,acquisition,Entity_A,SAP-HR,42.0,12,False,364,High Performer,66.5,regrettable_attrition
E10138,2025-11-01,voluntary,Study/career change,True,False,High Performer,124100.0,E02857,push,Michael Eaton,2023-07-29,2025-11-01,departed,Wealth Management,Client-Advisory,1,Senior Adviser,124100.0,0.93,Male,40-44,Anglo-Australian,Full-time,False,True,E02857,acquisition,Entity_A,SAP-HR,78.0,27,False,826,Meets Expectations,58.2,routine_voluntary
E10150,2024-05-10,involuntary,Involuntary - performance,True,False,Below Expectations,119100.0,E02634,push,Troy Walker,2023-07-30,2024-05-10,departed,Risk & Compliance,Corporate-Support,1,Senior Specialist,119100.0,0.84,Male,25-29,Prefer not to say,Full-time,False,True,E02634,acquisition,Entity_A,SAP-HR,30.0,9,False,285,Meets Expectations,80.7,involuntary
E10159,2025-07-05,voluntary,Career advancement,True,False,High Performer,74800.0,E10620,push,Carl Baker,2023-07-31,2025-07-05,departed,Retail Banking,Management,1,Administration Officer,74800.0,0.96,Male,40-44,Prefer not to say,Full-time,False,False,E10620,acquisition,Entity_A,SAP-HR,33.0,23,False,705,Meets Expectations,70.7,routine_voluntary
E10164,2025-04-04,involuntary,Involuntary - performance,False,False,Unsatisfactory,196300.0,E13776,push,Robert Robinson,2023-07-31,2025-04-04,departed,Technology,Technology,3,"Senior Manager, Technology",196300.0,0.91,Male,30-34,Anglo-Australian,Full-time,True,False,E13776,acquisition,Entity_A,SAP-HR,17.0,20,False,613,Meets Expectations,52.9,involuntary
E10167,2024-10-11,voluntary,Better opportunity,True,False,High Performer,118300.0,E07533,pull,Alexa Holland,2023-07-31,2024-10-11,departed,Technology,Management,1,Team Leader,118300.0,0.71,Female,30-34,Anglo-Australian,Full-time,True,False,E07533,acquisition,Entity_A,SAP-HR,71.0,14,False,438,Meets Expectations,76.0,regrettable_attrition
E10171,2024-10-29,voluntary,Better opportunity,True,False,Meets Expectations,215100.0,E13532,pull,Sean Martinez,2023-08-01,2024-10-29,departed,Retail Banking,Risk-Compliance,3,"Senior Manager, Retail Banking",215100.0,0.91,Male,35-39,Prefer not to say,Full-time,False,False,E13532,acquisition,Entity_A,SAP-HR,32.0,15,False,455,Meets Expectations,59.7,routine_voluntary
E10173,2024-11-01,voluntary,Better opportunity,True,True,Outstanding,216900.0,E04998,pull,Jessica Lewis,2023-08-01,2024-11-01,departed,Corporate Operations,Operations-Processing,3,"Senior Manager, Corporate Operations",216900.0,0.82,Female,30-34,Anglo-Australian,Part-time,True,False,E04998,acquisition,Entity_A,SAP-HR,18.0,15,False,458,High Performer,72.2,regrettable_attrition
E10181,2024-04-08,voluntary,Better opportunity,True,False,High Performer,162000.0,E03455,push,Crystal Sanchez DDS,2023-08-02,2024-04-08,departed,Corporate Operations,Technology,2,"Manager, Corporate Operations",162000.0,1.0,Female,40-44,Latin American,Casual,False,False,E03455,acquisition,Entity_A,SAP-HR,70.0,8,False,250,Below Expectations,48.6,routine_voluntary
E10188,2025-11-29,voluntary,Better opportunity,True,False,High Performer,120100.0,E04889,pull,Hunter Ibarra,2023-08-02,2025-11-29,departed,Insurance,Client-Advisory,1,Senior Adviser,120100.0,0.96,Male,30-34,Anglo-Australian,Part-time,False,False,E04889,acquisition,Entity_A,SAP-HR,19.0,28,False,850,Outstanding,99.5,regrettable_attrition
E10195,2024-11-29,voluntary,Career advancement,False,False,High Performer,209000.0,E10995,push,Brian Santos,2023-08-02,2024-11-29,departed,Retail Banking,Client-Advisory,3,"Senior Manager, Retail Banking",209000.0,1.08,Male,35-39,Anglo-Australian,Full-time,False,True,E10995,acquisition,Entity_A,SAP-HR,45.0,16,False,485,High Performer,78.5,regrettable_attrition
E10197,2025-08-08,voluntary,Better opportunity,True,True,High Performer,71600.0,E03257,pull,Sherry Hopkins,2023-08-02,2025-08-08,departed,Corporate Operations,Client-Advisory,1,Client Service Officer,71600.0,0.87,Female,18-24,Anglo-Australian,Full-time,True,False,E03257,acquisition,Entity_A,SAP-HR,26.0,24,False,737,Meets Expectations,70.8,regrettable_attrition
E10219,2025-04-17,involuntary,Involuntary - conduct,True,False,Meets Expectations,108300.0,E00909,push,Angela Smith,2023-08-05,2025-04-17,departed,Risk & Compliance,Risk-Compliance,1,Risk Analyst,108300.0,0.9,Female,25-29,Anglo-Australian,Full-time,True,False,E00909,acquisition,Entity_A,SAP-HR,36.0,20,False,621,Outstanding,80.7,involuntary
E10221,2025-01-17,voluntary,Career advancement,True,False,High Performer,181800.0,E13889,pull,Maria Alexander,2023-08-05,2025-01-17,departed,Technology,Management,2,"Manager, Technology",181800.0,1.04,Female,18-24,East Asian,Full-time,False,False,E13889,direct,NovaCorp-Origin,WorkdayHR,82.0,17,False,531,High Performer,63.7,regrettable_attrition
E10239,2024-10-13,voluntary,Compensation,True,False,High Performer,197000.0,E08033,push,Stephanie Vasquez,2023-08-06,2024-10-13,departed,Retail Banking,Operations-Processing,3,"Senior Manager, Retail Banking",197000.0,0.98,Female,35-39,Prefer not to say,Full-time,False,False,E08033,graduate,NovaCorp-Origin,WorkdayHR,43.0,14,False,434,High Performer,71.9,regrettable_attrition
E10241,2024-08-16,voluntary,Career advancement,True,False,Below Expectations,85500.0,E01798,push,Peter Morgan,2023-08-06,2024-08-16,departed,Risk & Compliance,Management,1,Coordinator,85500.0,0.9,Male,25-29,Anglo-Australian,Casual,False,True,E01798,acquisition,Entity_A,SAP-HR,80.0,12,False,376,Outstanding,86.3,regrettable_attrition
E10246,2024-11-08,voluntary,Better opportunity,True,True,High Performer,136500.0,E00262,pull,Cindy White,2023-08-06,2024-11-08,departed,Technology,Operations-Processing,2,"Manager, Technology",136500.0,0.84,Female,30-34,South Asian,Fixed-term,True,False,E00262,acquisition,Entity_A,SAP-HR,38.0,15,False,460,Meets Expectations,58.0,regrettable_attrition
E10265,2024-04-30,voluntary,Career advancement,False,False,Below Expectations,69300.0,E02596,push,Travis Williams,2023-08-08,2024-04-30,departed,Technology,Client-Advisory,1,Client Service Officer,69300.0,0.95,Male,30-34,South Asian,Full-time,False,True,E02596,acquisition,Entity_A,SAP-HR,63.0,8,False,266,High Performer,74.0,regrettable_attrition
E10267,2025-05-20,voluntary,Better opportunity,True,False,Below Expectations,139800.0,E01782,push,Mary Weiss,2023-08-08,2025-05-20,departed,Risk & Compliance,Operations-Processing,1,Senior Analyst,139800.0,0.84,Female,30-34,Anglo-Australian,Full-time,False,False,E01782,acquisition,Entity_A,SAP-HR,53.0,21,False,651,Meets Expectations,53.2,routine_voluntary
E10274,2025-08-02,voluntary,Work-life balance,True,False,Meets Expectations,237100.0,E10156,push,Ryan Gonzalez,2023-08-08,2025-08-02,departed,Insurance,Client-Advisory,3,"Senior Manager, Insurance",237100.0,0.98,Male,40-44,East Asian,Full-time,False,False,E10156,acquisition,Entity_A,SAP-HR,50.0,24,False,725,Meets Expectations,61.7,routine_voluntary
E10281,2025-01-03,voluntary,Career advancement,True,False,Meets Expectations,97800.0,E07985,push,Kenneth Howard,2023-08-09,2025-01-03,departed,Risk & Compliance,Corporate-Support,1,Specialist,97800.0,0.97,Male,35-39,East Asian,Full-time,False,True,E07985,acquisition,Entity_A,SAP-HR,51.0,17,False,513,High Performer,85.6,regrettable_attrition
E10299,2025-03-07,voluntary,Career advancement,True,False,Meets Expectations,122200.0,E01121,push,Nathan Parks,2023-08-11,2025-03-07,departed,Retail Banking,Risk-Compliance,1,Senior Risk Analyst,122200.0,0.97,Male,40-44,Anglo-Australian,Full-time,False,False,E01121,acquisition,Entity_A,SAP-HR,48.0,19,False,574,Meets Expectations,62.4,routine_voluntary
E10306,2024-05-31,voluntary,Career advancement,True,False,Meets Expectations,137100.0,E04782,push,Caitlin Keller,2023-08-11,2024-05-31,departed,Corporate Operations,Corporate-Support,1,Senior Specialist,137100.0,0.98,Female,25-29,South Asian,Full-time,False,False,E04782,acquisition,Entity_A,SAP-HR,15.0,9,False,294,High Performer,78.0,regrettable_attrition
E10338,2025-03-02,involuntary,Involuntary - performance,True,False,Below Expectations,101600.0,E02439,push,Jodi Sanders,2023-08-13,2025-03-02,departed,Wealth Management,Client-Advisory,1,Adviser,101600.0,0.9,Female,25-29,Southeast Asian,Full-time,False,False,E02439,acquisition,Entity_A,SAP-HR,40.0,18,False,567,High Performer,74.7,involuntary
E10353,2025-05-27,voluntary,Better opportunity,True,True,Outstanding,85300.0,E09029,pull,Deanna Norman,2023-08-14,2025-05-27,departed,Retail Banking,Management,1,Coordinator,85300.0,0.94,Female,25-29,Anglo-Australian,Full-time,False,False,E09029,acquisition,Entity_A,SAP-HR,81.0,21,False,652,Meets Expectations,67.7,routine_voluntary
E10373,2025-09-30,voluntary,Career advancement,False,False,Meets Expectations,125600.0,E00798,push,Frank Wheeler,2023-08-16,2025-09-30,departed,Technology,Management,1,Team Leader,125600.0,0.94,Male,25-29,Anglo-Australian,Part-time,False,False,E00798,acquisition,Entity_A,SAP-HR,33.0,25,False,776,Meets Expectations,68.1,routine_voluntary
E10387,2024-09-06,voluntary,Career advancement,True,False,Meets Expectations,104300.0,E10828,pull,Scott Parker,2023-08-17,2024-09-06,departed,Retail Banking,Operations-Processing,1,Analyst,104300.0,0.82,Male,40-44,Anglo-Australian,Full-time,True,True,E10828,referral,NovaCorp-Origin,WorkdayHR,59.0,12,False,386,Meets Expectations,69.5,regrettable_attrition
E10394,2024-12-05,voluntary,Better opportunity,True,False,Unsatisfactory,202600.0,E05536,push,Janet Smith,2023-08-18,2024-12-05,departed,Technology,Client-Advisory,3,"Senior Manager, Technology",202600.0,1.02,Female,35-39,Anglo-Australian,Full-time,False,False,E05536,acquisition,Entity_A,SAP-HR,77.0,15,False,475,Outstanding,86.6,regrettable_attrition
E10435,2025-10-07,voluntary,Better opportunity,True,True,Outstanding,131200.0,E12251,pull,Caitlin White,2023-08-22,2025-10-07,departed,Retail Banking,Operations-Processing,1,Senior Analyst,131200.0,0.93,Female,35-39,Pacific Islander,Full-time,False,False,E12251,direct,NovaCorp-Origin,WorkdayHR,41.0,25,False,777,Meets Expectations,78.8,routine_voluntary
E10440,2024-10-09,involuntary,Involuntary - performance,True,False,Below Expectations,116500.0,E02109,push,Lisa Good,2023-08-23,2024-10-09,departed,Insurance,Risk-Compliance,1,Senior Risk Analyst,116500.0,1.05,Female,18-24,Anglo-Australian,Full-time,False,False,E02109,direct,NovaCorp-Origin,WorkdayHR,77.0,13,False,413,Below Expectations,28.1,involuntary
E10452,2025-05-16,voluntary,Better opportunity,False,False,Below Expectations,90000.0,E00036,push,Jonathan Rodriguez,2023-08-24,2025-05-16,departed,Corporate Operations,Corporate-Support,1,Specialist,90000.0,0.95,Male,30-34,Pacific Islander,Fixed-term,False,False,E00036,acquisition,Entity_A,SAP-HR,27.0,21,False,631,Meets Expectations,68.3,routine_voluntary
E10454,2024-06-28,voluntary,Better opportunity,True,False,Meets Expectations,92900.0,E02293,pull,Stacy Shaffer,2023-08-24,2024-06-28,departed,Corporate Operations,Risk-Compliance,1,Risk Analyst,92900.0,1.0,Female,18-24,Southeast Asian,Full-time,False,False,E02293,acquisition,Entity_A,SAP-HR,34.0,10,False,309,Outstanding,75.9,regrettable_attrition
E10455,2025-01-31,voluntary,Career advancement,True,False,Below Expectations,130900.0,E03364,push,Ethan Craig,2023-08-24,2025-01-31,departed,Technology,Risk-Compliance,1,Senior Risk Analyst,130900.0,1.04,Male,30-34,East Asian,Full-time,False,True,E03364,acquisition,Entity_A,SAP-HR,33.0,17,False,526,Unsatisfactory,52.9,routine_voluntary
E10456,2025-11-28,voluntary,Career advancement,True,False,High Performer,117000.0,E03006,push,William Lewis,2023-08-24,2025-11-28,departed,Wealth Management,Technology,1,Senior Engineer,117000.0,0.99,Male,35-39,Anglo-Australian,Full-time,False,True,E03006,acquisition,Entity_A,SAP-HR,36.0,27,False,827,Meets Expectations,61.6,routine_voluntary
E10474,2024-12-13,voluntary,Career advancement,True,False,Unsatisfactory,121600.0,E13936,push,Daniel Kramer,2023-08-26,2024-12-13,departed,Retail Banking,Management,1,Team Leader,121600.0,0.93,Male,35-39,Southeast Asian,Full-time,False,True,E13936,acquisition,Entity_A,SAP-HR,80.0,15,False,475,Below Expectations,51.0,routine_voluntary
E10491,2025-10-10,voluntary,Career advancement,True,True,Outstanding,135900.0,E00177,push,Nicole Zhang,2023-08-27,2025-10-10,departed,Insurance,Management,2,"Manager, Insurance",135900.0,0.97,Female,25-29,Anglo-Australian,Full-time,False,False,E00177,acquisition,Entity_A,SAP-HR,59.0,25,False,775,High Performer,60.2,regrettable_attrition
E10507,2025-04-14,involuntary,Involuntary - performance,False,False,Below Expectations,137400.0,E01177,push,Andrea Rivera,2023-08-29,2025-04-14,departed,Retail Banking,Risk-Compliance,1,Senior Risk Analyst,137400.0,0.96,Female,30-34,Anglo-Australian,Full-time,False,False,E01177,agency,NovaCorp-Origin,WorkdayHR,28.0,19,False,594,Meets Expectations,84.4,involuntary
E10533,2025-09-19,voluntary,Career advancement,True,False,Meets Expectations,102500.0,E06210,pull,Lonnie Strickland,2023-08-30,2025-09-19,departed,Risk & Compliance,Technology,1,Engineer,102500.0,1.03,Male,35-39,Anglo-Australian,Full-time,False,False,E06210,acquisition,Entity_A,SAP-HR,69.0,25,False,751,Meets Expectations,63.8,routine_voluntary
E10552,2025-01-10,voluntary,Career advancement,True,True,High Performer,131600.0,E02554,pull,Sandra Burnett,2023-08-31,2025-01-10,departed,Risk & Compliance,Corporate-Support,1,Senior Specialist,131600.0,0.95,Female,30-34,Anglo-Australian,Full-time,True,False,E02554,acquisition,Entity_A,SAP-HR,27.0,16,False,498,Meets Expectations,65.0,regrettable_attrition
E10562,2024-10-08,voluntary,Career advancement,True,False,Meets Expectations,157300.0,E01953,push,Joseph Cook,2023-09-01,2024-10-08,departed,Technology,Corporate-Support,2,"Manager, Technology",157300.0,1.06,Male,30-34,Southeast Asian,Full-time,False,False,E01953,acquisition,Entity_A,SAP-HR,33.0,13,False,403,Meets Expectations,65.0,routine_voluntary
E10584,2025-02-10,voluntary,Career advancement,True,False,Meets Expectations,100800.0,E11861,push,Jennifer Sexton,2023-09-03,2025-02-10,departed,Retail Banking,Technology,1,Engineer,100800.0,0.91,Female,18-24,European (non-Anglo),Full-time,False,False,E11861,acquisition,Entity_A,SAP-HR,65.0,17,False,526,Below Expectations,54.5,routine_voluntary
E10603,2024-10-30,voluntary,Career advancement,True,False,Outstanding,77700.0,E03292,pull,Kelly Welch,2023-09-05,2024-10-30,departed,Retail Banking,Operations-Processing,1,Processing Officer,77700.0,0.97,Female,30-34,Anglo-Australian,Full-time,False,False,E03292,acquisition,Entity_A,SAP-HR,50.0,14,False,421,High Performer,80.4,regrettable_attrition
E10605,2025-03-03,voluntary,Better opportunity,True,False,High Performer,107200.0,E07012,pull,Gwendolyn Kramer,2023-09-05,2025-03-03,departed,Risk & Compliance,Management,1,Coordinator,107200.0,0.89,Female,18-24,Anglo-Australian,Full-time,False,False,E07012,acquisition,Entity_A,SAP-HR,20.0,18,False,545,Meets Expectations,68.2,routine_voluntary
E10619,2025-10-31,voluntary,Career advancement,True,False,Meets Expectations,169100.0,E11874,pull,Mr. Christopher Hodges DVM,2023-09-06,2025-10-31,departed,Retail Banking,Management,2,"Manager, Retail Banking",169100.0,0.86,Male,30-34,South Asian,Full-time,False,False,E11874,acquisition,Entity_A,SAP-HR,37.0,26,False,786,Meets Expectations,76.7,routine_voluntary
E10661,2024-07-31,voluntary,Role uncertainty / unclear future,False,False,Meets Expectations,250300.0,E12675,push,Darlene Hill,2023-09-10,2024-07-31,departed,Retail Banking,Technology,4,"Director, Retail Banking",250300.0,0.92,Female,35-39,Anglo-Australian,Full-time,True,False,E12675,direct,NovaCorp-Origin,WorkdayHR,20.0,10,False,325,High Performer,75.5,regrettable_attrition
E10663,2024-02-09,involuntary,Involuntary - performance,True,False,Unsatisfactory,108000.0,E06390,push,Susan Adams,2023-09-10,2024-02-09,departed,Technology,Management,1,Coordinator,108000.0,0.87,Female,25-29,Anglo-Australian,Full-time,False,False,E06390,acquisition,Entity_A,SAP-HR,82.0,5,False,152,High Performer,86.2,involuntary
E10665,2024-08-14,voluntary,Career advancement,True,False,Meets Expectations,66700.0,E01211,pull,Allison Drake,2023-09-10,2024-08-14,departed,Insurance,Management,1,Administration Officer,66700.0,0.91,Female,18-24,East Asian,Full-time,False,False,E01211,acquisition,Entity_A,SAP-HR,76.0,11,False,339,Meets Expectations,63.3,routine_voluntary
E10666,2025-05-13,voluntary,Compensation,True,False,Meets Expectations,59600.0,E01891,push,Alexis Gonzalez,2023-09-10,2025-05-13,departed,Technology,Corporate-Support,1,Graduate,59600.0,0.92,Female,18-24,Anglo-Australian,Full-time,False,False,E01891,acquisition,Entity_A,SAP-HR,61.0,20,False,611,Meets Expectations,62.2,routine_voluntary
E10691,2025-07-31,voluntary,Career advancement,False,False,Meets Expectations,82500.0,E02095,push,Allen Vega,2023-09-12,2025-07-31,departed,Corporate Operations,Management,1,Administration Officer,82500.0,0.98,Male,30-34,Pacific Islander,Full-time,True,False,E02095,acquisition,Entity_A,SAP-HR,62.0,22,False,688,Outstanding,82.7,regrettable_attrition
E10705,2024-09-24,voluntary,Better opportunity,True,False,Meets Expectations,83800.0,E06080,push,Kelsey Jones,2023-09-13,2024-09-24,departed,Retail Banking,Technology,1,Junior Developer,83800.0,0.96,Female,35-39,Anglo-Australian,Full-time,False,False,E06080,acquisition,Entity_A,SAP-HR,74.0,12,False,377,Outstanding,76.0,regrettable_attrition
E10748,2024-07-31,voluntary,Career advancement,True,False,Below Expectations,103700.0,E00947,push,Timothy Brown,2023-09-16,2024-07-31,departed,Retail Banking,Risk-Compliance,1,Risk Analyst,103700.0,0.94,Male,18-24,Anglo-Australian,Full-time,False,True,E00947,acquisition,Entity_A,SAP-HR,45.0,10,False,319,Meets Expectations,80.1,routine_voluntary
E10753,2025-07-03,voluntary,Career advancement,True,False,Outstanding,55000.0,E02706,pull,Jennifer Myers,2023-09-16,2025-07-03,departed,Retail Banking,Corporate-Support,1,Graduate,55000.0,0.93,Female,30-34,Anglo-Australian,Full-time,False,False,E02706,acquisition,Entity_A,SAP-HR,68.0,21,False,656,Outstanding,93.7,regrettable_attrition
E10760,2024-10-02,voluntary,Career advancement,True,True,High Performer,80700.0,E02072,pull,Samantha Figueroa,2023-09-17,2024-10-02,departed,Risk & Compliance,Technology,1,Junior Developer,80700.0,0.88,Female,40-44,Anglo-Australian,Full-time,True,False,E02072,acquisition,Entity_A,SAP-HR,52.0,12,False,381,High Performer,74.2,regrettable_attrition
E10765,2025-05-22,voluntary,Career advancement,True,False,Below Expectations,137300.0,E05817,push,Christopher Gray,2023-09-17,2025-05-22,departed,Retail Banking,Operations-Processing,2,"Manager, Retail Banking",137300.0,0.97,Male,25-29,Maori/Aboriginal & Torres Strait Islander,Full-time,False,False,E05817,acquisition,Entity_A,SAP-HR,64.0,20,False,613,Meets Expectations,59.4,routine_voluntary
E10774,2024-08-30,voluntary,Career advancement,True,False,Meets Expectations,110400.0,E01257,push,Kimberly Hill,2023-09-18,2024-08-30,departed,Insurance,Risk-Compliance,1,Risk Analyst,110400.0,1.02,Female,30-34,Anglo-Australian,Full-time,False,False,E01257,acquisition,Entity_A,SAP-HR,53.0,11,False,347,Meets Expectations,64.2,routine_voluntary
E10791,2025-02-07,involuntary,Involuntary - performance,True,False,Below Expectations,130100.0,E10140,push,Summer Jackson,2023-09-19,2025-02-07,departed,Insurance,Corporate-Support,1,Senior Specialist,130100.0,0.89,Female,35-39,Anglo-Australian,Full-time,False,True,E10140,acquisition,Entity_A,SAP-HR,82.0,16,False,507,Meets Expectations,69.7,involuntary
E10825,2024-08-09,voluntary,Career advancement,True,False,Meets Expectations,128000.0,E00412,push,Scott White,2023-09-22,2024-08-09,departed,Technology,Client-Advisory,2,"Manager, Technology",128000.0,0.98,Male,25-29,South Asian,Part-time,False,False,E00412,acquisition,Entity_A,SAP-HR,31.0,10,False,322,High Performer,76.8,regrettable_attrition
E10827,2024-12-06,voluntary,Career advancement,True,False,High Performer,138600.0,E10673,push,Brian Clements,2023-09-22,2024-12-06,departed,Insurance,Management,1,Team Leader,138600.0,0.88,Male,30-34,Anglo-Australian,Fixed-term,False,True,E10673,acquisition,Entity_A,SAP-HR,40.0,14,False,441,High Performer,77.6,regrettable_attrition
E10842,2024-06-28,voluntary,Career advancement,True,False,High Performer,134200.0,E01753,pull,Hunter Heath,2023-09-23,2024-06-28,departed,Risk & Compliance,Corporate-Support,1,Senior Specialist,134200.0,0.92,Male,25-29,Anglo-Australian,Full-time,False,False,E01753,acquisition,Entity_A,SAP-HR,39.0,9,False,279,Meets Expectations,68.1,routine_voluntary
E10869,2025-08-02,voluntary,Career advancement,True,False,Below Expectations,127400.0,E02465,push,Curtis Watson,2023-09-25,2025-08-02,departed,Insurance,Management,1,Team Leader,127400.0,0.99,Male,35-39,Anglo-Australian,Part-time,False,False,E02465,acquisition,Entity_A,SAP-HR,23.0,22,False,677,High Performer,71.5,regrettable_attrition
E10894,2025-04-30,involuntary,Involuntary - performance,True,False,Unsatisfactory,177800.0,E13190,push,Alexis Howell,2023-09-28,2025-04-30,departed,Retail Banking,Technology,3,"Senior Manager, Retail Banking",177800.0,0.9,Female,30-34,Anglo-Australian,Full-time,False,True,E13190,acquisition,Entity_A,SAP-HR,64.0,19,False,580,High Performer,71.2,involuntary
E10905,2024-11-05,voluntary,Career advancement,False,False,Meets Expectations,84400.0,E12254,push,Ryan Smith,2023-09-28,2024-11-05,departed,Wealth Management,Operations-Processing,1,Processing Officer,84400.0,0.94,Male,18-24,East Asian,Full-time,False,False,E12254,acquisition,Entity_A,SAP-HR,77.0,13,False,404,High Performer,64.0,regrettable_attrition
E10910,2024-04-30,voluntary,Career advancement,False,False,High Performer,130700.0,E02503,push,Larry Johnson,2023-09-29,2024-04-30,departed,Technology,Technology,1,Senior Engineer,130700.0,0.94,Male,25-29,South Asian,Full-time,False,False,E02503,acquisition,Entity_A,SAP-HR,73.0,7,False,214,Meets Expectations,69.1,routine_voluntary
E10920,2024-09-27,voluntary,Work-life balance,True,False,Meets Expectations,139100.0,E11232,push,Elizabeth Austin,2023-09-29,2024-09-27,departed,Retail Banking,Management,1,Team Leader,139100.0,1.02,Female,25-29,Anglo-Australian,Part-time,False,False,E11232,acquisition,Entity_A,SAP-HR,55.0,12,False,364,Meets Expectations,65.0,routine_voluntary
E10922,2025-05-30,voluntary,Career advancement,False,False,Meets Expectations,117100.0,E03085,push,Lori Henderson,2023-09-29,2025-05-30,departed,Retail Banking,Operations-Processing,1,Senior Analyst,117100.0,0.91,Female,25-29,Anglo-Australian,Full-time,False,False,E03085,acquisition,Entity_A,SAP-HR,57.0,20,False,609,Meets Expectations,62.9,routine_voluntary
E10933,2025-02-28,involuntary,Involuntary - performance,False,False,Below Expectations,81200.0,E06335,push,Sarah Randolph,2023-10-01,2025-02-28,departed,Corporate Operations,Operations-Processing,1,Processing Officer,81200.0,1.06,Female,25-29,Anglo-Australian,Full-time,False,False,E06335,acquisition,Entity_A,SAP-HR,63.0,17,False,516,Meets Expectations,56.5,involuntary
E10940,2024-09-03,involuntary,Involuntary - performance,False,False,Unsatisfactory,123900.0,E02901,push,Allison Maldonado,2023-10-02,2024-09-03,departed,Insurance,Technology,1,Senior Engineer,123900.0,0.77,Female,30-34,Southeast Asian,Full-time,True,False,E02901,agency,NovaCorp-Origin,WorkdayHR,86.0,11,False,337,High Performer,71.7,involuntary
E10947,2025-09-30,voluntary,Role uncertainty / unclear future,False,False,Meets Expectations,116700.0,E05579,push,Rachel Warren,2023-10-03,2025-09-30,departed,Retail Banking,Operations-Processing,1,Senior Analyst,116700.0,0.94,Female,18-24,East Asian,Casual,False,False,E05579,acquisition,Entity_A,SAP-HR,66.0,24,False,728,High Performer,94.2,regrettable_attrition
E10972,2024-10-04,voluntary,Career advancement,True,False,Below Expectations,105200.0,E02629,pull,Randall Lopez,2023-10-04,2024-10-04,departed,Risk & Compliance,Management,1,Coordinator,105200.0,0.97,Male,25-29,Maori/Aboriginal & Torres Strait Islander,Full-time,False,True,E02629,acquisition,Entity_A,SAP-HR,64.0,12,False,366,Outstanding,90.1,regrettable_attrition
E10976,2024-09-08,voluntary,Career advancement,True,False,High Performer,76200.0,E13570,push,Mrs. Nancy Ward,2023-10-04,2024-09-08,departed,Executive Leadership,Management,1,Administration Officer,76200.0,0.95,Female,18-24,African,Fixed-term,True,True,E13570,referral,NovaCorp-Origin,WorkdayHR,61.0,11,False,340,High Performer,70.7,regrettable_attrition
E10990,2024-08-30,voluntary,Career advancement,True,False,Meets Expectations,110100.0,E02227,push,Scott Tapia,2023-10-05,2024-08-30,departed,Technology,Management,1,Coordinator,110100.0,0.94,Male,35-39,Anglo-Australian,Fixed-term,False,False,E02227,acquisition,Entity_A,SAP-HR,68.0,11,False,330,Meets Expectations,59.4,routine_voluntary
E10995,2024-10-31,voluntary,Career advancement,True,False,Unsatisfactory,297100.0,E06643,push,Jasmine Lang,2023-10-05,2024-10-31,departed,Retail Banking,Management,4,"Director, Retail Banking",297100.0,1.06,Female,35-39,East Asian,Full-time,False,False,E06643,acquisition,Entity_A,SAP-HR,80.0,13,False,392,High Performer,60.1,regrettable_attrition
E11054,2025-05-09,voluntary,Better opportunity,False,False,High Performer,120700.0,E01456,pull,Kim Welch,2023-10-11,2025-05-09,departed,Wealth Management,Corporate-Support,1,Senior Specialist,120700.0,1.02,Female,30-34,East Asian,Full-time,False,True,E01456,acquisition,Entity_A,SAP-HR,37.0,19,False,576,High Performer,76.7,regrettable_attrition
E11058,2025-10-17,involuntary,Involuntary - performance,False,False,Meets Expectations,95900.0,E01445,push,Gregory Wiley,2023-10-11,2025-10-17,departed,Wealth Management,Risk-Compliance,1,Risk Analyst,95900.0,0.9,Male,30-34,South Asian,Part-time,False,False,E01445,agency,NovaCorp-Origin,WorkdayHR,59.0,24,False,737,Below Expectations,44.4,involuntary
E11079,2025-06-13,voluntary,Career advancement,True,False,Meets Expectations,130200.0,E02966,push,David Jackson,2023-10-13,2025-06-13,departed,Corporate Operations,Corporate-Support,1,Senior Specialist,130200.0,1.01,Male,35-39,Latin American,Full-time,False,False,E02966,acquisition,Entity_A,SAP-HR,45.0,20,False,609,Meets Expectations,59.8,routine_voluntary
E11085,2025-07-11,voluntary,Career advancement,True,False,Meets Expectations,71100.0,E07759,pull,Michael Elliott,2023-10-13,2025-07-11,departed,Insurance,Risk-Compliance,1,Compliance Officer,71100.0,0.97,Male,40-44,Anglo-Australian,Full-time,False,False,E07759,acquisition,Entity_A,SAP-HR,17.0,21,False,637,Unsatisfactory,39.7,routine_voluntary
E11105,2025-08-06,involuntary,Involuntary - restructure,True,False,Meets Expectations,140000.0,E07388,push,Ricky Spencer,2023-11-02,2025-08-06,departed,Technology,Corporate-Support,1,Senior Specialist,140000.0,0.94,Male,18-24,Anglo-Australian,Full-time,False,True,E07388,direct,NovaCorp-Origin,WorkdayHR,21.0,21,False,643,Below Expectations,56.1,involuntary
E11111,2025-01-31,voluntary,Career advancement,True,True,High Performer,159100.0,E12587,pull,Olivia Morgan,2023-11-09,2025-01-31,departed,Technology,Operations-Processing,2,"Manager, Technology",159100.0,0.93,Female,35-39,Maori/Aboriginal & Torres Strait Islander,Full-time,True,False,E12587,graduate,NovaCorp-Origin,WorkdayHR,29.0,14,False,449,High Performer,71.5,regrettable_attrition
E11117,2025-09-26,voluntary,Career advancement,False,False,Meets Expectations,80300.0,E02039,push,Kimberly Cooke,2023-11-17,2025-09-26,departed,Insurance,Corporate-Support,1,Graduate,80300.0,0.85,Female,30-34,Prefer not to say,Full-time,False,False,E02039,agency,NovaCorp-Origin,WorkdayHR,26.0,22,False,679,Meets Expectations,57.1,routine_voluntary
E11133,2024-04-30,involuntary,Involuntary - performance,False,False,Below Expectations,134700.0,E14493,push,Zachary Mckay,2023-12-04,2024-04-30,departed,Insurance,Corporate-Support,2,"Manager, Insurance",134700.0,0.93,Non-binary,25-29,Anglo-Australian,Full-time,False,False,E14493,agency,NovaCorp-Origin,WorkdayHR,88.0,4,False,148,Meets Expectations,68.5,involuntary
E11164,2025-11-27,voluntary,Career advancement,True,False,High Performer,117900.0,E12810,pull,Nancy Garcia,2024-01-22,2025-11-27,departed,Corporate Operations,Client-Advisory,2,"Manager, Corporate Operations",117900.0,0.94,Prefer not to say,18-24,East Asian,Full-time,False,False,E12810,agency,NovaCorp-Origin,WorkdayHR,82.0,22,False,675,Meets Expectations,66.2,routine_voluntary
E11183,2025-02-14,voluntary,Career advancement,True,False,Meets Expectations,119500.0,E03663,push,Joshua Stanley,2024-02-15,2025-02-14,departed,Corporate Operations,Client-Advisory,1,Senior Adviser,119500.0,0.96,Male,25-29,South Asian,Full-time,False,False,E03663,agency,NovaCorp-Origin,WorkdayHR,48.0,12,False,365,High Performer,70.1,regrettable_attrition
E11188,2025-05-28,voluntary,Relocation,True,True,Outstanding,72500.0,E01691,push,Tiffany Mcgee,2024-03-03,2025-05-28,departed,Retail Banking,Client-Advisory,1,Client Service Officer,72500.0,0.95,Female,25-29,Anglo-Australian,Full-time,True,False,E01691,agency,NovaCorp-Origin,WorkdayHR,67.0,15,False,451,Meets Expectations,65.2,regrettable_attrition
E11197,2025-04-11,voluntary,Career advancement,True,True,Meets Expectations,113400.0,E00360,pull,Lisa Kaiser,2024-03-10,2025-04-11,departed,Retail Banking,Technology,1,Engineer,113400.0,0.81,Female,30-34,East Asian,Full-time,True,False,E00360,agency,NovaCorp-Origin,WorkdayHR,57.0,13,False,397,High Performer,81.2,regrettable_attrition
E11212,2025-01-26,involuntary,Involuntary - performance,False,False,Below Expectations,160200.0,E03015,push,Kelly Guerra,2024-03-31,2025-01-26,departed,Retail Banking,Operations-Processing,2,"Manager, Retail Banking",160200.0,0.94,Female,25-29,Southeast Asian,Full-time,False,True,E03015,referral,NovaCorp-Origin,WorkdayHR,73.0,10,False,301,Meets Expectations,57.8,involuntary
E11228,2024-07-04,voluntary,Career advancement,True,False,Meets Expectations,137200.0,E03670,push,Christopher Taylor MD,2024-04-21,2024-07-04,departed,Risk & Compliance,Technology,2,"Manager, Risk & Compliance",137200.0,0.99,Male,35-39,Anglo-Australian,Full-time,False,False,E03670,agency,NovaCorp-Origin,WorkdayHR,62.0,2,False,74,Meets Expectations,67.0,hiring_inefficiency
E11255,2025-09-30,voluntary,Career advancement,True,False,High Performer,155800.0,E04856,push,Alison Zuniga,2024-05-10,2025-09-30,departed,Insurance,Operations-Processing,2,"Manager, Insurance",155800.0,0.95,Female,30-34,East Asian,Part-time,True,True,E04856,acquisition,Entity_B,BambooHR-EntityB,76.0,16,False,508,Meets Expectations,61.2,regrettable_attrition
E11267,2024-06-28,voluntary,Compensation,True,False,Meets Expectations,145700.0,E06041,push,Joshua Turner,2024-05-11,2024-06-28,departed,Technology,Client-Advisory,2,"Manager, Technology",145700.0,1.04,Male,18-24,Anglo-Australian,Full-time,False,False,E06041,acquisition,Entity_B,BambooHR-EntityB,60.0,1,False,48,Meets Expectations,61.8,hiring_inefficiency
E11280,2024-10-18,voluntary,Study/career change,True,False,Meets Expectations,136600.0,E08247,push,Derrick Nunez,2024-05-11,2024-10-18,departed,Risk & Compliance,Operations-Processing,1,Senior Analyst,136600.0,1.05,Male,25-29,Pacific Islander,Full-time,False,False,E08247,acquisition,Entity_B,BambooHR-EntityB,84.0,5,False,160,High Performer,84.5,routine_voluntary
E11285,2024-06-10,voluntary,Career advancement,True,False,Meets Expectations,67400.0,E08044,push,Brett Brown,2024-05-11,2024-06-10,departed,Wealth Management,Operations-Processing,1,Processing Officer,67400.0,1.06,Male,35-39,Anglo-Australian,Part-time,False,False,E08044,acquisition,Entity_B,BambooHR-EntityB,79.0,1,False,30,High Performer,76.4,hiring_inefficiency
E11299,2025-02-28,voluntary,Compensation,True,False,Meets Expectations,146300.0,E00397,push,Heather Moore,2024-05-13,2025-02-28,departed,Retail Banking,Technology,1,Senior Engineer,146300.0,1.08,Female,18-24,Maori/Aboriginal & Torres Strait Islander,Full-time,False,True,E00397,acquisition,Entity_B,BambooHR-EntityB,42.0,9,False,291,Outstanding,81.2,regrettable_attrition
E11305,2024-06-29,voluntary,Better opportunity,True,False,Meets Expectations,98000.0,E07231,pull,Melissa Rodriguez,2024-05-13,2024-06-29,departed,Corporate Operations,Management,1,Coordinator,98000.0,1.0,Female,40-44,Anglo-Australian,Full-time,False,True,E07231,acquisition,Entity_B,BambooHR-EntityB,72.0,1,False,47,High Performer,68.2,hiring_inefficiency
E11307,2025-09-12,voluntary,Work-life balance,True,False,High Performer,75800.0,E00500,push,Nicole Johnson,2024-05-13,2025-09-12,departed,Insurance,Client-Advisory,1,Client Service Officer,75800.0,0.91,Female,35-39,Anglo-Australian,Full-time,False,True,E00500,acquisition,Entity_B,BambooHR-EntityB,87.0,16,False,487,High Performer,72.2,regrettable_attrition
E11310,2024-06-07,voluntary,Career advancement,True,False,Outstanding,99700.0,E01695,pull,Susan Williams,2024-05-13,2024-06-07,departed,Corporate Operations,Risk-Compliance,1,Risk Analyst,99700.0,0.75,Non-binary,18-24,Southeast Asian,Full-time,True,False,E01695,agency,NovaCorp-Origin,WorkdayHR,83.0,0,False,25,Outstanding,80.1,hiring_inefficiency
E11325,2025-09-15,voluntary,Relocation,True,False,Meets Expectations,59800.0,E01781,push,Anna Lopez,2024-05-14,2025-09-15,departed,Retail Banking,Operations-Processing,1,Processing Officer,59800.0,0.95,Female,30-34,Anglo-Australian,Part-time,False,False,E01781,acquisition,Entity_B,BambooHR-EntityB,26.0,16,False,489,Outstanding,83.8,regrettable_attrition
E11335,2025-07-25,voluntary,Career advancement,True,False,High Performer,71500.0,E02626,pull,Jason Carpenter,2024-05-15,2025-07-25,departed,Insurance,Risk-Compliance,1,Compliance Officer,71500.0,0.83,Male,25-29,Anglo-Australian,Full-time,False,True,E02626,acquisition,Entity_B,BambooHR-EntityB,33.0,14,False,436,Meets Expectations,63.8,routine_voluntary
E11337,2025-10-10,voluntary,Role uncertainty / unclear future,True,False,Meets Expectations,152400.0,E00164,push,Scott Villa,2024-05-15,2025-10-10,departed,Retail Banking,Corporate-Support,2,"Manager, Retail Banking",152400.0,0.98,Male,18-24,Anglo-Australian,Full-time,False,False,E00164,direct,NovaCorp-Origin,WorkdayHR,72.0,17,False,513,Meets Expectations,61.6,routine_voluntary
E11344,2025-11-28,involuntary,Involuntary - conduct,False,False,High Performer,165600.0,E13961,push,Jill Miller,2024-05-15,2025-11-28,departed,Risk & Compliance,Operations-Processing,2,"Manager, Risk & Compliance",165600.0,0.95,Female,30-34,Maori/Aboriginal & Torres Strait Islander,Full-time,False,False,E13961,acquisition,Entity_B,BambooHR-EntityB,19.0,18,False,562,Outstanding,88.0,involuntary
E11358,2024-09-30,voluntary,Career advancement,True,False,Below Expectations,62300.0,E02791,push,Miss Christine Taylor,2024-05-16,2024-09-30,departed,Risk & Compliance,Operations-Processing,1,Processing Officer,62300.0,0.99,Female,30-34,Anglo-Australian,Full-time,False,False,E02791,acquisition,Entity_B,BambooHR-EntityB,44.0,4,False,137,High Performer,80.2,routine_voluntary
E11366,2025-04-18,voluntary,Career advancement,False,False,Outstanding,206700.0,E04056,pull,Colleen David,2024-05-17,2025-04-18,departed,Insurance,Operations-Processing,3,"Senior Manager, Insurance",206700.0,0.99,Female,25-29,Middle Eastern,Full-time,False,True,E04056,acquisition,Entity_B,BambooHR-EntityB,80.0,11,False,336,Meets Expectations,65.4,routine_voluntary
E11376,2024-06-16,voluntary,Better opportunity,False,False,Meets Expectations,321700.0,E08057,pull,Robert Santiago,2024-05-17,2024-06-16,departed,Technology,Operations-Processing,4,"Director, Technology",321700.0,1.04,Male,30-34,Anglo-Australian,Part-time,False,False,E08057,acquisition,Entity_B,BambooHR-EntityB,81.0,1,False,30,Meets Expectations,67.4,hiring_inefficiency
E11383,2024-06-24,involuntary,Involuntary - performance,True,False,Below Expectations,61000.0,E12254,push,Deborah Hester,2024-05-18,2024-06-24,departed,Wealth Management,Corporate-Support,1,Graduate,61000.0,0.92,Female,30-34,Anglo-Australian,Full-time,False,False,E12254,acquisition,Entity_B,BambooHR-EntityB,34.0,1,False,37,Meets Expectations,38.5,hiring_inefficiency
E11387,2024-11-08,voluntary,Career advancement,True,False,Meets Expectations,106200.0,E01125,push,Victoria Webb,2024-05-19,2024-11-08,departed,Retail Banking,Operations-Processing,1,Analyst,106200.0,0.99,Female,18-24,Anglo-Australian,Full-time,False,True,E01125,acquisition,Entity_B,BambooHR-EntityB,72.0,5,False,173,High Performer,78.0,routine_voluntary
E11395,2025-09-28,voluntary,Career advancement,True,False,High Performer,144100.0,E02980,push,Michele Jones,2024-05-19,2025-09-28,departed,Risk & Compliance,Risk-Compliance,2,"Manager, Risk & Compliance",144100.0,1.0,Female,18-24,Anglo-Australian,Full-time,False,False,E02980,acquisition,Entity_B,BambooHR-EntityB,48.0,16,False,497,Meets Expectations,66.0,routine_voluntary
E11397,2025-03-31,voluntary,Better opportunity,False,False,High Performer,67600.0,E07218,pull,Kathy Odonnell,2024-05-19,2025-03-31,departed,Wealth Management,Management,1,Administration Officer,67600.0,1.0,Female,35-39,Anglo-Australian,Full-time,False,False,E07218,acquisition,Entity_B,BambooHR-EntityB,68.0,10,False,316,Meets Expectations,67.3,routine_voluntary
E11399,2025-06-26,involuntary,Involuntary - restructure,False,False,Meets Expectations,122500.0,E00152,push,Daniel Murphy,2024-05-19,2025-06-26,departed,Retail Banking,Client-Advisory,1,Senior Adviser,122500.0,0.97,Male,25-29,East Asian,Full-time,False,False,E00152,acquisition,Entity_B,BambooHR-EntityB,31.0,13,False,403,High Performer,89.4,involuntary
E11411,2025-02-04,involuntary,Involuntary - performance,False,False,Below Expectations,150600.0,E09304,push,Andre Williams,2024-05-20,2025-02-04,departed,Risk & Compliance,Operations-Processing,2,"Manager, Risk & Compliance",150600.0,0.96,Male,35-39,South Asian,Full-time,False,True,E09304,acquisition,Entity_B,BambooHR-EntityB,68.0,8,False,260,High Performer,100.0,involuntary
E11417,2024-06-14,involuntary,Involuntary - performance,True,False,Unsatisfactory,171500.0,E09086,push,Daniel Macias,2024-05-20,2024-06-14,departed,Insurance,Risk-Compliance,3,"Senior Manager, Insurance",171500.0,1.03,Male,25-29,Anglo-Australian,Full-time,False,False,E09086,acquisition,Entity_B,BambooHR-EntityB,14.0,0,False,25,Outstanding,87.8,hiring_inefficiency
E11419,2025-02-24,involuntary,Involuntary - performance,False,False,Below Expectations,68400.0,E01089,push,Danielle Hill,2024-05-20,2025-02-24,departed,Risk & Compliance,Operations-Processing,1,Processing Officer,68400.0,1.05,Female,35-39,Anglo-Australian,Full-time,False,False,E01089,acquisition,Entity_B,BambooHR-EntityB,33.0,9,False,280,Meets Expectations,64.7,involuntary
E11433,2024-06-20,voluntary,Personal reasons,True,False,Below Expectations,95400.0,E01797,push,Tracy Freeman MD,2024-05-21,2024-06-20,departed,Risk & Compliance,Client-Advisory,1,Adviser,95400.0,0.93,Male,40-44,Southeast Asian,Full-time,False,True,E01797,acquisition,Entity_B,BambooHR-EntityB,52.0,1,False,30,Outstanding,100.0,hiring_inefficiency
E11435,2025-10-03,voluntary,Relocation,True,False,Meets Expectations,118900.0,E10576,push,Christina Martin,2024-05-21,2025-10-03,departed,Insurance,Operations-Processing,1,Senior Analyst,118900.0,1.03,Female,40-44,Middle Eastern,Fixed-term,False,False,E10576,acquisition,Entity_B,BambooHR-EntityB,49.0,16,False,500,Meets Expectations,58.0,routine_voluntary
E11446,2024-06-28,voluntary,Career advancement,True,False,High Performer,180300.0,E06085,pull,Christian Burton,2024-05-22,2024-06-28,departed,Insurance,Operations-Processing,3,"Senior Manager, Insurance",180300.0,1.03,Male,30-34,South Asian,Part-time,False,False,E06085,acquisition,Entity_B,BambooHR-EntityB,18.0,1,False,37,Meets Expectations,51.0,hiring_inefficiency
E11447,2024-12-31,voluntary,Career advancement,False,False,Meets Expectations,62700.0,E02482,pull,Diana Johnston,2024-05-22,2024-12-31,departed,Retail Banking,Operations-Processing,1,Processing Officer,62700.0,1.02,Female,25-29,East Asian,Full-time,False,False,E02482,acquisition,Entity_B,BambooHR-EntityB,82.0,7,False,223,Meets Expectations,68.9,routine_voluntary
E11449,2024-06-21,voluntary,Career advancement,True,False,High Performer,79800.0,E05304,push,Karen Perez,2024-05-22,2024-06-21,departed,Wealth Management,Client-Advisory,1,Client Service Officer,79800.0,1.01,Female,18-24,Anglo-Australian,Full-time,False,True,E05304,acquisition,Entity_B,BambooHR-EntityB,56.0,1,False,30,Unsatisfactory,30.0,hiring_inefficiency
E11452,2025-07-18,involuntary,Involuntary - restructure,False,False,Meets Expectations,152000.0,E01055,push,Jonathan Hill,2024-05-22,2025-07-18,departed,Risk & Compliance,Operations-Processing,2,"Manager, Risk & Compliance",152000.0,0.89,Male,30-34,Middle Eastern,Full-time,False,False,E01055,acquisition,Entity_B,BambooHR-EntityB,22.0,14,False,422,Meets Expectations,56.1,involuntary
E11463,2024-06-22,voluntary,Career advancement,True,False,Meets Expectations,76700.0,E13584,push,Xavier Smith,2024-05-23,2024-06-22,departed,Risk & Compliance,Technology,1,Junior Developer,76700.0,1.05,Male,35-39,Maori/Aboriginal & Torres Strait Islander,Full-time,False,True,E13584,acquisition,Entity_B,BambooHR-EntityB,43.0,1,False,30,Meets Expectations,79.1,hiring_inefficiency
E11464,2025-01-31,voluntary,Better opportunity,True,True,Outstanding,187100.0,E11737,pull,Larry Lloyd,2024-05-23,2025-01-31,departed,Insurance,Operations-Processing,3,"Senior Manager, Insurance",187100.0,1.03,Male,30-34,Maori/Aboriginal & Torres Strait Islander,Full-time,False,False,E11737,acquisition,Entity_B,BambooHR-EntityB,27.0,8,False,253,High Performer,76.0,regrettable_attrition
E11466,2024-06-28,voluntary,Career advancement,True,False,Meets Expectations,106100.0,E11074,push,Timothy Curry,2024-05-23,2024-06-28,departed,Insurance,Risk-Compliance,1,Risk Analyst,106100.0,0.98,Male,25-29,Southeast Asian,Full-time,False,False,E11074,acquisition,Entity_B,BambooHR-EntityB,32.0,1,False,36,Meets Expectations,76.4,hiring_inefficiency
E11469,2025-08-25,voluntary,Role uncertainty / unclear future,True,False,Meets Expectations,114200.0,E12138,push,Timothy Miller,2024-05-23,2025-08-25,departed,Technology,Operations-Processing,1,Analyst,114200.0,1.03,Male,25-29,Anglo-Australian,Full-time,False,False,E12138,acquisition,Entity_B,BambooHR-EntityB,50.0,15,False,459,Meets Expectations,74.5,routine_voluntary
E11477,2025-01-17,voluntary,Career advancement,True,False,Below Expectations,100400.0,E04557,pull,Bryan Allen,2024-05-23,2025-01-17,departed,Technology,Operations-Processing,1,Analyst,100400.0,0.92,Male,25-29,South Asian,Casual,False,False,E04557,acquisition,Entity_B,BambooHR-EntityB,42.0,7,False,239,Meets Expectations,57.9,routine_voluntary
E11478,2025-11-13,voluntary,Better opportunity,True,True,Outstanding,65500.0,E10022,pull,Nancy Kelly,2024-05-23,2025-11-13,departed,Insurance,Operations-Processing,1,Processing Officer,65500.0,0.95,Female,35-39,Anglo-Australian,Full-time,False,False,E10022,acquisition,Entity_B,BambooHR-EntityB,73.0,17,False,539,High Performer,80.7,regrettable_attrition
E11480,2025-03-06,voluntary,Career advancement,True,False,Below Expectations,191300.0,E10995,push,Michael Harmon,2024-05-24,2025-03-06,departed,Retail Banking,Operations-Processing,3,"Senior Manager, Retail Banking",191300.0,0.97,Male,25-29,South Asian,Full-time,False,False,E10995,acquisition,Entity_B,BambooHR-EntityB,81.0,9,True,286,Meets Expectations,65.4,routine_voluntary
E11485,2025-03-14,voluntary,Career advancement,True,False,High Performer,127000.0,E11503,push,Larry Bradford,2024-05-24,2025-03-14,departed,Corporate Operations,Operations-Processing,1,Senior Analyst,127000.0,0.99,Male,18-24,Anglo-Australian,Full-time,False,False,E11503,acquisition,Entity_B,BambooHR-EntityB,29.0,9,False,294,Below Expectations,34.3,routine_voluntary
E11495,2024-06-28,voluntary,Career advancement,True,False,Unsatisfactory,210100.0,E11769,push,Leslie Mercer III,2024-05-24,2024-06-28,departed,Corporate Operations,Management,3,"Senior Manager, Corporate Operations",210100.0,0.86,Male,40-44,Middle Eastern,Full-time,False,False,E11769,acquisition,Entity_B,BambooHR-EntityB,86.0,1,False,35,Meets Expectations,76.7,hiring_inefficiency
E11507,2025-10-01,voluntary,Career advancement,True,False,Outstanding,135200.0,E02193,pull,Melissa Dickerson,2024-05-25,2025-10-01,departed,Wealth Management,Operations-Processing,1,Senior Analyst,135200.0,0.87,Female,18-24,South Asian,Full-time,False,False,E02193,acquisition,Entity_B,BambooHR-EntityB,56.0,16,False,494,Meets Expectations,57.5,routine_voluntary
E11517,2025-04-30,voluntary,Better opportunity,True,True,High Performer,229100.0,E13593,pull,John Kidd,2024-05-26,2025-04-30,departed,Corporate Operations,Operations-Processing,3,"Senior Manager, Corporate Operations",229100.0,0.82,Male,35-39,Maori/Aboriginal & Torres Strait Islander,Full-time,True,False,E13593,acquisition,Entity_B,BambooHR-EntityB,47.0,11,False,339,Meets Expectations,70.2,regrettable_attrition
E11520,2024-10-11,voluntary,Career advancement,True,False,Meets Expectations,64000.0,E01145,push,Jesse Sawyer,2024-05-26,2024-10-11,departed,Risk & Compliance,Operations-Processing,1,Processing Officer,64000.0,0.9,Male,25-29,Southeast Asian,Full-time,False,False,E01145,acquisition,Entity_B,BambooHR-EntityB,85.0,4,False,138,High Performer,88.1,routine_voluntary
E11525,2024-09-20,involuntary,Involuntary - performance,True,False,Below Expectations,102000.0,E00882,push,Matthew Allen,2024-05-26,2024-09-20,departed,Risk & Compliance,Client-Advisory,1,Adviser,102000.0,1.1,Male,35-39,East Asian,Fixed-term,False,False,E00882,acquisition,Entity_B,BambooHR-EntityB,50.0,3,False,117,High Performer,79.5,involuntary
E11528,2024-07-05,involuntary,Involuntary - restructure,False,False,High Performer,139800.0,E13841,push,Kathy Gallegos,2024-05-27,2024-07-05,departed,Retail Banking,Corporate-Support,1,Senior Specialist,139800.0,1.03,Female,25-29,Anglo-Australian,Full-time,False,False,E13841,acquisition,Entity_B,BambooHR-EntityB,88.0,1,False,39,Meets Expectations,63.4,hiring_inefficiency
E11533,2025-02-20,voluntary,Career advancement,True,False,Meets Expectations,99000.0,E05183,push,Luis Nelson,2024-05-27,2025-02-20,departed,Risk & Compliance,Client-Advisory,1,Adviser,99000.0,0.91,Male,18-24,Anglo-Australian,Part-time,False,False,E05183,acquisition,Entity_B,BambooHR-EntityB,76.0,8,False,269,High Performer,81.0,regrettable_attrition
E11536,2024-08-02,voluntary,Career advancement,True,False,Below Expectations,137000.0,E10203,push,Sherri Mckinney,2024-05-27,2024-08-02,departed,Technology,Management,1,Team Leader,137000.0,0.91,Female,18-24,Anglo-Australian,Full-time,False,False,E10203,acquisition,Entity_B,BambooHR-EntityB,34.0,2,False,67,Below Expectations,19.5,hiring_inefficiency
E11539,2024-06-26,voluntary,Relocation,True,False,Meets Expectations,79000.0,E00597,push,Lisa Rosario,2024-05-27,2024-06-26,departed,Wealth Management,Technology,1,Junior Developer,79000.0,0.91,Female,18-24,Anglo-Australian,Part-time,False,False,E00597,acquisition,Entity_B,BambooHR-EntityB,65.0,1,False,30,Meets Expectations,65.4,hiring_inefficiency
E11548,2024-06-28,involuntary,Involuntary - restructure,False,False,Meets Expectations,90400.0,E03169,push,Alicia Campbell,2024-05-28,2024-06-28,departed,Technology,Operations-Processing,1,Analyst,90400.0,1.02,Female,30-34,Anglo-Australian,Full-time,False,False,E03169,acquisition,Entity_B,BambooHR-EntityB,19.0,1,False,31,High Performer,81.2,hiring_inefficiency
E11549,2024-10-04,voluntary,Career advancement,True,False,High Performer,68600.0,E13622,push,Joshua Guerrero,2024-05-28,2024-10-04,departed,Technology,Client-Advisory,1,Client Service Officer,68600.0,0.98,Male,30-34,Southeast Asian,Full-time,False,False,E13622,acquisition,Entity_B,BambooHR-EntityB,36.0,4,False,129,Meets Expectations,60.9,routine_voluntary
E11555,2025-06-15,voluntary,Career advancement,True,True,Outstanding,131600.0,E02949,push,Michael Barron,2024-05-28,2025-06-15,departed,Wealth Management,Operations-Processing,1,Senior Analyst,131600.0,0.93,Male,25-29,Anglo-Australian,Full-time,True,False,E02949,acquisition,Entity_B,BambooHR-EntityB,16.0,12,False,383,High Performer,70.2,regrettable_attrition
E11559,2024-06-21,voluntary,Career advancement,True,False,Below Expectations,84700.0,E01019,push,Holly Vance,2024-05-28,2024-06-21,departed,Retail Banking,Operations-Processing,1,Processing Officer,84700.0,1.03,Female,25-29,African,Full-time,False,True,E01019,acquisition,Entity_B,BambooHR-EntityB,20.0,0,False,24,High Performer,93.6,hiring_inefficiency
E11571,2024-11-30,voluntary,Career advancement,True,False,Meets Expectations,66700.0,E01890,push,Lindsey Lane,2024-05-29,2024-11-30,departed,Risk & Compliance,Client-Advisory,1,Client Service Officer,66700.0,0.91,Female,18-24,Anglo-Australian,Casual,False,False,E01890,acquisition,Entity_B,BambooHR-EntityB,56.0,6,False,185,Below Expectations,32.1,routine_voluntary
E11574,2025-10-12,voluntary,Career advancement,True,False,High Performer,92600.0,E00017,push,Catherine Andersen,2024-05-29,2025-10-12,departed,Retail Banking,Operations-Processing,1,Analyst,92600.0,1.0,Female,25-29,Prefer not to say,Full-time,False,False,E00017,acquisition,Entity_B,BambooHR-EntityB,49.0,16,False,501,High Performer,88.0,regrettable_attrition
E11589,2024-10-04,voluntary,Better opportunity,True,False,High Performer,125800.0,E00213,push,Mr. Roy Scott DVM,2024-05-30,2024-10-04,departed,Retail Banking,Operations-Processing,2,"Manager, Retail Banking",125800.0,1.06,Male,35-39,Anglo-Australian,Full-time,False,False,E00213,acquisition,Entity_B,BambooHR-EntityB,53.0,4,False,127,High Performer,68.0,routine_voluntary
E11605,2024-06-30,voluntary,Better opportunity,True,False,Meets Expectations,132500.0,E06499,pull,Dr. Wesley Wright,2024-05-31,2024-06-30,departed,Corporate Operations,Risk-Compliance,1,Senior Risk Analyst,132500.0,1.08,Male,30-34,Prefer not to say,Full-time,False,False,E06499,acquisition,Entity_B,BambooHR-EntityB,41.0,1,False,30,Outstanding,78.7,hiring_inefficiency
E11615,2024-06-28,voluntary,Better opportunity,True,False,Meets Expectations,173900.0,E11769,pull,Eric Camacho,2024-06-01,2024-06-28,departed,Corporate Operations,Technology,3,"Senior Manager, Corporate Operations",173900.0,0.9,Non-binary,40-44,East Asian,Full-time,False,False,E11769,acquisition,Entity_B,BambooHR-EntityB,78.0,0,False,27,Below Expectations,36.7,hiring_inefficiency
E11617,2024-07-01,voluntary,Work-life balance,True,False,Below Expectations,56100.0,E03046,push,Theresa Myers,2024-06-01,2024-07-01,departed,Risk & Compliance,Client-Advisory,1,Client Service Officer,56100.0,0.94,Female,35-39,Anglo-Australian,Full-time,False,False,E03046,acquisition,Entity_B,BambooHR-EntityB,37.0,1,False,30,Below Expectations,53.5,hiring_inefficiency
E11621,2025-07-27,involuntary,Involuntary - performance,True,False,Unsatisfactory,353800.0,E01163,push,Gloria May,2024-06-01,2025-07-27,departed,Wealth Management,Technology,4,"Director, Wealth Management",353800.0,0.95,Female,30-34,Maori/Aboriginal & Torres Strait Islander,Full-time,False,False,E01163,acquisition,Entity_B,BambooHR-EntityB,57.0,14,False,421,Meets Expectations,68.5,involuntary
E11628,2025-06-06,voluntary,Career advancement,True,False,Meets Expectations,106100.0,E01590,push,Sally Gomez,2024-06-02,2025-06-06,departed,Technology,Operations-Processing,1,Analyst,106100.0,1.03,Female,35-39,East Asian,Full-time,False,True,E01590,acquisition,Entity_B,BambooHR-EntityB,18.0,12,False,369,Meets Expectations,46.4,routine_voluntary
E11631,2025-05-30,voluntary,Career advancement,True,False,High Performer,73400.0,E12549,push,William Powell,2024-06-02,2025-05-30,departed,Retail Banking,Corporate-Support,1,Graduate,73400.0,0.87,Male,30-34,Anglo-Australian,Full-time,False,False,E12549,acquisition,Entity_B,BambooHR-EntityB,29.0,12,False,362,High Performer,86.7,regrettable_attrition
E11638,2024-07-02,involuntary,Involuntary - performance,True,False,Below Expectations,138300.0,E01639,push,Stephanie Vargas,2024-06-02,2024-07-02,departed,Risk & Compliance,Operations-Processing,1,Senior Analyst,138300.0,0.85,Female,35-39,Anglo-Australian,Casual,False,False,E01639,acquisition,Entity_B,BambooHR-EntityB,40.0,1,False,30,High Performer,64.2,hiring_inefficiency
E11642,2025-04-30,voluntary,Career advancement,True,True,Outstanding,209400.0,E04056,pull,Megan Green,2024-06-02,2025-04-30,departed,Insurance,Operations-Processing,3,"Senior Manager, Insurance",209400.0,0.93,Female,30-34,Pacific Islander,Full-time,False,False,E04056,acquisition,Entity_B,BambooHR-EntityB,26.0,11,False,332,High Performer,83.3,regrettable_attrition
E11648,2024-10-28,voluntary,Career advancement,True,False,Meets Expectations,123200.0,E14475,pull,Jane Aguilar,2024-06-03,2024-10-28,departed,Insurance,Risk-Compliance,1,Senior Risk Analyst,123200.0,0.84,Female,25-29,Maori/Aboriginal & Torres Strait Islander,Casual,True,False,E14475,acquisition,Entity_B,BambooHR-EntityB,90.0,4,False,147,Meets Expectations,63.8,routine_voluntary
E11651,2024-07-29,voluntary,Better opportunity,True,False,High Performer,148400.0,E00692,pull,Megan Norton,2024-06-03,2024-07-29,departed,Technology,Management,2,"Manager, Technology",148400.0,1.02,Female,25-29,East Asian,Full-time,False,True,E00692,acquisition,Entity_B,BambooHR-EntityB,54.0,1,False,56,High Performer,72.7,hiring_inefficiency
E11652,2025-04-05,involuntary,Involuntary - performance,False,False,Below Expectations,60600.0,E12515,push,Richard Harper,2024-06-03,2025-04-05,departed,Technology,Operations-Processing,1,Processing Officer,60600.0,0.97,Male,30-34,Anglo-Australian,Full-time,False,True,E12515,acquisition,Entity_B,BambooHR-EntityB,66.0,10,False,306,Meets Expectations,71.8,involuntary
E11660,2024-11-29,involuntary,Involuntary - performance,True,False,Below Expectations,111400.0,E03328,push,Kaylee Hamilton,2024-06-03,2024-11-29,departed,Wealth Management,Corporate-Support,1,Specialist,111400.0,0.9,Female,30-34,Southeast Asian,Full-time,False,False,E03328,acquisition,Entity_B,BambooHR-EntityB,47.0,5,False,179,High Performer,88.9,involuntary
E11662,2024-10-31,voluntary,Career advancement,True,False,Meets Expectations,113300.0,E06233,push,Beth Kelly,2024-06-04,2024-10-31,departed,Wealth Management,Risk-Compliance,1,Risk Analyst,113300.0,0.97,Female,30-34,Anglo-Australian,Full-time,False,False,E06233,acquisition,Entity_B,BambooHR-EntityB,59.0,4,False,149,Meets Expectations,68.0,routine_voluntary
E11664,2024-10-18,involuntary,Involuntary - performance,True,False,Meets Expectations,83400.0,E02769,push,Keith Hayes,2024-06-04,2024-10-18,departed,Risk & Compliance,Operations-Processing,1,Processing Officer,83400.0,1.05,Male,40-44,East Asian,Full-time,False,True,E02769,acquisition,Entity_B,BambooHR-EntityB,34.0,4,False,136,Outstanding,89.6,involuntary
E11676,2024-07-05,voluntary,Relocation,True,False,High Performer,128400.0,E00909,push,Stephanie Jimenez,2024-06-05,2024-07-05,departed,Risk & Compliance,Operations-Processing,1,Senior Analyst,128400.0,0.92,Female,35-39,African,Fixed-term,True,False,E00909,acquisition,Entity_B,BambooHR-EntityB,83.0,1,False,30,Outstanding,91.4,hiring_inefficiency
E11695,2025-01-16,voluntary,Role uncertainty / unclear future,True,False,High Performer,130700.0,E09703,push,Stephen Reid,2024-06-05,2025-01-16,departed,Insurance,Management,2,"Manager, Insurance",130700.0,1.15,Male,30-34,South Asian,Full-time,False,True,E09703,acquisition,Entity_B,BambooHR-EntityB,57.0,7,False,225,Below Expectations,31.4,routine_voluntary
E11697,2024-10-19,voluntary,Career advancement,True,False,High Performer,61800.0,E02874,pull,Cynthia Vang,2024-06-06,2024-10-19,departed,Retail Banking,Operations-Processing,1,Processing Officer,61800.0,1.02,Female,35-39,Anglo-Australian,Full-time,False,True,E02874,acquisition,Entity_B,BambooHR-EntityB,67.0,4,False,135,Meets Expectations,55.9,routine_voluntary
E11701,2024-07-05,voluntary,Career advancement,True,False,Meets Expectations,133700.0,E04337,push,Pedro Mason,2024-06-06,2024-07-05,departed,Insurance,Operations-Processing,1,Senior Analyst,133700.0,1.0,Male,25-29,Anglo-Australian,Full-time,False,True,E04337,acquisition,Entity_B,BambooHR-EntityB,63.0,0,False,29,High Performer,73.0,hiring_inefficiency
E11705,2025-04-18,voluntary,Career advancement,False,False,Below Expectations,72100.0,E02106,push,Sheila Acosta,2024-06-06,2025-04-18,departed,Technology,Operations-Processing,1,Processing Officer,72100.0,0.98,Female,35-39,Southeast Asian,Full-time,False,False,E02106,acquisition,Entity_B,BambooHR-EntityB,15.0,10,False,316,Below Expectations,48.7,routine_voluntary
E11713,2025-05-10,voluntary,Relocation,True,False,Meets Expectations,165800.0,E03293,push,Melissa Thomas,2024-06-07,2025-05-10,departed,Retail Banking,Technology,2,"Manager, Retail Banking",165800.0,0.93,Female,35-39,Maori/Aboriginal & Torres Strait Islander,Casual,False,True,E03293,acquisition,Entity_B,BambooHR-EntityB,23.0,11,False,337,Below Expectations,45.6,routine_voluntary
E11716,2024-07-07,voluntary,Better opportunity,True,False,High Performer,108200.0,E07725,pull,Jennifer Livingston,2024-06-07,2024-07-07,departed,Corporate Operations,Operations-Processing,1,Analyst,108200.0,1.0,Female,35-39,Anglo-Australian,Full-time,False,False,E07725,acquisition,Entity_B,BambooHR-EntityB,19.0,1,False,30,Below Expectations,47.7,hiring_inefficiency
E11717,2024-07-07,voluntary,Career advancement,True,False,Meets Expectations,74100.0,E01456,push,Stephanie Curry,2024-06-07,2024-07-07,departed,Risk & Compliance,Operations-Processing,1,Processing Officer,74100.0,0.91,Female,18-24,Pacific Islander,Full-time,False,False,E01456,acquisition,Entity_B,BambooHR-EntityB,40.0,1,False,30,Meets Expectations,54.3,hiring_inefficiency
E11727,2024-07-05,voluntary,Career advancement,True,True,High Performer,130900.0,E03106,pull,Tara Carpenter,2024-06-08,2024-07-05,departed,Insurance,Operations-Processing,1,Senior Analyst,130900.0,0.92,Female,18-24,Anglo-Australian,Full-time,True,False,E03106,acquisition,Entity_B,BambooHR-EntityB,48.0,0,False,27,Meets Expectations,68.4,hiring_inefficiency
E11730,2024-07-05,involuntary,Involuntary - performance,True,False,Unsatisfactory,81900.0,E02876,push,Steven Johnson,2024-06-08,2024-07-05,departed,Risk & Compliance,Operations-Processing,1,Processing Officer,81900.0,1.05,Male,25-29,Anglo-Australian,Full-time,False,False,E02876,acquisition,Entity_B,BambooHR-EntityB,79.0,0,False,27,Outstanding,91.5,hiring_inefficiency
E11737,2024-07-05,voluntary,Work-life balance,True,True,Meets Expectations,293200.0,E04595,push,Erik Donovan,2024-06-08,2024-07-05,departed,Insurance,Management,4,"Director, Insurance",293200.0,1.03,Male,25-29,East Asian,Full-time,False,False,E04595,acquisition,Entity_B,BambooHR-EntityB,52.0,0,False,27,Meets Expectations,57.8,hiring_inefficiency
E11749,2024-07-05,voluntary,Relocation,True,False,Meets Expectations,140700.0,E00674,push,Bethany Mccoy,2024-06-09,2024-07-05,departed,Wealth Management,Risk-Compliance,2,"Manager, Wealth Management",140700.0,0.97,Female,40-44,Anglo-Australian,Full-time,False,False,E00674,acquisition,Entity_B,BambooHR-EntityB,51.0,0,False,26,High Performer,81.8,hiring_inefficiency
E11763,2024-08-30,voluntary,Better opportunity,True,False,Below Expectations,92700.0,E03699,pull,Carla Olson,2024-06-11,2024-08-30,departed,Retail Banking,Technology,1,Engineer,92700.0,1.02,Female,25-29,Anglo-Australian,Full-time,False,False,E03699,acquisition,Entity_B,BambooHR-EntityB,15.0,2,False,80,Meets Expectations,62.9,hiring_inefficiency
E11772,2025-10-17,voluntary,Better opportunity,True,False,Outstanding,175700.0,E07060,pull,Andrew Clark,2024-06-11,2025-10-17,departed,Insurance,Risk-Compliance,2,"Manager, Insurance",175700.0,0.98,Male,30-34,Anglo-Australian,Full-time,False,True,E07060,acquisition,Entity_B,BambooHR-EntityB,45.0,16,False,493,Below Expectations,63.9,routine_voluntary
E11773,2024-07-11,involuntary,Involuntary - performance,False,False,Below Expectations,116200.0,E02468,push,Veronica Holmes,2024-06-11,2024-07-11,departed,Wealth Management,Operations-Processing,1,Senior Analyst,116200.0,0.97,Female,18-24,Anglo-Australian,Part-time,False,False,E02468,acquisition,Entity_B,BambooHR-EntityB,21.0,1,False,30,High Performer,78.9,hiring_inefficiency
E11775,2024-07-05,voluntary,Study/career change,True,False,High Performer,57800.0,E07924,push,Vincent Bell,2024-06-11,2024-07-05,departed,Retail Banking,Operations-Processing,1,Processing Officer,57800.0,0.89,Male,25-29,East Asian,Full-time,False,True,E07924,acquisition,Entity_B,BambooHR-EntityB,16.0,0,False,24,Meets Expectations,62.9,hiring_inefficiency
E11779,2025-11-28,voluntary,Work-life balance,True,False,Meets Expectations,129400.0,E03349,push,Angela Anthony,2024-06-12,2025-11-28,departed,Technology,Operations-Processing,1,Senior Analyst,129400.0,0.96,Female,40-44,Anglo-Australian,Full-time,False,False,E03349,acquisition,Entity_B,BambooHR-EntityB,21.0,17,False,534,High Performer,82.3,regrettable_attrition
E11791,2025-09-03,involuntary,Involuntary - performance,False,False,Below Expectations,146000.0,E10211,push,Julie Williams,2024-06-13,2025-09-03,departed,Retail Banking,Risk-Compliance,2,"Manager, Retail Banking",146000.0,0.9,Female,40-44,South Asian,Full-time,False,False,E10211,acquisition,Entity_B,BambooHR-EntityB,72.0,14,False,447,Meets Expectations,48.9,involuntary
E11797,2025-09-05,voluntary,Career advancement,True,False,High Performer,124000.0,E01100,push,Jonathan Hampton,2024-06-13,2025-09-05,departed,Technology,Operations-Processing,1,Senior Analyst,124000.0,0.99,Male,35-39,Maori/Aboriginal & Torres Strait Islander,Fixed-term,False,False,E01100,acquisition,Entity_B,BambooHR-EntityB,71.0,14,False,449,Outstanding,95.9,regrettable_attrition
E11803,2024-12-13,voluntary,Career advancement,True,False,Meets Expectations,119900.0,E03062,push,Timothy Anderson PhD,2024-06-13,2024-12-13,departed,Technology,Client-Advisory,1,Senior Adviser,119900.0,0.94,Male,35-39,Anglo-Australian,Part-time,False,False,E03062,acquisition,Entity_B,BambooHR-EntityB,47.0,6,False,183,Meets Expectations,63.0,routine_voluntary
E11828,2025-08-24,involuntary,Involuntary - performance,False,False,Unsatisfactory,80100.0,E00099,push,Michelle Harrison,2024-06-15,2025-08-24,departed,Retail Banking,Operations-Processing,1,Processing Officer,80100.0,0.97,Female,35-39,Southeast Asian,Part-time,False,False,E00099,acquisition,Entity_B,BambooHR-EntityB,55.0,14,False,435,High Performer,87.4,involuntary
E11833,2024-07-15,involuntary,Involuntary - performance,False,False,Unsatisfactory,124800.0,E02911,push,Christina Haney,2024-06-15,2024-07-15,departed,Corporate Operations,Operations-Processing,1,Senior Analyst,124800.0,1.01,Prefer not to say,35-39,Anglo-Australian,Full-time,False,False,E02911,acquisition,Entity_B,BambooHR-EntityB,67.0,1,False,30,High Performer,86.6,hiring_inefficiency
E11846,2025-01-03,voluntary,Better opportunity,False,False,Meets Expectations,89200.0,E02773,pull,Jessica Cordova,2024-06-16,2025-01-03,departed,Wealth Management,Operations-Processing,1,Analyst,89200.0,1.06,Female,25-29,Anglo-Australian,Full-time,False,True,E02773,acquisition,Entity_B,BambooHR-EntityB,34.0,6,False,201,High Performer,83.7,regrettable_attrition
E11857,2024-07-16,voluntary,Work-life balance,True,False,Below Expectations,90200.0,E01519,push,Thomas Valdez,2024-06-16,2024-07-16,departed,Technology,Operations-Processing,1,Analyst,90200.0,0.92,Male,25-29,Anglo-Australian,Full-time,False,False,E01519,acquisition,Entity_B,BambooHR-EntityB,54.0,1,False,30,Meets Expectations,70.9,hiring_inefficiency
E11858,2024-10-11,voluntary,Better opportunity,True,False,Meets Expectations,127100.0,E01685,pull,Jessica Brown,2024-06-16,2024-10-11,departed,Corporate Operations,Operations-Processing,1,Senior Analyst,127100.0,0.95,Female,30-34,Anglo-Australian,Full-time,False,False,E01685,acquisition,Entity_B,BambooHR-EntityB,61.0,3,False,117,Meets Expectations,59.7,routine_voluntary
E11863,2025-10-07,voluntary,Career advancement,True,False,Below Expectations,84200.0,E04239,push,William Gordon,2024-06-17,2025-10-07,departed,Technology,Technology,1,Junior Developer,84200.0,0.95,Male,25-29,Anglo-Australian,Part-time,False,False,E04239,acquisition,Entity_B,BambooHR-EntityB,43.0,15,False,477,Meets Expectations,67.1,routine_voluntary
E11866,2024-07-12,voluntary,Career advancement,True,False,High Performer,97500.0,E02554,pull,Chelsey Clark,2024-06-17,2024-07-12,departed,Wealth Management,Client-Advisory,1,Adviser,97500.0,1.02,Female,30-34,East Asian,Full-time,False,False,E02554,acquisition,Entity_B,BambooHR-EntityB,61.0,0,False,25,Below Expectations,60.4,hiring_inefficiency
E11871,2024-11-29,voluntary,Compensation,False,False,High Performer,184100.0,E04184,push,Donna Mejia,2024-06-17,2024-11-29,departed,Wealth Management,Corporate-Support,3,"Senior Manager, Wealth Management",184100.0,0.98,Female,35-39,Anglo-Australian,Full-time,True,True,E04184,acquisition,Entity_B,BambooHR-EntityB,21.0,5,False,165,High Performer,91.3,routine_voluntary
E11873,2024-08-30,involuntary,Involuntary - restructure,True,False,High Performer,78300.0,E02133,push,Caitlin Robbins,2024-06-18,2024-08-30,departed,Retail Banking,Risk-Compliance,1,Compliance Officer,78300.0,1.06,Female,35-39,Anglo-Australian,Full-time,False,False,E02133,acquisition,Entity_B,BambooHR-EntityB,21.0,2,False,73,High Performer,80.2,hiring_inefficiency
E11879,2024-07-12,voluntary,Career advancement,True,False,Meets Expectations,152000.0,E00058,push,Mary Simpson,2024-06-18,2024-07-12,departed,Retail Banking,Client-Advisory,2,"Manager, Retail Banking",152000.0,0.94,Female,35-39,Southeast Asian,Full-time,False,False,E00058,acquisition,Entity_B,BambooHR-EntityB,50.0,0,False,24,Outstanding,81.9,hiring_inefficiency
E11881,2025-09-12,involuntary,Involuntary - restructure,False,False,Meets Expectations,135000.0,E08534,push,Craig Murphy,2024-06-18,2025-09-12,departed,Corporate Operations,Operations-Processing,1,Senior Analyst,135000.0,1.02,Male,25-29,Anglo-Australian,Full-time,False,False,E08534,acquisition,Entity_B,BambooHR-EntityB,83.0,15,False,451,Meets Expectations,70.8,involuntary
E11885,2025-02-28,voluntary,Career advancement,True,False,Meets Expectations,116800.0,E02646,push,Mary Mccullough,2024-06-18,2025-02-28,departed,Insurance,Operations-Processing,1,Senior Analyst,116800.0,0.95,Female,35-39,South Asian,Full-time,True,False,E02646,acquisition,Entity_B,BambooHR-EntityB,23.0,8,False,255,High Performer,70.5,regrettable_attrition
E11896,2024-07-19,voluntary,Better opportunity,True,False,High Performer,91100.0,E03252,pull,Stephanie Davis,2024-06-19,2024-07-19,departed,Technology,Operations-Processing,1,Analyst,91100.0,1.01,Female,18-24,Anglo-Australian,Full-time,False,True,E03252,acquisition,Entity_B,BambooHR-EntityB,89.0,1,False,30,High Performer,69.9,hiring_inefficiency
E11898,2025-01-01,voluntary,Career advancement,True,False,High Performer,67000.0,E02234,pull,Steven Garcia,2024-06-19,2025-01-01,departed,Technology,Corporate-Support,1,Graduate,67000.0,0.87,Male,25-29,Anglo-Australian,Full-time,False,False,E02234,acquisition,Entity_B,BambooHR-EntityB,84.0,6,False,196,High Performer,74.8,regrettable_attrition
E11899,2024-07-31,voluntary,Career advancement,True,False,Below Expectations,77900.0,E06652,push,Mario Wheeler,2024-06-19,2024-07-31,departed,Retail Banking,Risk-Compliance,1,Compliance Officer,77900.0,0.83,Male,18-24,Anglo-Australian,Part-time,False,True,E06652,acquisition,Entity_B,BambooHR-EntityB,52.0,1,False,42,Meets Expectations,63.9,hiring_inefficiency
E11902,2025-05-15,voluntary,Career advancement,True,False,Below Expectations,218600.0,E06779,pull,Paul Garcia,2024-06-19,2025-05-15,departed,Technology,Corporate-Support,3,"Senior Manager, Technology",218600.0,0.92,Male,25-29,Anglo-Australian,Part-time,False,False,E06779,acquisition,Entity_B,BambooHR-EntityB,69.0,11,False,330,Below Expectations,37.1,routine_voluntary
E11904,2024-12-21,voluntary,Career advancement,True,False,Meets Expectations,76100.0,E11688,push,Gwendolyn Wood,2024-06-20,2024-12-21,departed,Technology,Operations-Processing,1,Processing Officer,76100.0,0.93,Female,18-24,East Asian,Full-time,False,True,E11688,acquisition,Entity_B,BambooHR-EntityB,29.0,6,False,184,Outstanding,75.1,regrettable_attrition
E11905,2025-06-06,voluntary,Career advancement,True,True,Outstanding,140400.0,E02240,push,Austin Gibson,2024-06-20,2025-06-06,departed,Insurance,Operations-Processing,2,"Manager, Insurance",140400.0,0.95,Male,30-34,South Asian,Full-time,False,False,E02240,acquisition,Entity_B,BambooHR-EntityB,26.0,11,False,351,Meets Expectations,51.0,routine_voluntary
E11919,2025-05-30,voluntary,Better opportunity,True,False,Meets Expectations,83700.0,E04014,pull,Olivia Rodriguez,2024-06-20,2025-05-30,departed,Retail Banking,Corporate-Support,1,Graduate,83700.0,1.03,Female,35-39,Anglo-Australian,Full-time,False,False,E04014,acquisition,Entity_B,BambooHR-EntityB,46.0,11,False,344,High Performer,88.8,regrettable_attrition
E11923,2025-09-06,voluntary,Career advancement,True,False,Below Expectations,56600.0,E00911,push,Catherine Mcdonald,2024-06-20,2025-09-06,departed,Risk & Compliance,Technology,1,Junior Developer,56600.0,1.04,Female,18-24,South Asian,Full-time,False,True,E00911,acquisition,Entity_B,BambooHR-EntityB,90.0,14,False,443,Meets Expectations,70.0,routine_voluntary
E11925,2024-07-19,voluntary,Personal reasons,True,True,Outstanding,106400.0,E04046,push,David Jones,2024-06-21,2024-07-19,departed,Corporate Operations,Operations-Processing,1,Analyst,106400.0,0.97,Male,18-24,Middle Eastern,Full-time,True,False,E04046,acquisition,Entity_B,BambooHR-EntityB,86.0,0,False,28,High Performer,82.0,hiring_inefficiency
E11933,2024-10-25,voluntary,Compensation,True,False,Meets Expectations,204700.0,E08051,push,John Morales,2024-06-21,2024-10-25,departed,Retail Banking,Operations-Processing,3,"Senior Manager, Retail Banking",204700.0,0.86,Male,25-29,Anglo-Australian,Part-time,False,False,E08051,acquisition,Entity_B,BambooHR-EntityB,30.0,4,False,126,Outstanding,83.6,routine_voluntary
E11937,2025-05-30,involuntary,Involuntary - performance,True,False,Below Expectations,89600.0,E03173,push,Taylor Gross,2024-06-21,2025-05-30,departed,Wealth Management,Corporate-Support,1,Specialist,89600.0,0.89,Female,30-34,Southeast Asian,Full-time,False,False,E03173,acquisition,Entity_B,BambooHR-EntityB,83.0,11,False,343,Meets Expectations,62.2,involuntary
E11949,2025-09-30,voluntary,Career advancement,True,False,Meets Expectations,61700.0,E01073,push,Joseph Morris,2024-06-22,2025-09-30,departed,Corporate Operations,Operations-Processing,1,Processing Officer,61700.0,0.9,Male,18-24,Anglo-Australian,Part-time,False,True,E01073,acquisition,Entity_B,BambooHR-EntityB,66.0,15,False,465,Meets Expectations,69.8,routine_voluntary
E11954,2025-08-31,involuntary,Involuntary - performance,True,False,Unsatisfactory,72400.0,E13115,push,Edward Daniel,2024-06-22,2025-08-31,departed,Retail Banking,Operations-Processing,1,Processing Officer,72400.0,1.05,Male,25-29,Anglo-Australian,Full-time,False,True,E13115,acquisition,Entity_B,BambooHR-EntityB,32.0,14,False,435,Meets Expectations,74.0,involuntary
E11956,2024-07-31,voluntary,Career advancement,True,False,High Performer,183200.0,E09906,push,Devin Roberts,2024-06-22,2024-07-31,departed,Technology,Operations-Processing,3,"Senior Manager, Technology",183200.0,0.99,Prefer not to say,35-39,Anglo-Australian,Part-time,False,False,E09906,acquisition,Entity_B,BambooHR-EntityB,44.0,1,False,39,Meets Expectations,66.5,hiring_inefficiency
E11958,2024-07-28,voluntary,Career advancement,False,False,Meets Expectations,101900.0,E06498,push,Maria Cooper,2024-06-22,2024-07-28,departed,Risk & Compliance,Technology,1,Engineer,101900.0,0.92,Female,25-29,Anglo-Australian,Full-time,False,False,E06498,acquisition,Entity_B,BambooHR-EntityB,81.0,1,False,36,Outstanding,90.1,hiring_inefficiency
E11970,2024-08-30,voluntary,Career advancement,True,True,High Performer,222100.0,E06513,pull,Cheryl West,2024-06-23,2024-08-30,departed,Risk & Compliance,Technology,3,"Senior Manager, Risk & Compliance",222100.0,0.81,Female,30-34,East Asian,Full-time,True,False,E06513,acquisition,Entity_B,BambooHR-EntityB,52.0,2,False,68,Outstanding,79.9,hiring_inefficiency
E11981,2024-11-29,voluntary,Career advancement,True,True,Outstanding,136000.0,E02247,pull,Ernest Gross,2024-06-24,2024-11-29,departed,Risk & Compliance,Corporate-Support,1,Senior Specialist,136000.0,1.12,Male,35-39,Southeast Asian,Full-time,False,False,E02247,acquisition,Entity_B,BambooHR-EntityB,41.0,5,False,158,Meets Expectations,68.5,routine_voluntary
E11985,2025-04-18,involuntary,Involuntary - restructure,False,False,High Performer,84300.0,E02503,push,Randall Hicks,2024-06-24,2025-04-18,departed,Technology,Operations-Processing,1,Processing Officer,84300.0,0.99,Male,18-24,Anglo-Australian,Full-time,False,False,E02503,acquisition,Entity_B,BambooHR-EntityB,89.0,9,False,298,High Performer,75.2,involuntary
E11988,2024-12-31,involuntary,Involuntary - performance,True,False,Unsatisfactory,127000.0,E00425,push,Alicia Hawkins,2024-06-24,2024-12-31,departed,Retail Banking,Corporate-Support,2,"Manager, Retail Banking",127000.0,0.97,Female,25-29,South Asian,Part-time,False,False,E00425,acquisition,Entity_B,BambooHR-EntityB,67.0,6,False,190,High Performer,72.2,involuntary
E11997,2025-06-22,voluntary,Career advancement,True,False,Below Expectations,118600.0,E01083,push,Bonnie Davis,2024-06-25,2025-06-22,departed,Wealth Management,Client-Advisory,1,Senior Adviser,118600.0,0.95,Female,30-34,South Asian,Full-time,False,False,E01083,acquisition,Entity_B,BambooHR-EntityB,45.0,12,False,362,Meets Expectations,65.0,routine_voluntary
E12020,2025-01-10,voluntary,Relocation,True,False,High Performer,131900.0,E03214,push,Ashley Velez,2024-06-26,2025-01-10,departed,Insurance,Operations-Processing,1,Senior Analyst,131900.0,0.91,Prefer not to say,25-29,East Asian,Full-time,False,False,E03214,acquisition,Entity_B,BambooHR-EntityB,87.0,6,False,198,Meets Expectations,58.2,routine_voluntary
E12034,2024-07-28,voluntary,Career advancement,True,False,Below Expectations,57600.0,E00323,push,Richard Mora,2024-06-28,2024-07-28,departed,Technology,Corporate-Support,1,Graduate,57600.0,0.95,Male,18-24,Anglo-Australian,Full-time,False,True,E00323,acquisition,Entity_B,BambooHR-EntityB,33.0,1,False,30,Meets Expectations,67.6,hiring_inefficiency
E12036,2024-09-13,voluntary,Relocation,True,False,Meets Expectations,121700.0,E13086,push,Megan Reed,2024-06-28,2024-09-13,departed,Retail Banking,Technology,1,Senior Engineer,121700.0,0.85,Female,30-34,Anglo-Australian,Full-time,False,True,E13086,acquisition,Entity_B,BambooHR-EntityB,29.0,2,False,77,Meets Expectations,66.7,hiring_inefficiency
E12039,2024-12-07,voluntary,Compensation,True,False,Below Expectations,111000.0,E00596,push,Bruce Hernandez,2024-06-28,2024-12-07,departed,Wealth Management,Management,1,Coordinator,111000.0,0.93,Male,18-24,Anglo-Australian,Full-time,False,True,E00596,acquisition,Entity_B,BambooHR-EntityB,29.0,5,False,162,Meets Expectations,54.9,routine_voluntary
E12043,2025-05-30,involuntary,Involuntary - performance,False,False,Below Expectations,92300.0,E01573,push,Robert Ramirez,2024-06-28,2025-05-30,departed,Retail Banking,Corporate-Support,1,Specialist,92300.0,0.86,Non-binary,18-24,Anglo-Australian,Full-time,False,True,E01573,acquisition,Entity_B,BambooHR-EntityB,54.0,11,False,336,High Performer,59.0,involuntary
E12048,2025-06-06,involuntary,Involuntary - performance,True,False,Below Expectations,110600.0,E02863,push,Christina Woods,2024-06-28,2025-06-06,departed,Technology,Operations-Processing,1,Analyst,110600.0,1.02,Female,25-29,Anglo-Australian,Full-time,False,True,E02863,acquisition,Entity_B,BambooHR-EntityB,61.0,11,False,343,High Performer,72.4,involuntary
E12051,2024-11-25,voluntary,Better opportunity,True,False,High Performer,64800.0,E01675,pull,Chad Scott,2024-06-28,2024-11-25,departed,Technology,Client-Advisory,1,Client Service Officer,64800.0,1.02,Male,25-29,European (non-Anglo),Full-time,False,False,E01675,acquisition,Entity_B,BambooHR-EntityB,34.0,5,False,150,Meets Expectations,62.2,routine_voluntary
E12065,2024-07-30,voluntary,Career advancement,True,False,Below Expectations,154300.0,E03286,push,Benjamin Martinez,2024-06-30,2024-07-30,departed,Insurance,Technology,2,"Manager, Insurance",154300.0,1.03,Male,30-34,East Asian,Full-time,False,False,E03286,acquisition,Entity_B,BambooHR-EntityB,41.0,1,False,30,High Performer,79.6,hiring_inefficiency
E12082,2025-05-30,voluntary,Career advancement,True,True,Outstanding,111600.0,E12897,pull,Christie Brewer,2024-07-01,2025-05-30,departed,Wealth Management,Operations-Processing,1,Analyst,111600.0,0.86,Female,30-34,European (non-Anglo),Part-time,True,True,E12897,acquisition,Entity_B,BambooHR-EntityB,70.0,11,False,333,Outstanding,79.3,regrettable_attrition
E12087,2025-11-23,voluntary,Work-life balance,True,False,Meets Expectations,80000.0,E00550,push,Jamie Patterson,2024-07-02,2025-11-23,departed,Technology,Corporate-Support,1,Graduate,80000.0,0.98,Female,35-39,Anglo-Australian,Full-time,False,False,E00550,acquisition,Entity_B,BambooHR-EntityB,59.0,16,False,509,High Performer,83.0,regrettable_attrition
E12090,2025-09-17,voluntary,Better opportunity,True,False,High Performer,84300.0,E00618,pull,Sean Bell,2024-07-02,2025-09-17,departed,Technology,Corporate-Support,1,Graduate,84300.0,0.89,Male,18-24,Anglo-Australian,Full-time,True,False,E00618,acquisition,Entity_B,BambooHR-EntityB,89.0,14,False,442,Meets Expectations,55.4,regrettable_attrition
E12100,2025-02-28,voluntary,Career advancement,True,False,Below Expectations,228700.0,E02652,push,Cheryl Lamb,2024-07-02,2025-02-28,departed,Technology,Client-Advisory,3,"Senior Manager, Technology",228700.0,1.01,Female,40-44,Anglo-Australian,Full-time,False,False,E02652,acquisition,Entity_B,BambooHR-EntityB,14.0,8,False,241,Meets Expectations,67.0,routine_voluntary
E12103,2024-08-30,voluntary,Role uncertainty / unclear future,True,False,Meets Expectations,233000.0,E04417,push,Kevin Jackson,2024-07-03,2024-08-30,departed,Technology,Operations-Processing,3,"Senior Manager, Technology",233000.0,0.98,Male,30-34,Maori/Aboriginal & Torres Strait Islander,Full-time,False,True,E04417,acquisition,Entity_B,BambooHR-EntityB,55.0,1,False,58,Meets Expectations,59.6,hiring_inefficiency
E12114,2025-06-11,voluntary,Career advancement,True,True,Meets Expectations,84600.0,E02591,pull,Emily Robinson,2024-07-03,2025-06-11,departed,Corporate Operations,Operations-Processing,1,Processing Officer,84600.0,0.88,Female,25-29,South Asian,Fixed-term,True,False,E02591,acquisition,Entity_B,BambooHR-EntityB,27.0,11,False,343,Meets Expectations,66.0,regrettable_attrition
E12126,2024-09-30,voluntary,Work-life balance,True,False,Below Expectations,108200.0,E02597,push,Leslie Medina,2024-07-04,2024-09-30,departed,Technology,Operations-Processing,1,Analyst,108200.0,0.91,Female,30-34,East Asian,Full-time,False,True,E02597,acquisition,Entity_B,BambooHR-EntityB,43.0,2,False,88,High Performer,77.2,hiring_inefficiency
E12127,2025-10-03,voluntary,Better opportunity,True,False,Meets Expectations,61400.0,E03885,pull,Catherine Cole,2024-07-04,2025-10-03,departed,Insurance,Client-Advisory,1,Client Service Officer,61400.0,0.94,Female,18-24,Middle Eastern,Full-time,False,False,E03885,acquisition,Entity_B,BambooHR-EntityB,30.0,15,False,456,Meets Expectations,73.1,routine_voluntary
E12142,2025-03-28,involuntary,Involuntary - performance,False,False,Below Expectations,180300.0,E00367,push,Joseph Williams,2024-07-05,2025-03-28,departed,Retail Banking,Operations-Processing,3,"Senior Manager, Retail Banking",180300.0,0.84,Male,40-44,Anglo-Australian,Full-time,True,True,E00367,acquisition,Entity_B,BambooHR-EntityB,53.0,8,False,266,High Performer,61.1,involuntary
E12143,2024-09-06,voluntary,Relocation,True,False,Meets Expectations,75800.0,E09790,push,Jennifer Greene,2024-07-05,2024-09-06,departed,Technology,Operations-Processing,1,Processing Officer,75800.0,0.93,Female,18-24,Maori/Aboriginal & Torres Strait Islander,Full-time,False,True,E09790,acquisition,Entity_B,BambooHR-EntityB,75.0,2,False,63,Meets Expectations,72.5,hiring_inefficiency
E12145,2024-08-04,voluntary,Career advancement,True,False,Meets Expectations,66900.0,E02787,push,Sandra Hernandez,2024-07-05,2024-08-04,departed,Risk & Compliance,Operations-Processing,1,Processing Officer,66900.0,0.96,Female,30-34,Anglo-Australian,Full-time,False,False,E02787,acquisition,Entity_B,BambooHR-EntityB,73.0,1,False,30,High Performer,78.6,hiring_inefficiency
E12151,2024-08-02,voluntary,Career advancement,False,True,High Performer,66600.0,E13584,pull,Jose Collins,2024-07-06,2024-08-02,departed,Risk & Compliance,Operations-Processing,1,Processing Officer,66600.0,0.84,Male,35-39,East Asian,Fixed-term,True,False,E13584,acquisition,Entity_B,BambooHR-EntityB,52.0,0,False,27,Below Expectations,43.7,hiring_inefficiency
E12155,2025-01-21,involuntary,Involuntary - performance,False,False,Unsatisfactory,100200.0,E01920,push,Mark Gardner,2024-07-06,2025-01-21,departed,Insurance,Operations-Processing,1,Analyst,100200.0,1.02,Male,25-29,Prefer not to say,Full-time,False,True,E01920,acquisition,Entity_B,BambooHR-EntityB,90.0,6,False,199,High Performer,66.1,involuntary
E12161,2025-05-14,involuntary,Involuntary - performance,False,False,Below Expectations,140300.0,E01403,push,Nichole Mendoza,2024-07-06,2025-05-14,departed,Insurance,Risk-Compliance,1,Senior Risk Analyst,140300.0,1.0,Female,25-29,Maori/Aboriginal & Torres Strait Islander,Full-time,False,True,E01403,acquisition,Entity_B,BambooHR-EntityB,44.0,10,False,312,Meets Expectations,79.6,involuntary
E12173,2025-07-16,voluntary,Career advancement,True,False,Meets Expectations,63600.0,E00989,push,Jacqueline Frederick,2024-07-07,2025-07-16,departed,Retail Banking,Operations-Processing,1,Processing Officer,63600.0,0.98,Non-binary,25-29,East Asian,Full-time,False,True,E00989,acquisition,Entity_B,BambooHR-EntityB,84.0,12,False,374,Below Expectations,41.9,routine_voluntary
E12179,2025-04-18,voluntary,Work-life balance,False,False,Meets Expectations,66700.0,E02476,push,Michael Smith,2024-07-07,2025-04-18,departed,Technology,Operations-Processing,1,Processing Officer,66700.0,0.99,Male,18-24,East Asian,Full-time,False,False,E02476,acquisition,Entity_B,BambooHR-EntityB,60.0,9,False,285,High Performer,69.9,regrettable_attrition
E12189,2025-07-12,involuntary,Involuntary - performance,True,False,Unsatisfactory,129700.0,E08075,push,Julie Nelson,2024-07-08,2025-07-12,departed,Technology,Operations-Processing,1,Senior Analyst,129700.0,1.0,Female,30-34,Anglo-Australian,Part-time,False,False,E08075,acquisition,Entity_B,BambooHR-EntityB,72.0,12,False,369,Meets Expectations,70.0,involuntary
E12194,2025-04-09,involuntary,Involuntary - performance,True,False,Below Expectations,76000.0,E01436,push,Vincent Reynolds,2024-07-08,2025-04-09,departed,Risk & Compliance,Operations-Processing,1,Processing Officer,76000.0,0.99,Male,30-34,Anglo-Australian,Full-time,False,False,E01436,acquisition,Entity_B,BambooHR-EntityB,83.0,9,False,275,Meets Expectations,65.0,involuntary
E12195,2025-02-28,voluntary,Personal reasons,False,False,Outstanding,229200.0,E06917,push,Michael Santos,2024-07-08,2025-02-28,departed,Corporate Operations,Operations-Processing,3,"Senior Manager, Corporate Operations",229200.0,0.95,Non-binary,35-39,Anglo-Australian,Part-time,False,True,E06917,acquisition,Entity_B,BambooHR-EntityB,74.0,7,False,235,Below Expectations,41.9,routine_voluntary
E12202,2025-01-31,voluntary,Career advancement,True,False,High Performer,155200.0,E02099,pull,Brent Roberts,2024-07-09,2025-01-31,departed,Risk & Compliance,Client-Advisory,2,"Manager, Risk & Compliance",155200.0,1.06,Non-binary,35-39,East Asian,Full-time,False,True,E02099,acquisition,Entity_B,BambooHR-EntityB,40.0,6,False,206,High Performer,66.9,regrettable_attrition
E12206,2024-08-08,involuntary,Involuntary - performance,False,False,Below Expectations,140700.0,E07626,push,Michael Mclean,2024-07-09,2024-08-08,departed,Insurance,Operations-Processing,1,Senior Analyst,140700.0,1.06,Male,30-34,Middle Eastern,Full-time,False,False,E07626,acquisition,Entity_B,BambooHR-EntityB,44.0,1,False,30,High Performer,92.6,hiring_inefficiency
E12214,2025-05-30,voluntary,Career advancement,True,False,Below Expectations,173900.0,E14134,push,Mark Rodriguez,2024-07-09,2025-05-30,departed,Risk & Compliance,Operations-Processing,2,"Manager, Risk & Compliance",173900.0,0.96,Male,25-29,South Asian,Full-time,False,False,E14134,acquisition,Entity_B,BambooHR-EntityB,23.0,10,False,325,Below Expectations,53.0,routine_voluntary
E12222,2025-10-31,voluntary,Better opportunity,True,False,High Performer,140000.0,E06699,pull,Penny Potter,2024-07-10,2025-10-31,departed,Corporate Operations,Operations-Processing,1,Senior Analyst,140000.0,0.92,Female,30-34,South Asian,Full-time,False,False,E06699,acquisition,Entity_B,BambooHR-EntityB,71.0,15,False,478,Meets Expectations,55.8,routine_voluntary
E12241,2024-11-22,voluntary,Better opportunity,True,False,Outstanding,183500.0,E12947,pull,Thomas Bailey,2024-07-10,2024-11-22,departed,Risk & Compliance,Operations-Processing,3,"Senior Manager, Risk & Compliance",183500.0,1.05,Male,35-39,Anglo-Australian,Full-time,False,False,E12947,acquisition,Entity_B,BambooHR-EntityB,55.0,4,False,135,Meets Expectations,46.4,routine_voluntary
E12258,2024-08-28,voluntary,Career advancement,True,False,High Performer,130100.0,E11133,pull,Jeremy Campos,2024-07-11,2024-08-28,departed,Insurance,Operations-Processing,1,Senior Analyst,130100.0,0.93,Non-binary,35-39,Anglo-Australian,Part-time,False,False,E11133,acquisition,Entity_B,BambooHR-EntityB,88.0,1,False,48,Meets Expectations,64.1,hiring_inefficiency
E12265,2025-07-31,involuntary,Involuntary - performance,True,False,Unsatisfactory,108900.0,E03249,push,Randy Welch,2024-07-12,2025-07-31,departed,Insurance,Technology,1,Engineer,108900.0,1.11,Male,35-39,Anglo-Australian,Full-time,False,False,E03249,acquisition,Entity_B,BambooHR-EntityB,30.0,12,False,384,High Performer,71.4,involuntary
E12266,2025-10-03,voluntary,Career advancement,True,False,Meets Expectations,123200.0,E08280,push,Monica Bauer,2024-07-12,2025-10-03,departed,Corporate Operations,Operations-Processing,1,Senior Analyst,123200.0,1.01,Female,40-44,Anglo-Australian,Casual,False,True,E08280,acquisition,Entity_B,BambooHR-EntityB,65.0,14,False,448,Outstanding,84.1,regrettable_attrition
E12284,2025-07-23,voluntary,Better opportunity,True,True,High Performer,74100.0,E00727,pull,Jennifer Williams,2024-07-13,2025-07-23,departed,Retail Banking,Operations-Processing,1,Processing Officer,74100.0,0.85,Female,18-24,Anglo-Australian,Full-time,True,True,E00727,acquisition,Entity_B,BambooHR-EntityB,47.0,12,False,375,Meets Expectations,53.9,regrettable_attrition
E12286,2024-08-13,voluntary,Career advancement,True,True,Outstanding,117400.0,E02616,push,Erica Fletcher,2024-07-14,2024-08-13,departed,Insurance,Operations-Processing,1,Senior Analyst,117400.0,0.94,Female,25-29,Maori/Aboriginal & Torres Strait Islander,Full-time,False,True,E02616,acquisition,Entity_B,BambooHR-EntityB,28.0,1,False,30,Meets Expectations,67.2,hiring_inefficiency
E12302,2024-08-30,involuntary,Involuntary - performance,True,False,Below Expectations,135700.0,E03045,push,Cody Huffman,2024-07-15,2024-08-30,departed,Retail Banking,Corporate-Support,1,Senior Specialist,135700.0,1.03,Prefer not to say,30-34,Anglo-Australian,Full-time,False,False,E03045,acquisition,Entity_B,BambooHR-EntityB,71.0,1,False,46,Meets Expectations,68.8,hiring_inefficiency
E12323,2024-08-15,voluntary,Career advancement,True,False,Below Expectations,213600.0,E12358,push,Andrew Hughes,2024-07-16,2024-08-15,departed,Risk & Compliance,Technology,3,"Senior Manager, Risk & Compliance",213600.0,1.03,Male,35-39,Anglo-Australian,Part-time,False,False,E12358,acquisition,Entity_B,BambooHR-EntityB,41.0,1,False,30,Meets Expectations,63.7,hiring_inefficiency
E12331,2024-08-16,voluntary,Career advancement,True,False,Meets Expectations,147500.0,E00403,push,Benjamin Scott,2024-07-17,2024-08-16,departed,Retail Banking,Operations-Processing,2,"Manager, Retail Banking",147500.0,1.11,Male,30-34,Anglo-Australian,Full-time,False,True,E00403,acquisition,Entity_B,BambooHR-EntityB,52.0,1,False,30,Below Expectations,28.3,hiring_inefficiency
E12332,2024-10-31,voluntary,Personal reasons,True,False,Meets Expectations,90400.0,E02910,push,Deborah Soto,2024-07-17,2024-10-31,departed,Retail Banking,Operations-Processing,1,Analyst,90400.0,0.95,Female,35-39,South Asian,Full-time,False,True,E02910,acquisition,Entity_B,BambooHR-EntityB,53.0,3,False,106,Meets Expectations,63.2,routine_voluntary
E12355,2025-08-19,voluntary,Compensation,False,False,Below Expectations,70300.0,E11256,push,Sara Leonard,2024-07-18,2025-08-19,departed,Technology,Operations-Processing,1,Processing Officer,70300.0,0.97,Female,18-24,Anglo-Australian,Full-time,False,True,E11256,acquisition,Entity_B,BambooHR-EntityB,72.0,13,False,397,Below Expectations,45.4,routine_voluntary
E12360,2025-04-03,voluntary,Better opportunity,False,False,High Performer,87000.0,E02186,pull,Laura Larsen,2024-07-19,2025-04-03,departed,Technology,Operations-Processing,1,Analyst,87000.0,0.96,Female,18-24,Anglo-Australian,Full-time,False,False,E02186,acquisition,Entity_B,BambooHR-EntityB,64.0,8,False,258,High Performer,68.0,regrettable_attrition
E12374,2024-08-18,voluntary,Career advancement,True,True,Outstanding,177600.0,E05974,push,Katherine Doyle,2024-07-19,2024-08-18,departed,Risk & Compliance,Corporate-Support,3,"Senior Manager, Risk & Compliance",177600.0,0.92,Female,30-34,East Asian,Fixed-term,False,False,E05974,acquisition,Entity_B,BambooHR-EntityB,64.0,1,False,30,Meets Expectations,66.0,hiring_inefficiency
E12381,2024-08-30,voluntary,Personal reasons,True,False,Meets Expectations,84200.0,E01007,push,Alexander Gomez,2024-07-19,2024-08-30,departed,Corporate Operations,Risk-Compliance,1,Compliance Officer,84200.0,0.99,Male,25-29,Southeast Asian,Casual,False,False,E01007,acquisition,Entity_B,BambooHR-EntityB,31.0,1,False,42,Meets Expectations,60.8,hiring_inefficiency
E12382,2024-11-03,voluntary,Career advancement,False,False,High Performer,65300.0,E05364,push,Zachary Farmer,2024-07-19,2024-11-03,departed,Retail Banking,Technology,1,Junior Developer,65300.0,0.96,Male,30-34,African,Full-time,False,False,E05364,acquisition,Entity_B,BambooHR-EntityB,56.0,3,False,107,High Performer,64.0,routine_voluntary
E12385,2025-01-31,voluntary,Relocation,True,False,Meets Expectations,85100.0,E00904,push,Brent Jordan,2024-07-19,2025-01-31,departed,Technology,Operations-Processing,1,Analyst,85100.0,0.96,Male,25-29,South Asian,Full-time,False,False,E00904,acquisition,Entity_B,BambooHR-EntityB,85.0,6,False,196,Outstanding,85.0,regrettable_attrition
E12391,2024-08-30,voluntary,Career advancement,True,False,High Performer,73600.0,E01444,push,Tracy Wells,2024-07-20,2024-08-30,departed,Retail Banking,Operations-Processing,1,Processing Officer,73600.0,0.92,Female,18-24,East Asian,Full-time,False,True,E01444,acquisition,Entity_B,BambooHR-EntityB,82.0,1,False,41,Meets Expectations,59.6,hiring_inefficiency
E12400,2025-05-30,voluntary,Better opportunity,False,True,Outstanding,90500.0,E04788,pull,Lisa Perez,2024-07-21,2025-05-30,departed,Technology,Operations-Processing,1,Analyst,90500.0,1.02,Female,30-34,Anglo-Australian,Full-time,False,True,E04788,acquisition,Entity_B,BambooHR-EntityB,23.0,10,False,313,High Performer,90.9,regrettable_attrition
E12403,2025-09-22,voluntary,Work-life balance,True,False,Below Expectations,96300.0,E00139,push,Christina Murray,2024-07-21,2025-09-22,departed,Technology,Operations-Processing,1,Analyst,96300.0,1.02,Female,18-24,South Asian,Part-time,False,True,E00139,acquisition,Entity_B,BambooHR-EntityB,28.0,14,False,428,Meets Expectations,65.1,routine_voluntary
E12405,2024-08-30,involuntary,Involuntary - performance,False,False,Below Expectations,134100.0,E02967,push,Deborah Mills,2024-07-21,2024-08-30,departed,Corporate Operations,Operations-Processing,1,Senior Analyst,134100.0,0.97,Female,35-39,East Asian,Full-time,False,False,E02967,acquisition,Entity_B,BambooHR-EntityB,35.0,1,False,40,Meets Expectations,64.7,hiring_inefficiency
E12408,2024-10-11,voluntary,Career advancement,True,False,Meets Expectations,124600.0,E13129,push,Earl Marquez,2024-07-21,2024-10-11,departed,Retail Banking,Corporate-Support,1,Senior Specialist,124600.0,0.91,Male,35-39,Anglo-Australian,Full-time,False,True,E13129,acquisition,Entity_B,BambooHR-EntityB,27.0,2,False,82,Below Expectations,51.4,hiring_inefficiency
E12424,2024-11-19,voluntary,Better opportunity,True,False,Meets Expectations,95300.0,E01802,pull,Dr. Jeremy Chase III,2024-07-22,2024-11-19,departed,Risk & Compliance,Operations-Processing,1,Analyst,95300.0,0.91,Male,18-24,Anglo-Australian,Part-time,True,True,E01802,acquisition,Entity_B,BambooHR-EntityB,18.0,4,False,120,Meets Expectations,63.3,routine_voluntary
E12428,2025-04-11,voluntary,Career advancement,True,False,Meets Expectations,136900.0,E02756,push,Kelly Carpenter,2024-07-22,2025-04-11,departed,Retail Banking,Operations-Processing,1,Senior Analyst,136900.0,0.9,Female,30-34,Anglo-Australian,Full-time,False,False,E02756,acquisition,Entity_B,BambooHR-EntityB,14.0,8,False,263,Meets Expectations,73.8,routine_voluntary
E12431,2024-08-30,voluntary,Better opportunity,True,False,High Performer,103300.0,E08406,pull,Matthew Reynolds,2024-07-22,2024-08-30,departed,Risk & Compliance,Operations-Processing,1,Analyst,103300.0,0.87,Male,18-24,South Asian,Part-time,False,True,E08406,acquisition,Entity_B,BambooHR-EntityB,61.0,1,False,39,Meets Expectations,71.0,hiring_inefficiency
E12440,2024-11-07,voluntary,Career advancement,True,False,Meets Expectations,132000.0,E02097,push,Melissa Bennett,2024-07-22,2024-11-07,departed,Corporate Operations,Operations-Processing,1,Senior Analyst,132000.0,1.01,Female,25-29,Anglo-Australian,Full-time,False,False,E02097,acquisition,Entity_B,BambooHR-EntityB,67.0,3,False,108,Meets Expectations,51.7,routine_voluntary
E12444,2024-11-09,voluntary,Compensation,True,False,Below Expectations,105400.0,E01965,push,April Nelson DDS,2024-07-22,2024-11-09,departed,Retail Banking,Management,1,Coordinator,105400.0,1.02,Female,25-29,Anglo-Australian,Full-time,False,True,E01965,acquisition,Entity_B,BambooHR-EntityB,65.0,3,False,110,Outstanding,86.4,routine_voluntary
E12449,2024-08-16,voluntary,Better opportunity,False,True,Meets Expectations,181500.0,E00506,pull,George Caldwell,2024-07-23,2024-08-16,departed,Insurance,Operations-Processing,3,"Senior Manager, Insurance",181500.0,0.96,Male,30-34,East Asian,Full-time,True,False,E00506,acquisition,Entity_B,BambooHR-EntityB,71.0,0,False,24,Meets Expectations,50.7,hiring_inefficiency
E12460,2024-10-21,voluntary,Better opportunity,True,False,High Performer,110800.0,E05584,pull,Sarah Moore,2024-07-23,2024-10-21,departed,Retail Banking,Technology,1,Engineer,110800.0,1.02,Female,35-39,European (non-Anglo),Full-time,False,False,E05584,acquisition,Entity_B,BambooHR-EntityB,67.0,3,False,90,Outstanding,83.1,hiring_inefficiency
E12469,2024-08-30,voluntary,Better opportunity,True,False,High Performer,164900.0,E03243,pull,Jacob Powell,2024-07-24,2024-08-30,departed,Corporate Operations,Operations-Processing,2,"Manager, Corporate Operations",164900.0,1.0,Male,25-29,African,Full-time,False,False,E03243,acquisition,Entity_B,BambooHR-EntityB,65.0,1,False,37,Meets Expectations,73.7,hiring_inefficiency
E12478,2024-08-23,involuntary,Involuntary - conduct,False,False,High Performer,125700.0,E01654,push,Kevin Salas,2024-07-24,2024-08-23,departed,Retail Banking,Operations-Processing,1,Senior Analyst,125700.0,0.84,Male,18-24,Anglo-Australian,Full-time,False,False,E01654,acquisition,Entity_B,BambooHR-EntityB,64.0,1,False,30,Meets Expectations,54.0,hiring_inefficiency
E12494,2024-10-03,voluntary,Work-life balance,True,False,Meets Expectations,63500.0,E14127,push,Dominique Wilson,2024-07-26,2024-10-03,departed,Technology,Management,1,Administration Officer,63500.0,0.97,Female,30-34,Anglo-Australian,Full-time,False,True,E14127,acquisition,Entity_B,BambooHR-EntityB,40.0,2,False,69,Meets Expectations,57.9,hiring_inefficiency
E12496,2024-11-22,voluntary,Work-life balance,True,False,Meets Expectations,65800.0,E03101,push,Mr. Tony Williams DVM,2024-07-26,2024-11-22,departed,Corporate Operations,Operations-Processing,1,Processing Officer,65800.0,0.83,Male,25-29,Anglo-Australian,Full-time,False,False,E03101,acquisition,Entity_B,BambooHR-EntityB,34.0,3,False,119,Meets Expectations,60.9,routine_voluntary
E12499,2025-02-10,voluntary,Career advancement,True,False,Outstanding,125400.0,E05500,pull,Sean Johnson,2024-07-26,2025-02-10,departed,Insurance,Operations-Processing,1,Senior Analyst,125400.0,0.92,Male,30-34,Anglo-Australian,Full-time,False,False,E05500,acquisition,Entity_B,BambooHR-EntityB,33.0,6,False,199,High Performer,78.1,regrettable_attrition
E12503,2025-09-18,voluntary,Personal reasons,True,False,High Performer,66200.0,E13294,push,Brenda Jones,2024-07-26,2025-09-18,departed,Risk & Compliance,Corporate-Support,1,Graduate,66200.0,0.93,Female,25-29,Anglo-Australian,Full-time,True,False,E13294,acquisition,Entity_B,BambooHR-EntityB,88.0,13,False,419,Outstanding,76.6,regrettable_attrition
E12513,2024-08-26,voluntary,Career advancement,True,False,Meets Expectations,125700.0,E04240,push,Timothy Shaw,2024-07-27,2024-08-26,departed,Risk & Compliance,Risk-Compliance,1,Senior Risk Analyst,125700.0,0.87,Male,35-39,Maori/Aboriginal & Torres Strait Islander,Casual,False,False,E04240,acquisition,Entity_B,BambooHR-EntityB,76.0,1,False,30,Meets Expectations,73.0,hiring_inefficiency
E12524,2024-08-23,voluntary,Role uncertainty / unclear future,True,False,Meets Expectations,105400.0,E01126,push,Jorge Hood,2024-07-27,2024-08-23,departed,Risk & Compliance,Management,1,Coordinator,105400.0,0.93,Male,30-34,Anglo-Australian,Full-time,False,False,E01126,agency,NovaCorp-Origin,WorkdayHR,77.0,0,False,27,High Performer,76.1,hiring_inefficiency
E12528,2024-11-29,involuntary,Involuntary - performance,True,False,Unsatisfactory,137100.0,E01200,push,Christine Luna,2024-07-27,2024-11-29,departed,Corporate Operations,Technology,1,Senior Engineer,137100.0,0.92,Female,25-29,Anglo-Australian,Full-time,False,False,E01200,acquisition,Entity_B,BambooHR-EntityB,42.0,4,False,125,Meets Expectations,57.1,involuntary
E12533,2025-08-31,voluntary,Better opportunity,True,False,Outstanding,119800.0,E03812,push,John Hart,2024-07-28,2025-08-31,departed,Risk & Compliance,Corporate-Support,1,Senior Specialist,119800.0,0.9,Male,18-24,Anglo-Australian,Full-time,True,False,E03812,acquisition,Entity_B,BambooHR-EntityB,83.0,13,False,399,High Performer,61.4,regrettable_attrition
E12549,2024-10-12,voluntary,Better opportunity,True,False,High Performer,176600.0,E00599,pull,Peter Collins,2024-07-29,2024-10-12,departed,Retail Banking,Technology,2,"Manager, Retail Banking",176600.0,0.94,Male,30-34,Southeast Asian,Full-time,False,False,E00599,acquisition,Entity_B,BambooHR-EntityB,54.0,2,False,75,High Performer,65.0,hiring_inefficiency
E12557,2024-08-29,voluntary,Career advancement,True,False,Meets Expectations,70200.0,E03124,push,Glenn Chen,2024-07-30,2024-08-29,departed,Technology,Operations-Processing,1,Processing Officer,70200.0,1.01,Male,40-44,Anglo-Australian,Full-time,False,False,E03124,acquisition,Entity_B,BambooHR-EntityB,35.0,1,False,30,Meets Expectations,75.6,hiring_inefficiency
E12565,2024-08-23,involuntary,Involuntary - performance,False,False,Below Expectations,142900.0,E07140,push,Dawn Oconnell,2024-07-30,2024-08-23,departed,Retail Banking,Operations-Processing,1,Senior Analyst,142900.0,0.98,Female,30-34,European (non-Anglo),Part-time,False,False,E07140,acquisition,Entity_B,BambooHR-EntityB,89.0,0,False,24,Below Expectations,40.3,hiring_inefficiency
E12568,2025-10-18,voluntary,Career advancement,True,False,High Performer,136500.0,E08932,push,Samantha Russell,2024-07-30,2025-10-18,departed,Retail Banking,Operations-Processing,1,Senior Analyst,136500.0,1.02,Female,40-44,East Asian,Full-time,False,False,E08932,acquisition,Entity_B,BambooHR-EntityB,65.0,14,False,445,Meets Expectations,62.0,routine_voluntary
E12582,2024-08-30,voluntary,Career advancement,False,False,Meets Expectations,97200.0,E00350,push,Michael Bradshaw,2024-07-31,2024-08-30,departed,Risk & Compliance,Operations-Processing,1,Analyst,97200.0,0.99,Male,30-34,African,Full-time,False,True,E00350,acquisition,Entity_B,BambooHR-EntityB,30.0,1,False,30,High Performer,76.7,hiring_inefficiency
E12585,2024-08-30,voluntary,Better opportunity,True,False,Unsatisfactory,113200.0,E01292,push,Charles Green,2024-07-31,2024-08-30,departed,Retail Banking,Operations-Processing,1,Analyst,113200.0,0.95,Male,18-24,South Asian,Full-time,False,False,E01292,acquisition,Entity_B,BambooHR-EntityB,48.0,1,False,30,High Performer,87.3,hiring_inefficiency
E12588,2025-03-31,involuntary,Involuntary - performance,False,False,Unsatisfactory,224700.0,E10871,push,Kathleen Ward,2024-07-31,2025-03-31,departed,Retail Banking,Client-Advisory,3,"Senior Manager, Retail Banking",224700.0,0.94,Female,35-39,Anglo-Australian,Full-time,False,False,E10871,acquisition,Entity_B,BambooHR-EntityB,86.0,8,False,243,Below Expectations,41.1,involuntary
E12591,2024-08-30,involuntary,Involuntary - performance,False,False,Below Expectations,65500.0,E00904,push,Michael Allison,2024-07-31,2024-08-30,departed,Technology,Operations-Processing,1,Processing Officer,65500.0,0.8,Male,30-34,Anglo-Australian,Full-time,True,False,E00904,acquisition,Entity_B,BambooHR-EntityB,15.0,1,False,30,Meets Expectations,61.9,hiring_inefficiency
E12592,2024-11-29,involuntary,Involuntary - restructure,True,False,Meets Expectations,159700.0,E13863,push,Diana Miller,2024-08-01,2024-11-29,departed,Corporate Operations,Operations-Processing,2,"Manager, Corporate Operations",159700.0,0.89,Female,35-39,Anglo-Australian,Full-time,True,False,E13863,acquisition,Entity_B,BambooHR-EntityB,36.0,4,False,120,High Performer,64.2,involuntary
E12596,2025-07-31,voluntary,Career advancement,True,False,Meets Expectations,139100.0,E14463,pull,Sharon Sims,2024-08-01,2025-07-31,departed,Retail Banking,Management,1,Team Leader,139100.0,0.92,Female,18-24,Anglo-Australian,Full-time,False,False,E14463,acquisition,Entity_B,BambooHR-EntityB,71.0,12,False,364,High Performer,74.5,regrettable_attrition
E12599,2024-08-31,involuntary,Involuntary - performance,True,False,Below Expectations,98200.0,E12939,push,Joan Kennedy,2024-08-01,2024-08-31,departed,Retail Banking,Client-Advisory,1,Adviser,98200.0,1.02,Female,18-24,African,Full-time,False,False,E12939,acquisition,Entity_B,BambooHR-EntityB,28.0,1,False,30,Unsatisfactory,13.9,hiring_inefficiency
E12602,2024-08-30,voluntary,Work-life balance,True,True,Outstanding,90100.0,E00064,push,Jerry Walsh,2024-08-01,2024-08-30,departed,Risk & Compliance,Corporate-Support,1,Specialist,90100.0,0.94,Male,25-29,South Asian,Full-time,False,False,E00064,acquisition,Entity_B,BambooHR-EntityB,83.0,0,False,29,Meets Expectations,54.9,hiring_inefficiency
E12605,2024-08-30,voluntary,Compensation,True,False,High Performer,113500.0,E00618,push,Amy Hunt,2024-08-01,2024-08-30,departed,Technology,Operations-Processing,1,Analyst,113500.0,0.79,Female,30-34,Anglo-Australian,Casual,False,False,E00618,acquisition,Entity_B,BambooHR-EntityB,22.0,0,False,29,Meets Expectations,47.3,hiring_inefficiency
E12617,2024-09-01,voluntary,Personal reasons,True,False,Below Expectations,101500.0,E04135,push,Jason Payne,2024-08-02,2024-09-01,departed,Technology,Operations-Processing,1,Analyst,101500.0,0.98,Male,40-44,South Asian,Full-time,False,False,E04135,acquisition,Entity_B,BambooHR-EntityB,83.0,1,False,30,Meets Expectations,71.6,hiring_inefficiency
E12630,2025-03-07,voluntary,Career advancement,True,False,High Performer,60100.0,E03843,push,Deanna Stokes,2024-08-03,2025-03-07,departed,Technology,Risk-Compliance,1,Compliance Officer,60100.0,0.99,Female,40-44,Anglo-Australian,Casual,False,True,E03843,acquisition,Entity_B,BambooHR-EntityB,63.0,7,False,216,Meets Expectations,56.0,routine_voluntary
E12639,2024-09-02,voluntary,Career advancement,True,False,High Performer,122200.0,E08672,push,Tyler Ellis,2024-08-03,2024-09-02,departed,Corporate Operations,Operations-Processing,1,Senior Analyst,122200.0,0.93,Male,18-24,South Asian,Full-time,False,False,E08672,acquisition,Entity_B,BambooHR-EntityB,35.0,1,False,30,High Performer,90.0,hiring_inefficiency
E12642,2025-10-31,voluntary,Career advancement,True,False,Below Expectations,129700.0,E03501,push,Mr. Jason Chang,2024-08-03,2025-10-31,departed,Risk & Compliance,Client-Advisory,1,Senior Adviser,129700.0,0.92,Male,35-39,Southeast Asian,Full-time,False,False,E03501,acquisition,Entity_B,BambooHR-EntityB,71.0,15,False,454,High Performer,68.7,regrettable_attrition
E12657,2024-10-25,involuntary,Involuntary - performance,True,False,Meets Expectations,58400.0,E06167,push,Stephanie Vaughn,2024-08-04,2024-10-25,departed,Insurance,Risk-Compliance,1,Compliance Officer,58400.0,0.98,Female,25-29,Anglo-Australian,Part-time,False,False,E06167,acquisition,Entity_B,BambooHR-EntityB,80.0,2,False,82,Below Expectations,56.2,hiring_inefficiency
E12662,2024-08-30,voluntary,Career advancement,True,False,Below Expectations,90700.0,E09477,push,Cory Rodriguez,2024-08-04,2024-08-30,departed,Technology,Operations-Processing,1,Analyst,90700.0,0.96,Male,25-29,Anglo-Australian,Full-time,False,False,E09477,acquisition,Entity_B,BambooHR-EntityB,78.0,0,False,26,High Performer,89.1,hiring_inefficiency
E12666,2024-09-04,voluntary,Career advancement,True,False,Unsatisfactory,138100.0,E02885,push,Anna Levine,2024-08-05,2024-09-04,departed,Technology,Operations-Processing,1,Senior Analyst,138100.0,0.94,Female,35-39,Anglo-Australian,Full-time,True,False,E02885,acquisition,Entity_B,BambooHR-EntityB,16.0,1,False,30,High Performer,78.4,hiring_inefficiency
E12667,2024-08-30,voluntary,Career advancement,True,True,Outstanding,85000.0,E02004,pull,Allison Hernandez,2024-08-05,2024-08-30,departed,Technology,Corporate-Support,1,Specialist,85000.0,1.01,Female,18-24,East Asian,Full-time,False,True,E02004,acquisition,Entity_B,BambooHR-EntityB,15.0,0,False,25,Meets Expectations,75.3,hiring_inefficiency
E12668,2024-09-30,voluntary,Better opportunity,True,False,High Performer,63200.0,E01248,pull,Robert Vargas,2024-08-05,2024-09-30,departed,Insurance,Operations-Processing,1,Processing Officer,63200.0,1.01,Male,18-24,Anglo-Australian,Fixed-term,False,False,E01248,acquisition,Entity_B,BambooHR-EntityB,63.0,1,False,56,High Performer,85.4,hiring_inefficiency
E12678,2025-04-11,voluntary,Career advancement,True,False,Meets Expectations,57600.0,E01126,push,Brandon Finley,2024-08-05,2025-04-11,departed,Risk & Compliance,Operations-Processing,1,Processing Officer,57600.0,0.89,Male,35-39,Anglo-Australian,Full-time,False,False,E01126,acquisition,Entity_B,BambooHR-EntityB,78.0,8,False,249,Meets Expectations,69.9,routine_voluntary
E12679,2025-11-14,voluntary,Career advancement,True,False,High Performer,180900.0,E05035,pull,Megan Sloan,2024-08-05,2025-11-14,departed,Corporate Operations,Technology,2,"Manager, Corporate Operations",180900.0,1.02,Female,18-24,Anglo-Australian,Full-time,False,True,E05035,acquisition,Entity_B,BambooHR-EntityB,19.0,15,False,466,Below Expectations,45.7,routine_voluntary
E12682,2024-12-05,involuntary,Involuntary - performance,False,False,Below Expectations,142400.0,E00072,push,Kelsey Gates,2024-08-06,2024-12-05,departed,Technology,Operations-Processing,1,Senior Analyst,142400.0,1.02,Non-binary,25-29,Anglo-Australian,Full-time,False,False,E00072,acquisition,Entity_B,BambooHR-EntityB,23.0,4,False,121,Outstanding,90.6,involuntary
E12685,2025-06-19,voluntary,Career advancement,False,False,High Performer,115000.0,E02310,push,Alexis Nelson,2024-08-06,2025-06-19,departed,Technology,Corporate-Support,1,Specialist,115000.0,0.99,Female,35-39,Anglo-Australian,Fixed-term,False,False,E02310,acquisition,Entity_B,BambooHR-EntityB,90.0,10,False,317,Meets Expectations,72.4,routine_voluntary
E12695,2025-03-14,involuntary,Involuntary - performance,False,False,Meets Expectations,119500.0,E10284,push,Joseph Patel,2024-08-06,2025-03-14,departed,Wealth Management,Risk-Compliance,1,Senior Risk Analyst,119500.0,1.06,Male,30-34,Southeast Asian,Full-time,False,False,E10284,acquisition,Entity_B,BambooHR-EntityB,33.0,7,False,220,Meets Expectations,57.9,involuntary
E12696,2025-01-24,voluntary,Role uncertainty / unclear future,True,False,High Performer,64300.0,E00492,push,James Hahn,2024-08-06,2025-01-24,departed,Wealth Management,Management,1,Administration Officer,64300.0,1.01,Male,18-24,Anglo-Australian,Full-time,False,False,E00492,acquisition,Entity_B,BambooHR-EntityB,14.0,5,False,171,Meets Expectations,66.0,routine_voluntary
E12697,2024-12-31,voluntary,Career advancement,False,False,Meets Expectations,99400.0,E01667,pull,Jose Davis,2024-08-06,2024-12-31,departed,Risk & Compliance,Risk-Compliance,1,Risk Analyst,99400.0,0.96,Male,25-29,Prefer not to say,Full-time,False,False,E01667,acquisition,Entity_B,BambooHR-EntityB,14.0,4,False,147,High Performer,72.6,routine_voluntary
E12704,2025-04-04,involuntary,Involuntary - conduct,False,False,Meets Expectations,100900.0,E12904,push,April Davis,2024-08-07,2025-04-04,departed,Insurance,Operations-Processing,1,Analyst,100900.0,0.95,Female,40-44,East Asian,Full-time,False,False,E12904,acquisition,Entity_B,BambooHR-EntityB,55.0,8,False,240,Meets Expectations,82.3,involuntary
E12706,2025-09-05,involuntary,Involuntary - performance,True,False,Unsatisfactory,248800.0,E00209,push,Brett Cox,2024-08-07,2025-09-05,departed,Technology,Corporate-Support,4,"Director, Technology",248800.0,1.01,Male,35-39,Maori/Aboriginal & Torres Strait Islander,Casual,False,True,E00209,acquisition,Entity_B,BambooHR-EntityB,35.0,13,False,394,Meets Expectations,70.6,involuntary
E12709,2025-04-11,voluntary,Better opportunity,True,True,Outstanding,65300.0,E05804,pull,Robert Fleming,2024-08-07,2025-04-11,departed,Technology,Technology,1,Junior Developer,65300.0,0.94,Male,18-24,Anglo-Australian,Full-time,False,True,E05804,acquisition,Entity_B,BambooHR-EntityB,47.0,8,False,247,Below Expectations,42.8,routine_voluntary
E12711,2025-07-16,voluntary,Career advancement,True,False,Below Expectations,166600.0,E01441,pull,Charles Adams,2024-08-07,2025-07-16,departed,Risk & Compliance,Operations-Processing,2,"Manager, Risk & Compliance",166600.0,0.98,Male,25-29,Anglo-Australian,Full-time,False,False,E01441,acquisition,Entity_B,BambooHR-EntityB,36.0,11,False,343,High Performer,76.2,regrettable_attrition
E12718,2024-09-07,involuntary,Involuntary - performance,True,False,Unsatisfactory,142800.0,E02597,push,Jodi Martinez,2024-08-08,2024-09-07,departed,Technology,Technology,1,Senior Engineer,142800.0,1.02,Female,18-24,Anglo-Australian,Full-time,False,False,E02597,acquisition,Entity_B,BambooHR-EntityB,63.0,1,False,30,Meets Expectations,69.0,hiring_inefficiency
E12721,2024-09-07,voluntary,Career advancement,True,False,Meets Expectations,58800.0,E10576,push,Jessica Henderson,2024-08-08,2024-09-07,departed,Insurance,Client-Advisory,1,Client Service Officer,58800.0,1.0,Female,35-39,Pacific Islander,Full-time,False,False,E10576,acquisition,Entity_B,BambooHR-EntityB,43.0,1,False,30,Meets Expectations,63.5,hiring_inefficiency
E12730,2025-09-27,voluntary,Compensation,True,False,Meets Expectations,106500.0,E01287,push,Sarah Martin,2024-08-09,2025-09-27,departed,Corporate Operations,Operations-Processing,1,Analyst,106500.0,1.09,Female,35-39,Anglo-Australian,Full-time,False,False,E01287,acquisition,Entity_B,BambooHR-EntityB,34.0,13,False,414,Meets Expectations,67.6,routine_voluntary
E12735,2025-04-25,voluntary,Role uncertainty / unclear future,False,False,Unsatisfactory,85300.0,E09451,push,Deborah Williams,2024-08-09,2025-04-25,departed,Wealth Management,Operations-Processing,1,Analyst,85300.0,1.01,Female,25-29,Pacific Islander,Full-time,False,False,E09451,acquisition,Entity_B,BambooHR-EntityB,29.0,8,False,259,Meets Expectations,72.3,routine_voluntary
E12737,2024-09-06,involuntary,Involuntary - performance,False,False,Unsatisfactory,141900.0,E02756,push,Stephanie Harris,2024-08-09,2024-09-06,departed,Retail Banking,Operations-Processing,1,Senior Analyst,141900.0,1.06,Female,30-34,South Asian,Full-time,False,False,E02756,acquisition,Entity_B,BambooHR-EntityB,58.0,0,False,28,Below Expectations,42.0,hiring_inefficiency
E12742,2024-09-08,voluntary,Career advancement,True,True,Outstanding,127300.0,E01678,push,Cindy Nichols,2024-08-09,2024-09-08,departed,Corporate Operations,Client-Advisory,1,Senior Adviser,127300.0,0.9,Female,18-24,South Asian,Full-time,True,False,E01678,acquisition,Entity_B,BambooHR-EntityB,44.0,1,False,30,Meets Expectations,65.4,hiring_inefficiency
E12747,2025-01-28,voluntary,Career advancement,False,False,Meets Expectations,107000.0,E01536,pull,Cassandra Anderson,2024-08-10,2025-01-28,departed,Wealth Management,Risk-Compliance,1,Risk Analyst,107000.0,0.99,Female,35-39,Prefer not to say,Full-time,False,False,E01536,acquisition,Entity_B,BambooHR-EntityB,42.0,5,False,171,Meets Expectations,47.2,routine_voluntary
E12768,2024-11-23,voluntary,Career advancement,True,False,High Performer,82900.0,E00956,pull,Scott Sanchez,2024-08-11,2024-11-23,departed,Corporate Operations,Risk-Compliance,1,Compliance Officer,82900.0,0.85,Male,25-29,Anglo-Australian,Full-time,False,False,E00956,acquisition,Entity_B,BambooHR-EntityB,42.0,3,False,104,Unsatisfactory,33.7,routine_voluntary
E12769,2024-11-15,voluntary,Career advancement,False,False,High Performer,129300.0,E01202,pull,Christopher Castaneda,2024-08-11,2024-11-15,departed,Technology,Corporate-Support,1,Senior Specialist,129300.0,1.05,Male,18-24,Anglo-Australian,Full-time,False,False,E01202,acquisition,Entity_B,BambooHR-EntityB,27.0,3,False,96,Meets Expectations,68.0,routine_voluntary
E12775,2025-09-05,involuntary,Involuntary - performance,True,False,Below Expectations,125400.0,E02873,push,Chelsey Smith,2024-08-12,2025-09-05,departed,Wealth Management,Operations-Processing,1,Senior Analyst,125400.0,1.0,Female,25-29,Anglo-Australian,Full-time,False,True,E02873,acquisition,Entity_B,BambooHR-EntityB,80.0,12,False,389,Unsatisfactory,47.3,involuntary
E12807,2024-09-30,voluntary,Career advancement,True,False,Meets Expectations,140000.0,E03513,push,Crystal Olson,2024-08-13,2024-09-30,departed,Wealth Management,Operations-Processing,2,"Manager, Wealth Management",140000.0,0.91,Female,25-29,Southeast Asian,Full-time,False,False,E03513,acquisition,Entity_B,BambooHR-EntityB,50.0,1,False,48,Meets Expectations,70.3,hiring_inefficiency
E12816,2024-09-30,voluntary,Compensation,False,False,Below Expectations,74600.0,E00993,push,Patrick Rodriguez,2024-08-14,2024-09-30,departed,Insurance,Operations-Processing,1,Processing Officer,74600.0,0.9,Male,35-39,Anglo-Australian,Full-time,True,True,E00993,acquisition,Entity_B,BambooHR-EntityB,44.0,1,False,47,Meets Expectations,70.8,hiring_inefficiency
E12825,2024-09-13,voluntary,Better opportunity,True,False,High Performer,65200.0,E01858,pull,Jared Frederick,2024-08-14,2024-09-13,departed,Wealth Management,Technology,1,Junior Developer,65200.0,1.06,Male,18-24,Maori/Aboriginal & Torres Strait Islander,Part-time,False,False,E01858,acquisition,Entity_B,BambooHR-EntityB,73.0,1,False,30,Below Expectations,37.2,hiring_inefficiency
E12829,2025-01-17,involuntary,Involuntary - restructure,True,False,Meets Expectations,145400.0,E00042,push,Joseph Miller,2024-08-14,2025-01-17,departed,Corporate Operations,Management,1,Team Leader,145400.0,1.0,Male,35-39,Anglo-Australian,Full-time,False,False,E00042,acquisition,Entity_B,BambooHR-EntityB,71.0,5,False,156,Meets Expectations,61.6,involuntary
E12833,2025-03-14,voluntary,Career advancement,True,False,Meets Expectations,138400.0,E08223,push,Adam Sanchez,2024-08-15,2025-03-14,departed,Wealth Management,Operations-Processing,1,Senior Analyst,138400.0,1.01,Male,18-24,Anglo-Australian,Full-time,False,True,E08223,acquisition,Entity_B,BambooHR-EntityB,21.0,7,False,211,Meets Expectations,73.0,routine_voluntary
E12839,2025-08-16,voluntary,Better opportunity,True,False,High Performer,135000.0,E00959,pull,Melanie Collins,2024-08-15,2025-08-16,departed,Insurance,Corporate-Support,1,Senior Specialist,135000.0,0.98,Female,25-29,Anglo-Australian,Full-time,False,False,E00959,acquisition,Entity_B,BambooHR-EntityB,21.0,12,False,366,Meets Expectations,77.6,routine_voluntary
E12842,2024-09-14,voluntary,Career advancement,True,False,Below Expectations,84900.0,E12896,push,Fernando Romero,2024-08-15,2024-09-14,departed,Risk & Compliance,Operations-Processing,1,Processing Officer,84900.0,1.0,Prefer not to say,25-29,Anglo-Australian,Full-time,False,False,E12896,acquisition,Entity_B,BambooHR-EntityB,80.0,1,False,30,Below Expectations,49.7,hiring_inefficiency
E12871,2024-09-13,voluntary,Work-life balance,True,False,High Performer,55000.0,E01630,push,Christopher Zavala,2024-08-17,2024-09-13,departed,Insurance,Operations-Processing,1,Processing Officer,55000.0,0.94,Male,18-24,Southeast Asian,Full-time,False,False,E01630,acquisition,Entity_B,BambooHR-EntityB,30.0,0,False,27,Meets Expectations,57.5,hiring_inefficiency
E12881,2024-09-13,voluntary,Career advancement,True,False,Meets Expectations,141100.0,E05434,push,Amanda Walters,2024-08-18,2024-09-13,departed,Retail Banking,Risk-Compliance,2,"Manager, Retail Banking",141100.0,0.99,Female,30-34,Anglo-Australian,Full-time,False,False,E05434,acquisition,Entity_B,BambooHR-EntityB,53.0,0,False,26,Unsatisfactory,29.8,hiring_inefficiency
E12886,2025-07-31,involuntary,Involuntary - performance,True,False,Below Expectations,138000.0,E02262,push,Kelsey Rodriguez,2024-08-18,2025-07-31,departed,Wealth Management,Operations-Processing,1,Senior Analyst,138000.0,0.97,Female,25-29,Anglo-Australian,Full-time,False,False,E02262,acquisition,Entity_B,BambooHR-EntityB,19.0,11,False,347,Below Expectations,47.6,involuntary
E12888,2024-12-07,voluntary,Career advancement,False,False,High Performer,124100.0,E01797,pull,Kari Moore,2024-08-18,2024-12-07,departed,Risk & Compliance,Operations-Processing,1,Senior Analyst,124100.0,0.9,Female,25-29,Anglo-Australian,Full-time,True,False,E01797,acquisition,Entity_B,BambooHR-EntityB,40.0,3,False,111,Below Expectations,31.9,routine_voluntary
E12895,2024-11-29,voluntary,Career advancement,True,False,Meets Expectations,85000.0,E02224,push,Bruce Rivera,2024-08-19,2024-11-29,departed,Retail Banking,Risk-Compliance,1,Risk Analyst,85000.0,0.98,Male,18-24,Anglo-Australian,Full-time,False,False,E02224,acquisition,Entity_B,BambooHR-EntityB,90.0,3,False,102,High Performer,71.9,routine_voluntary
E12909,2024-09-13,voluntary,Better opportunity,True,False,Unsatisfactory,113200.0,E06721,push,Mariah Perry,2024-08-20,2024-09-13,departed,Wealth Management,Technology,1,Engineer,113200.0,0.95,Female,30-34,Middle Eastern,Full-time,False,False,E06721,referral,NovaCorp-Origin,WorkdayHR,76.0,0,False,24,Meets Expectations,62.8,hiring_inefficiency
E12915,2025-06-20,voluntary,Personal reasons,True,False,High Performer,151400.0,E01799,push,Julie Johnson,2024-08-20,2025-06-20,departed,Retail Banking,Operations-Processing,2,"Manager, Retail Banking",151400.0,1.04,Female,35-39,Anglo-Australian,Full-time,False,False,E01799,acquisition,Entity_B,BambooHR-EntityB,39.0,10,False,304,Below Expectations,23.0,routine_voluntary
E12917,2025-10-03,voluntary,Better opportunity,True,False,Meets Expectations,83600.0,E05929,push,Breanna Gonzalez,2024-08-20,2025-10-03,departed,Insurance,Client-Advisory,1,Client Service Officer,83600.0,1.05,Female,40-44,European (non-Anglo),Full-time,False,True,E05929,acquisition,Entity_B,BambooHR-EntityB,74.0,13,False,409,Below Expectations,35.9,routine_voluntary
E12928,2025-09-19,voluntary,Career advancement,True,False,High Performer,61400.0,E01880,push,Catherine Clark,2024-08-21,2025-09-19,departed,Insurance,Operations-Processing,1,Processing Officer,61400.0,0.98,Female,25-29,Anglo-Australian,Fixed-term,False,False,E01880,acquisition,Entity_B,BambooHR-EntityB,35.0,13,False,394,Meets Expectations,69.6,routine_voluntary
E12940,2024-09-20,voluntary,Career advancement,True,False,High Performer,228700.0,E11440,push,Miss Kristina Reed,2024-08-21,2024-09-20,departed,Retail Banking,Operations-Processing,3,"Senior Manager, Retail Banking",228700.0,0.89,Female,40-44,Anglo-Australian,Part-time,False,False,E11440,acquisition,Entity_B,BambooHR-EntityB,90.0,1,False,30,High Performer,79.9,hiring_inefficiency
E12941,2024-09-20,voluntary,Career advancement,True,False,High Performer,164300.0,E00851,push,Mr. Michael Payne,2024-08-21,2024-09-20,departed,Corporate Operations,Client-Advisory,2,"Manager, Corporate Operations",164300.0,0.89,Male,35-39,Latin American,Full-time,False,False,E00851,acquisition,Entity_B,BambooHR-EntityB,31.0,1,False,30,Meets Expectations,62.8,hiring_inefficiency
E12954,2024-09-21,involuntary,Involuntary - performance,False,False,Unsatisfactory,76700.0,E02822,push,Steven Thomas,2024-08-22,2024-09-21,departed,Technology,Corporate-Support,1,Graduate,76700.0,0.98,Male,30-34,Prefer not to say,Full-time,False,False,E02822,acquisition,Entity_B,BambooHR-EntityB,56.0,1,False,30,Meets Expectations,57.0,hiring_inefficiency
E12973,2025-05-30,voluntary,Career advancement,True,False,Meets Expectations,134000.0,E00068,pull,William Flores,2024-08-24,2025-05-30,departed,Retail Banking,Technology,1,Senior Engineer,134000.0,1.0,Male,18-24,South Asian,Full-time,False,False,E00068,acquisition,Entity_B,BambooHR-EntityB,32.0,9,False,279,Outstanding,93.9,regrettable_attrition
E12974,2024-11-15,voluntary,Career advancement,True,False,High Performer,104900.0,E05926,push,Brandi Price,2024-08-24,2024-11-15,departed,Retail Banking,Client-Advisory,1,Adviser,104900.0,1.03,Female,35-39,Anglo-Australian,Fixed-term,False,False,E05926,acquisition,Entity_B,BambooHR-EntityB,88.0,2,False,83,Meets Expectations,53.9,hiring_inefficiency
E12980,2025-09-12,voluntary,Study/career change,True,False,High Performer,98400.0,E02853,push,Russell Green,2024-08-24,2025-09-12,departed,Technology,Client-Advisory,1,Adviser,98400.0,0.93,Non-binary,18-24,Anglo-Australian,Full-time,False,False,E02853,acquisition,Entity_B,BambooHR-EntityB,53.0,12,False,384,Meets Expectations,72.5,routine_voluntary
E12983,2024-09-20,voluntary,Better opportunity,True,False,Meets Expectations,149500.0,E10147,push,James Gonzalez DDS,2024-08-24,2024-09-20,departed,Risk & Compliance,Operations-Processing,2,"Manager, Risk & Compliance",149500.0,1.01,Male,30-34,Anglo-Australian,Full-time,False,True,E10147,acquisition,Entity_B,BambooHR-EntityB,15.0,0,False,27,Below Expectations,34.7,hiring_inefficiency
E13002,2025-02-20,voluntary,Personal reasons,True,False,Meets Expectations,193200.0,E01602,push,Isaiah Smith,2024-08-26,2025-02-20,departed,Technology,Client-Advisory,3,"Senior Manager, Technology",193200.0,1.02,Prefer not to say,25-29,Anglo-Australian,Part-time,True,False,E01602,acquisition,Entity_B,BambooHR-EntityB,77.0,5,False,178,Unsatisfactory,40.0,routine_voluntary
E13006,2024-09-20,voluntary,Career advancement,True,False,Meets Expectations,117900.0,E06125,push,Dustin Rivera,2024-08-26,2024-09-20,departed,Insurance,Operations-Processing,1,Senior Analyst,117900.0,0.98,Male,30-34,East Asian,Full-time,False,False,E06125,acquisition,Entity_B,BambooHR-EntityB,52.0,0,False,25,High Performer,85.5,hiring_inefficiency
E13008,2024-09-20,voluntary,Career advancement,True,False,Meets Expectations,104500.0,E02786,push,Todd Rogers,2024-08-26,2024-09-20,departed,Technology,Operations-Processing,1,Analyst,104500.0,0.97,Male,18-24,Anglo-Australian,Full-time,False,False,E02786,acquisition,Entity_B,BambooHR-EntityB,67.0,0,False,25,Meets Expectations,52.2,hiring_inefficiency
E13012,2024-09-20,voluntary,Career advancement,True,False,Meets Expectations,87900.0,E00504,push,Ashley Huang,2024-08-27,2024-09-20,departed,Technology,Client-Advisory,1,Adviser,87900.0,0.97,Female,18-24,Anglo-Australian,Full-time,False,False,E00504,acquisition,Entity_B,BambooHR-EntityB,17.0,0,False,24,Below Expectations,37.0,hiring_inefficiency
E13015,2025-08-11,involuntary,Involuntary - performance,False,False,Unsatisfactory,140000.0,E11070,push,Vanessa Wood,2024-08-27,2025-08-11,departed,Retail Banking,Operations-Processing,2,"Manager, Retail Banking",140000.0,0.95,Female,30-34,Anglo-Australian,Part-time,False,True,E11070,acquisition,Entity_B,BambooHR-EntityB,29.0,11,False,349,Below Expectations,42.6,involuntary
E13017,2024-09-20,voluntary,Better opportunity,True,True,High Performer,117500.0,E02310,pull,Jeffery Lane,2024-08-27,2024-09-20,departed,Technology,Operations-Processing,1,Senior Analyst,117500.0,0.99,Male,30-34,Southeast Asian,Full-time,True,False,E02310,acquisition,Entity_B,BambooHR-EntityB,57.0,0,False,24,Meets Expectations,74.5,hiring_inefficiency
E13023,2025-05-03,voluntary,Career advancement,True,False,High Performer,90400.0,E08207,pull,Heather Madden,2024-08-27,2025-05-03,departed,Retail Banking,Operations-Processing,1,Analyst,90400.0,1.06,Female,30-34,Anglo-Australian,Full-time,False,False,E08207,acquisition,Entity_B,BambooHR-EntityB,44.0,8,False,249,Meets Expectations,47.4,routine_voluntary
E13039,2025-11-02,voluntary,Career advancement,True,False,Meets Expectations,135800.0,E09889,pull,Timothy Fox,2024-08-29,2025-11-02,departed,Retail Banking,Operations-Processing,1,Senior Analyst,135800.0,0.95,Male,18-24,Anglo-Australian,Full-time,False,False,E09889,acquisition,Entity_B,BambooHR-EntityB,62.0,14,False,430,High Performer,67.3,regrettable_attrition
E13041,2025-07-27,voluntary,Compensation,True,False,Meets Expectations,104700.0,E02307,push,Alexandra Brown,2024-08-29,2025-07-27,departed,Insurance,Client-Advisory,1,Adviser,104700.0,1.0,Female,30-34,Anglo-Australian,Part-time,False,False,E02307,acquisition,Entity_B,BambooHR-EntityB,53.0,11,False,332,Meets Expectations,56.5,routine_voluntary
E13043,2025-02-09,voluntary,Role uncertainty / unclear future,True,False,High Performer,180300.0,E01129,push,Daniel Olson,2024-08-29,2025-02-09,departed,Risk & Compliance,Operations-Processing,2,"Manager, Risk & Compliance",180300.0,0.86,Male,30-34,Anglo-Australian,Casual,False,False,E01129,acquisition,Entity_B,BambooHR-EntityB,36.0,5,False,164,Meets Expectations,59.3,routine_voluntary
E13052,2025-01-31,voluntary,Career advancement,False,False,Meets Expectations,113400.0,E11597,pull,Matthew Campos,2024-08-29,2025-01-31,departed,Technology,Operations-Processing,1,Analyst,113400.0,1.08,Male,30-34,Anglo-Australian,Full-time,False,False,E11597,acquisition,Entity_B,BambooHR-EntityB,39.0,5,False,155,Unsatisfactory,32.9,routine_voluntary
E13054,2025-07-26,voluntary,Career advancement,True,False,Meets Expectations,98500.0,E01836,push,Jessica King,2024-08-30,2025-07-26,departed,Technology,Technology,1,Engineer,98500.0,0.95,Female,25-29,Southeast Asian,Full-time,True,False,E01836,acquisition,Entity_B,BambooHR-EntityB,47.0,11,False,330,Meets Expectations,56.6,regrettable_attrition
E13055,2025-06-20,voluntary,Career advancement,True,True,Outstanding,144100.0,E02885,pull,Brittany Smith,2024-08-30,2025-06-20,departed,Technology,Client-Advisory,1,Senior Adviser,144100.0,0.88,Non-binary,18-24,Middle Eastern,Full-time,False,False,E02885,acquisition,Entity_B,BambooHR-EntityB,51.0,9,False,294,Meets Expectations,60.5,routine_voluntary
E13066,2025-09-13,voluntary,Career advancement,True,False,Meets Expectations,171500.0,E03948,push,Michael Perry,2024-08-30,2025-09-13,departed,Risk & Compliance,Management,2,"Manager, Risk & Compliance",171500.0,0.94,Male,25-29,Anglo-Australian,Full-time,False,False,E03948,acquisition,Entity_B,BambooHR-EntityB,60.0,12,False,379,Meets Expectations,64.1,routine_voluntary
E13074,2025-08-30,voluntary,Career advancement,True,False,High Performer,128500.0,E11186,push,Justin Powers,2024-08-31,2025-08-30,departed,Retail Banking,Technology,1,Senior Engineer,128500.0,0.95,Male,30-34,Latin American,Full-time,False,False,E11186,acquisition,Entity_B,BambooHR-EntityB,32.0,12,False,364,High Performer,73.8,regrettable_attrition
E13076,2024-09-30,voluntary,Better opportunity,True,False,Meets Expectations,60500.0,E03353,pull,Michelle Morris,2024-08-31,2024-09-30,departed,Technology,Operations-Processing,1,Processing Officer,60500.0,0.97,Female,30-34,Anglo-Australian,Full-time,False,False,E03353,acquisition,Entity_B,BambooHR-EntityB,21.0,1,False,30,Meets Expectations,65.9,hiring_inefficiency
E13087,2024-12-31,voluntary,Career advancement,True,False,Below Expectations,56000.0,E02472,pull,Susan Murray MD,2024-09-01,2024-12-31,departed,Risk & Compliance,Operations-Processing,1,Processing Officer,56000.0,0.94,Female,35-39,Anglo-Australian,Full-time,False,False,E02472,acquisition,Entity_B,BambooHR-EntityB,86.0,4,False,121,Meets Expectations,55.2,routine_voluntary
E13113,2024-10-02,voluntary,Relocation,True,False,Unsatisfactory,64200.0,E13613,push,Christopher Black,2024-09-02,2024-10-02,departed,Retail Banking,Operations-Processing,1,Processing Officer,64200.0,0.94,Male,35-39,Anglo-Australian,Full-time,False,True,E13613,acquisition,Entity_B,BambooHR-EntityB,65.0,1,False,30,High Performer,83.3,hiring_inefficiency
E13114,2025-01-20,voluntary,Career advancement,True,False,High Performer,192400.0,E04315,push,Laura Gregory,2024-09-02,2025-01-20,departed,Corporate Operations,Technology,3,"Senior Manager, Corporate Operations",192400.0,0.99,Female,35-39,Anglo-Australian,Part-time,False,False,E04315,acquisition,Entity_B,BambooHR-EntityB,30.0,4,False,140,High Performer,75.9,routine_voluntary
E13123,2024-09-27,voluntary,Career advancement,True,False,High Performer,141600.0,E10879,pull,Larry Smith,2024-09-03,2024-09-27,departed,Retail Banking,Operations-Processing,1,Senior Analyst,141600.0,0.9,Male,18-24,Prefer not to say,Full-time,False,True,E10879,acquisition,Entity_B,BambooHR-EntityB,44.0,0,False,24,Meets Expectations,63.5,hiring_inefficiency
E13132,2024-10-03,voluntary,Better opportunity,True,True,High Performer,106700.0,E03208,pull,Cynthia Sullivan,2024-09-03,2024-10-03,departed,Retail Banking,Operations-Processing,1,Analyst,106700.0,0.83,Female,25-29,Anglo-Australian,Full-time,True,False,E03208,acquisition,Entity_B,BambooHR-EntityB,90.0,1,False,30,Meets Expectations,59.2,hiring_inefficiency
E13133,2024-12-13,involuntary,Involuntary - conduct,True,False,Meets Expectations,121300.0,E02102,push,April Reed,2024-09-03,2024-12-13,departed,Wealth Management,Operations-Processing,1,Senior Analyst,121300.0,0.99,Female,30-34,Southeast Asian,Full-time,False,True,E02102,acquisition,Entity_B,BambooHR-EntityB,89.0,3,False,101,Meets Expectations,68.5,involuntary
E13140,2024-10-30,voluntary,Career advancement,True,False,Below Expectations,144000.0,E00489,push,Ryan Lopez,2024-09-03,2024-10-30,departed,Insurance,Operations-Processing,1,Senior Analyst,144000.0,0.99,Non-binary,25-29,Anglo-Australian,Part-time,False,True,E00489,acquisition,Entity_B,BambooHR-EntityB,47.0,1,False,57,Below Expectations,50.2,hiring_inefficiency
E13146,2024-10-04,involuntary,Involuntary - restructure,False,False,High Performer,105500.0,E02188,push,Emily Salazar,2024-09-04,2024-10-04,departed,Technology,Corporate-Support,1,Specialist,105500.0,1.0,Female,40-44,East Asian,Full-time,False,False,E02188,acquisition,Entity_B,BambooHR-EntityB,35.0,1,False,30,Meets Expectations,61.0,hiring_inefficiency
E13157,2025-06-30,involuntary,Involuntary - restructure,True,False,Meets Expectations,120800.0,E00869,push,Travis Hart,2024-09-04,2025-06-30,departed,Technology,Operations-Processing,1,Senior Analyst,120800.0,0.97,Male,35-39,Anglo-Australian,Full-time,False,False,E00869,acquisition,Entity_B,BambooHR-EntityB,66.0,9,False,299,Below Expectations,52.1,involuntary
E13159,2025-04-20,voluntary,Better opportunity,False,False,High Performer,144800.0,E11011,pull,Pamela Jones,2024-09-05,2025-04-20,departed,Executive Leadership,Risk-Compliance,1,Senior Risk Analyst,144800.0,0.91,Female,18-24,Prefer not to say,Full-time,False,True,E11011,acquisition,Entity_B,BambooHR-EntityB,19.0,7,False,227,Below Expectations,45.5,routine_voluntary
E13160,2025-06-27,voluntary,Career advancement,True,False,Below Expectations,119700.0,E04618,push,Christian Dawson,2024-09-05,2025-06-27,departed,Retail Banking,Operations-Processing,1,Senior Analyst,119700.0,0.93,Male,30-34,Anglo-Australian,Part-time,False,False,E04618,acquisition,Entity_B,BambooHR-EntityB,52.0,9,False,295,High Performer,89.2,regrettable_attrition
E13170,2025-05-16,voluntary,Personal reasons,True,False,Meets Expectations,126300.0,E04125,push,Jennifer James,2024-09-05,2025-05-16,departed,Retail Banking,Corporate-Support,1,Senior Specialist,126300.0,1.06,Female,18-24,Anglo-Australian,Full-time,False,True,E04125,acquisition,Entity_B,BambooHR-EntityB,58.0,8,False,253,Meets Expectations,58.8,routine_voluntary
E13171,2025-02-20,voluntary,Career advancement,True,False,Meets Expectations,137000.0,E09181,push,Michael Glass,2024-09-05,2025-02-20,departed,Corporate Operations,Operations-Processing,1,Senior Analyst,137000.0,0.86,Male,18-24,South Asian,Full-time,False,True,E09181,acquisition,Entity_B,BambooHR-EntityB,77.0,5,False,168,Outstanding,86.1,routine_voluntary
E13178,2025-05-02,voluntary,Better opportunity,True,True,Outstanding,67000.0,E01158,pull,Alexis Cervantes,2024-09-06,2025-05-02,departed,Corporate Operations,Client-Advisory,1,Client Service Officer,67000.0,1.01,Female,35-39,Prefer not to say,Full-time,False,False,E01158,acquisition,Entity_B,BambooHR-EntityB,24.0,7,False,238,High Performer,74.0,regrettable_attrition
E13179,2024-10-31,voluntary,Career advancement,True,False,Below Expectations,146400.0,E02489,push,Roger Buckley,2024-09-06,2024-10-31,departed,Technology,Risk-Compliance,1,Senior Risk Analyst,146400.0,0.94,Male,30-34,Anglo-Australian,Full-time,False,True,E02489,acquisition,Entity_B,BambooHR-EntityB,43.0,1,False,55,Meets Expectations,50.9,hiring_inefficiency
E13181,2024-10-06,voluntary,Career advancement,True,False,Meets Expectations,178400.0,E09445,push,Tammy Gonzalez,2024-09-06,2024-10-06,departed,Risk & Compliance,Operations-Processing,2,"Manager, Risk & Compliance",178400.0,1.02,Female,25-29,Middle Eastern,Full-time,False,False,E09445,acquisition,Entity_B,BambooHR-EntityB,22.0,1,False,30,Meets Expectations,79.9,hiring_inefficiency
E13191,2025-04-04,voluntary,Career advancement,True,True,Outstanding,205400.0,E14058,push,Amber Lane,2024-09-06,2025-04-04,departed,Retail Banking,Operations-Processing,3,"Senior Manager, Retail Banking",205400.0,0.95,Female,35-39,Anglo-Australian,Full-time,False,False,E14058,acquisition,Entity_B,BambooHR-EntityB,80.0,7,False,210,Meets Expectations,58.5,routine_voluntary
E13205,2024-11-26,voluntary,Better opportunity,True,False,High Performer,122900.0,E03055,pull,Jamie Cobb,2024-09-09,2024-11-26,departed,Retail Banking,Management,1,Team Leader,122900.0,0.93,Female,30-34,African,Fixed-term,False,False,E03055,agency,NovaCorp-Origin,WorkdayHR,38.0,2,False,78,Meets Expectations,48.6,hiring_inefficiency
E13210,2025-08-29,voluntary,Career advancement,True,False,Meets Expectations,163700.0,E08201,push,Timothy Howard,2024-09-14,2025-08-29,departed,Risk & Compliance,Management,2,"Manager, Risk & Compliance",163700.0,0.97,Male,35-39,Anglo-Australian,Full-time,False,False,E08201,agency,NovaCorp-Origin,WorkdayHR,18.0,11,False,349,Meets Expectations,72.4,routine_voluntary
E13222,2025-09-30,voluntary,Better opportunity,True,True,Outstanding,79400.0,E08608,pull,Jorge Lee,2024-10-04,2025-09-30,departed,Retail Banking,Management,1,Administration Officer,79400.0,0.98,Male,25-29,Anglo-Australian,Full-time,False,False,E08608,direct,NovaCorp-Origin,WorkdayHR,69.0,12,False,361,Meets Expectations,76.9,routine_voluntary
E13259,2025-01-06,involuntary,Involuntary - performance,False,False,Unsatisfactory,239600.0,E13190,push,Allen Mejia,2024-12-07,2025-01-06,departed,Retail Banking,Operations-Processing,3,"Senior Manager, Retail Banking",239600.0,0.9,Non-binary,30-34,Anglo-Australian,Full-time,True,True,E13190,agency,NovaCorp-Origin,WorkdayHR,68.0,1,False,30,Meets Expectations,62.0,hiring_inefficiency
E13260,2025-10-05,voluntary,Compensation,True,False,Unsatisfactory,125300.0,E14174,push,Jessica Hernandez,2024-12-08,2025-10-05,departed,Wealth Management,Management,1,Team Leader,125300.0,0.95,Female,30-34,Anglo-Australian,Full-time,False,False,E14174,agency,NovaCorp-Origin,WorkdayHR,77.0,10,False,301,Meets Expectations,47.1,routine_voluntary
E13282,2025-02-28,voluntary,Career advancement,True,False,Meets Expectations,82400.0,E02501,push,Christopher Jensen,2025-01-16,2025-02-28,departed,Executive Leadership,Client-Advisory,1,Client Service Officer,82400.0,0.86,Male,35-39,East Asian,Full-time,False,False,E02501,direct,NovaCorp-Origin,WorkdayHR,50.0,1,False,43,Meets Expectations,61.5,hiring_inefficiency
E13285,2025-02-28,voluntary,Better opportunity,True,True,Meets Expectations,116200.0,E01358,pull,Danielle Hardin,2025-01-28,2025-02-28,departed,Risk & Compliance,Client-Advisory,1,Senior Adviser,116200.0,0.96,Non-binary,18-24,Southeast Asian,Full-time,True,False,E01358,agency,NovaCorp-Origin,WorkdayHR,35.0,1,False,31,Meets Expectations,66.8,hiring_inefficiency
E13288,2025-08-22,voluntary,Career advancement,True,False,Meets Expectations,123700.0,E11080,push,Kelly Roberts,2025-02-04,2025-08-22,departed,Technology,Management,1,Team Leader,123700.0,0.96,Male,25-29,Anglo-Australian,Full-time,False,True,E11080,direct,NovaCorp-Origin,WorkdayHR,82.0,6,False,199,Meets Expectations,60.3,routine_voluntary
E13301,2025-03-24,voluntary,Career advancement,True,True,Meets Expectations,117700.0,E14461,push,Scott Wilson,2025-02-22,2025-03-24,departed,Insurance,Corporate-Support,2,"Manager, Insurance",117700.0,0.93,Male,18-24,East Asian,Full-time,False,True,E14461,agency,NovaCorp-Origin,WorkdayHR,23.0,1,False,30,Below Expectations,43.3,hiring_inefficiency
E13302,2025-11-01,voluntary,Career advancement,True,False,High Performer,106400.0,E02608,pull,Jody Wolfe,2025-02-25,2025-11-01,departed,Retail Banking,Operations-Processing,1,Analyst,106400.0,0.93,Female,18-24,South Asian,Full-time,False,False,E02608,agency,NovaCorp-Origin,WorkdayHR,31.0,8,False,249,High Performer,70.6,regrettable_attrition
E13313,2025-04-16,involuntary,Involuntary - performance,False,False,Unsatisfactory,103600.0,E00362,push,Courtney Brown,2025-03-17,2025-04-16,departed,Corporate Operations,Operations-Processing,1,Analyst,103600.0,1.06,Female,18-24,East Asian,Full-time,False,False,E00362,agency,NovaCorp-Origin,WorkdayHR,82.0,1,False,30,High Performer,73.0,hiring_inefficiency
E13314,2025-04-11,voluntary,Career advancement,True,True,Outstanding,209400.0,E07493,pull,Kevin Cooke,2025-03-18,2025-04-11,departed,Technology,Operations-Processing,3,"Senior Manager, Technology",209400.0,0.98,Male,30-34,Anglo-Australian,Full-time,False,False,E07493,agency,NovaCorp-Origin,WorkdayHR,73.0,0,False,24,High Performer,77.8,hiring_inefficiency
E13317,2025-10-31,voluntary,Better opportunity,True,False,High Performer,110300.0,E12614,pull,Dean Hines,2025-03-23,2025-10-31,departed,Risk & Compliance,Technology,1,Engineer,110300.0,0.85,Male,18-24,Prefer not to say,Full-time,True,False,E12614,agency,NovaCorp-Origin,WorkdayHR,72.0,7,False,222,High Performer,65.4,regrettable_attrition
E13328,2025-05-02,voluntary,Compensation,False,False,Meets Expectations,116900.0,E10850,push,Shawna Spears,2025-04-05,2025-05-02,departed,Retail Banking,Management,2,"Manager, Retail Banking",116900.0,0.98,Female,30-34,South Asian,Full-time,False,False,E10850,acquisition,Entity_C,PeopleSoft-Legacy,51.0,0,False,27,Meets Expectations,74.4,hiring_inefficiency
E13330,2025-09-19,voluntary,Better opportunity,True,False,High Performer,55900.0,E00411,push,Andrea Mcintosh,2025-04-05,2025-09-19,departed,Wealth Management,Corporate-Support,1,Graduate,55900.0,0.92,Female,35-39,Anglo-Australian,Full-time,False,False,E00411,acquisition,Entity_C,PeopleSoft-Legacy,80.0,5,False,167,Meets Expectations,55.7,routine_voluntary
E13365,2025-05-07,voluntary,Work-life balance,True,False,Meets Expectations,56300.0,E06371,push,James Hopkins,2025-04-07,2025-05-07,departed,Corporate Operations,Technology,1,Junior Developer,56300.0,0.89,Male,18-24,Anglo-Australian,Full-time,False,False,E06371,acquisition,Entity_C,PeopleSoft-Legacy,75.0,1,False,30,High Performer,80.4,hiring_inefficiency
E13368,2025-05-30,voluntary,Career advancement,True,False,Meets Expectations,112400.0,E05580,push,Amanda Roberts,2025-04-07,2025-05-30,departed,Retail Banking,Technology,1,Engineer,112400.0,0.96,Female,30-34,African,Fixed-term,False,False,E05580,acquisition,Entity_C,PeopleSoft-Legacy,64.0,1,False,53,Meets Expectations,70.8,hiring_inefficiency
E13370,2025-05-02,voluntary,Better opportunity,True,True,Meets Expectations,134200.0,E00933,pull,David Duran,2025-04-07,2025-05-02,departed,Technology,Corporate-Support,1,Senior Specialist,134200.0,0.77,Prefer not to say,18-24,Middle Eastern,Fixed-term,True,True,E00933,acquisition,Entity_C,PeopleSoft-Legacy,51.0,0,False,25,Outstanding,88.0,hiring_inefficiency
E13381,2025-05-30,voluntary,Career advancement,True,False,High Performer,101700.0,E02670,pull,Christopher Bailey,2025-04-07,2025-05-30,departed,Risk & Compliance,Client-Advisory,1,Adviser,101700.0,0.89,Male,30-34,Anglo-Australian,Full-time,False,False,E02670,acquisition,Entity_C,PeopleSoft-Legacy,70.0,1,False,53,Below Expectations,48.7,hiring_inefficiency
E13388,2025-05-08,voluntary,Better opportunity,True,True,Outstanding,136200.0,E07104,pull,Jeremy Benson,2025-04-08,2025-05-08,departed,Insurance,Risk-Compliance,1,Senior Risk Analyst,136200.0,0.9,Male,30-34,South Asian,Full-time,False,False,E07104,acquisition,Entity_C,PeopleSoft-Legacy,61.0,1,False,30,Meets Expectations,63.1,hiring_inefficiency
E13390,2025-05-30,voluntary,Career advancement,True,False,Below Expectations,192900.0,E11440,push,Pamela Lin,2025-04-08,2025-05-30,departed,Retail Banking,Corporate-Support,3,"Senior Manager, Retail Banking",192900.0,1.0,Female,25-29,Anglo-Australian,Full-time,False,False,E11440,acquisition,Entity_C,PeopleSoft-Legacy,77.0,1,False,52,Meets Expectations,68.2,hiring_inefficiency
E13416,2025-05-10,voluntary,Career advancement,True,False,Meets Expectations,118600.0,E06410,pull,Anthony Rowland,2025-04-10,2025-05-10,departed,Technology,Management,2,"Manager, Technology",118600.0,1.02,Male,30-34,East Asian,Part-time,False,False,E06410,acquisition,Entity_C,PeopleSoft-Legacy,14.0,1,True,30,Meets Expectations,59.5,hiring_inefficiency
E13422,2025-05-30,voluntary,Role uncertainty / unclear future,True,False,Meets Expectations,103300.0,E04291,push,Dana Thomas,2025-04-10,2025-05-30,departed,Retail Banking,Corporate-Support,1,Specialist,103300.0,0.96,Female,35-39,Anglo-Australian,Full-time,False,True,E04291,acquisition,Entity_C,PeopleSoft-Legacy,33.0,1,False,50,Meets Expectations,56.5,hiring_inefficiency
E13424,2025-05-09,voluntary,Study/career change,True,False,Meets Expectations,126700.0,E03573,push,Misty Bray,2025-04-10,2025-05-09,departed,Retail Banking,Operations-Processing,2,"Manager, Retail Banking",126700.0,0.93,Female,25-29,Anglo-Australian,Full-time,True,False,E03573,acquisition,Entity_C,PeopleSoft-Legacy,66.0,0,False,29,Meets Expectations,55.3,hiring_inefficiency
E13428,2025-07-30,voluntary,Career advancement,True,False,Outstanding,102700.0,E01868,pull,Luke Walters,2025-04-11,2025-07-30,departed,Technology,Risk-Compliance,1,Risk Analyst,102700.0,1.05,Male,18-24,Anglo-Australian,Full-time,False,False,E01868,acquisition,Entity_C,PeopleSoft-Legacy,70.0,3,False,110,Meets Expectations,49.4,routine_voluntary
E13429,2025-06-13,voluntary,Career advancement,True,False,Below Expectations,78400.0,E00651,push,Sean Spencer,2025-04-11,2025-06-13,departed,Risk & Compliance,Technology,1,Junior Developer,78400.0,1.05,Male,30-34,Anglo-Australian,Casual,False,False,E00651,acquisition,Entity_C,PeopleSoft-Legacy,69.0,2,False,63,Meets Expectations,52.5,hiring_inefficiency
E13437,2025-10-08,involuntary,Involuntary - performance,True,False,Below Expectations,154600.0,E01487,push,Ethan Adams,2025-04-11,2025-10-08,departed,Retail Banking,Management,2,"Manager, Retail Banking",154600.0,0.86,Non-binary,25-29,South Asian,Full-time,False,True,E01487,acquisition,Entity_C,PeopleSoft-Legacy,47.0,6,False,180,Below Expectations,50.0,involuntary
E13446,2025-05-09,voluntary,Better opportunity,False,False,Meets Expectations,140100.0,E00039,push,Michael Flores,2025-04-11,2025-05-09,departed,Risk & Compliance,Technology,2,"Manager, Risk & Compliance",140100.0,0.94,Male,25-29,Anglo-Australian,Full-time,True,True,E00039,acquisition,Entity_C,PeopleSoft-Legacy,56.0,0,False,28,Outstanding,89.9,hiring_inefficiency
E13448,2025-11-03,voluntary,Better opportunity,True,True,Unsatisfactory,102000.0,E01725,pull,Tonya Moore,2025-04-12,2025-11-03,departed,Retail Banking,Risk-Compliance,1,Risk Analyst,102000.0,0.87,Female,18-24,South Asian,Part-time,True,False,E01725,acquisition,Entity_C,PeopleSoft-Legacy,55.0,6,False,205,Outstanding,84.9,regrettable_attrition
E13465,2025-06-06,involuntary,Involuntary - performance,False,False,Unsatisfactory,117100.0,E04577,push,Philip Weaver,2025-04-13,2025-06-06,departed,Technology,Client-Advisory,1,Senior Adviser,117100.0,0.96,Male,18-24,Anglo-Australian,Casual,False,False,E04577,acquisition,Entity_C,PeopleSoft-Legacy,29.0,1,False,54,High Performer,77.1,hiring_inefficiency
E13477,2025-05-13,voluntary,Career advancement,False,False,Outstanding,67900.0,E03217,pull,Victoria Miller,2025-04-13,2025-05-13,departed,Technology,Technology,1,Junior Developer,67900.0,1.0,Female,35-39,Anglo-Australian,Full-time,False,False,E03217,acquisition,Entity_C,PeopleSoft-Legacy,26.0,1,False,30,Outstanding,100.0,hiring_inefficiency
E13497,2025-05-15,voluntary,Career advancement,True,False,High Performer,59800.0,E09965,push,James Joyce,2025-04-15,2025-05-15,departed,Technology,Client-Advisory,1,Client Service Officer,59800.0,0.93,Male,25-29,Southeast Asian,Full-time,False,False,E09965,acquisition,Entity_C,PeopleSoft-Legacy,34.0,1,False,30,Meets Expectations,71.7,hiring_inefficiency
E13512,2025-05-30,voluntary,Better opportunity,True,False,Meets Expectations,131000.0,E00864,pull,Megan Arnold,2025-04-15,2025-05-30,departed,Risk & Compliance,Risk-Compliance,1,Senior Risk Analyst,131000.0,1.08,Female,25-29,Anglo-Australian,Full-time,False,False,E00864,acquisition,Entity_C,PeopleSoft-Legacy,19.0,1,False,45,Below Expectations,39.5,hiring_inefficiency
E13523,2025-05-16,voluntary,Career advancement,True,False,Meets Expectations,144500.0,E09576,push,Mark Howe,2025-04-16,2025-05-16,departed,Insurance,Client-Advisory,2,"Manager, Insurance",144500.0,1.0,Male,18-24,Prefer not to say,Full-time,False,False,E09576,acquisition,Entity_C,PeopleSoft-Legacy,63.0,1,False,30,Meets Expectations,67.9,hiring_inefficiency
E13528,2025-05-16,voluntary,Career advancement,False,False,High Performer,112100.0,E10906,pull,Beverly Hughes,2025-04-16,2025-05-16,departed,Retail Banking,Client-Advisory,1,Adviser,112100.0,0.89,Female,30-34,European (non-Anglo),Fixed-term,False,False,E10906,agency,NovaCorp-Origin,WorkdayHR,20.0,1,False,30,Meets Expectations,57.9,hiring_inefficiency
E13535,2025-05-17,involuntary,Involuntary - conduct,True,False,Meets Expectations,75300.0,E00283,push,Teresa White,2025-04-17,2025-05-17,departed,Retail Banking,Client-Advisory,1,Client Service Officer,75300.0,0.95,Female,18-24,South Asian,Full-time,False,False,E00283,acquisition,Entity_C,PeopleSoft-Legacy,39.0,1,False,30,Meets Expectations,65.8,hiring_inefficiency
E13543,2025-05-16,voluntary,Compensation,True,False,Unsatisfactory,106800.0,E01044,push,James Silva,2025-04-17,2025-05-16,departed,Risk & Compliance,Client-Advisory,1,Adviser,106800.0,0.92,Male,35-39,Anglo-Australian,Part-time,False,False,E01044,acquisition,Entity_C,PeopleSoft-Legacy,46.0,0,False,29,Meets Expectations,52.4,hiring_inefficiency
E13554,2025-05-16,voluntary,Better opportunity,True,False,Meets Expectations,107200.0,E01065,pull,Erika Smith,2025-04-18,2025-05-16,departed,Corporate Operations,Corporate-Support,1,Specialist,107200.0,0.84,Female,35-39,Anglo-Australian,Full-time,False,False,E01065,acquisition,Entity_C,PeopleSoft-Legacy,89.0,0,False,28,Below Expectations,45.0,hiring_inefficiency
E13556,2025-11-11,voluntary,Role uncertainty / unclear future,True,False,Meets Expectations,212000.0,E08985,push,Rhonda Bryant,2025-04-18,2025-11-11,departed,Executive Leadership,Client-Advisory,3,"Senior Manager, Executive Leadership",212000.0,0.82,Female,25-29,Anglo-Australian,Full-time,False,False,E08985,acquisition,Entity_C,PeopleSoft-Legacy,47.0,6,False,207,Meets Expectations,58.4,routine_voluntary
E13557,2025-05-16,voluntary,Better opportunity,True,False,Meets Expectations,86400.0,E03260,pull,Stacey Young,2025-04-18,2025-05-16,departed,Risk & Compliance,Client-Advisory,1,Adviser,86400.0,0.88,Female,18-24,Anglo-Australian,Full-time,False,False,E03260,acquisition,Entity_C,PeopleSoft-Legacy,50.0,0,False,28,Meets Expectations,59.1,hiring_inefficiency
E13573,2025-05-30,voluntary,Better opportunity,True,False,Meets Expectations,62100.0,E03242,push,Sarah Thompson,2025-04-19,2025-05-30,departed,Corporate Operations,Risk-Compliance,1,Compliance Officer,62100.0,0.95,Female,25-29,African,Full-time,False,False,E03242,acquisition,Entity_C,PeopleSoft-Legacy,18.0,1,False,41,Outstanding,95.3,hiring_inefficiency
E13576,2025-05-19,voluntary,Career advancement,True,False,Outstanding,125500.0,E00453,push,Marcus Johnson,2025-04-19,2025-05-19,departed,Insurance,Management,1,Team Leader,125500.0,0.98,Male,30-34,Anglo-Australian,Full-time,True,True,E00453,acquisition,Entity_C,PeopleSoft-Legacy,27.0,1,False,30,Meets Expectations,77.1,hiring_inefficiency
E13585,2025-05-30,voluntary,Work-life balance,True,False,Meets Expectations,138800.0,E02612,push,Billy Contreras,2025-04-20,2025-05-30,departed,Technology,Operations-Processing,1,Senior Analyst,138800.0,0.97,Male,30-34,Pacific Islander,Full-time,False,False,E02612,acquisition,Entity_C,PeopleSoft-Legacy,31.0,1,False,40,Meets Expectations,29.2,hiring_inefficiency
E13607,2025-08-06,voluntary,Compensation,True,False,High Performer,111900.0,E05929,push,Stephanie Martin,2025-04-21,2025-08-06,departed,Insurance,Management,1,Coordinator,111900.0,1.11,Female,18-24,Maori/Aboriginal & Torres Strait Islander,Full-time,False,False,E05929,acquisition,Entity_C,PeopleSoft-Legacy,76.0,3,False,107,Meets Expectations,50.7,routine_voluntary
E13625,2025-05-22,voluntary,Better opportunity,False,False,Meets Expectations,67200.0,E01586,pull,Dorothy Hughes,2025-04-22,2025-05-22,departed,Wealth Management,Client-Advisory,1,Client Service Officer,67200.0,0.94,Female,35-39,African,Full-time,False,False,E01586,acquisition,Entity_C,PeopleSoft-Legacy,90.0,1,False,30,High Performer,80.2,hiring_inefficiency
E13636,2025-05-23,voluntary,Career advancement,True,False,High Performer,131200.0,E00317,push,Stacy Decker,2025-04-23,2025-05-23,departed,Corporate Operations,Operations-Processing,1,Senior Analyst,131200.0,0.9,Female,35-39,Anglo-Australian,Full-time,True,False,E00317,acquisition,Entity_C,PeopleSoft-Legacy,50.0,1,False,30,Meets Expectations,49.0,hiring_inefficiency
E13641,2025-06-30,voluntary,Career advancement,False,False,Meets Expectations,139300.0,E07533,push,Kathleen Simpson,2025-04-23,2025-06-30,departed,Technology,Client-Advisory,1,Senior Adviser,139300.0,1.07,Female,35-39,Anglo-Australian,Part-time,False,False,E07533,acquisition,Entity_C,PeopleSoft-Legacy,26.0,2,False,68,High Performer,78.0,hiring_inefficiency
E13648,2025-07-25,voluntary,Better opportunity,True,False,Meets Expectations,131000.0,E00146,push,Leonard Gray,2025-04-23,2025-07-25,departed,Technology,Risk-Compliance,1,Senior Risk Analyst,131000.0,0.9,Male,35-39,Anglo-Australian,Full-time,False,False,E00146,acquisition,Entity_C,PeopleSoft-Legacy,58.0,3,False,93,Meets Expectations,51.8,routine_voluntary
E13655,2025-05-30,voluntary,Career advancement,True,False,Meets Expectations,121000.0,E04397,pull,Anthony Gardner,2025-04-24,2025-05-30,departed,Corporate Operations,Operations-Processing,1,Senior Analyst,121000.0,1.06,Male,30-34,Anglo-Australian,Casual,False,False,E04397,acquisition,Entity_C,PeopleSoft-Legacy,58.0,1,False,36,Outstanding,80.9,hiring_inefficiency
E13717,2025-05-23,voluntary,Role uncertainty / unclear future,True,False,Meets Expectations,94300.0,E02986,push,Chelsea Jones,2025-04-27,2025-05-23,departed,Wealth Management,Technology,1,Engineer,94300.0,0.92,Female,30-34,European (non-Anglo),Full-time,False,False,E02986,acquisition,Entity_C,PeopleSoft-Legacy,22.0,0,False,26,Meets Expectations,63.9,hiring_inefficiency
E13749,2025-05-23,involuntary,Involuntary - performance,False,False,Meets Expectations,142000.0,E04338,push,Stephanie Perez,2025-04-29,2025-05-23,departed,Risk & Compliance,Operations-Processing,2,"Manager, Risk & Compliance",142000.0,0.99,Female,25-29,South Asian,Full-time,False,False,E04338,acquisition,Entity_C,PeopleSoft-Legacy,45.0,0,False,24,Outstanding,95.5,hiring_inefficiency
E13750,2025-05-23,voluntary,Relocation,False,False,Below Expectations,84000.0,E00211,push,Erica Martinez,2025-04-29,2025-05-23,departed,Wealth Management,Management,1,Administration Officer,84000.0,0.94,Female,35-39,Anglo-Australian,Full-time,False,False,E00211,acquisition,Entity_C,PeopleSoft-Legacy,18.0,0,False,24,Meets Expectations,74.6,hiring_inefficiency
E13782,2025-07-09,voluntary,Better opportunity,True,False,High Performer,58600.0,E09248,pull,Jimmy Edwards,2025-05-01,2025-07-09,departed,Technology,Client-Advisory,1,Client Service Officer,58600.0,0.82,Male,30-34,Anglo-Australian,Part-time,True,True,E09248,acquisition,Entity_C,PeopleSoft-Legacy,55.0,2,False,69,Meets Expectations,60.2,hiring_inefficiency
E13796,2025-05-31,voluntary,Career advancement,True,False,High Performer,128500.0,E02533,pull,Randall Thomas DVM,2025-05-01,2025-05-31,departed,Technology,Operations-Processing,1,Senior Analyst,128500.0,0.98,Male,30-34,Anglo-Australian,Full-time,False,False,E02533,acquisition,Entity_C,PeopleSoft-Legacy,73.0,1,False,30,Meets Expectations,46.1,hiring_inefficiency
E13797,2025-05-30,voluntary,Career advancement,True,False,High Performer,109300.0,E00788,push,Donna Lopez,2025-05-01,2025-05-30,departed,Insurance,Technology,1,Engineer,109300.0,0.95,Female,30-34,East Asian,Full-time,False,True,E00788,acquisition,Entity_C,PeopleSoft-Legacy,53.0,0,False,29,Outstanding,87.2,hiring_inefficiency
E13801,2025-06-30,involuntary,Involuntary - restructure,False,False,Meets Expectations,55000.0,E13955,push,Dr. Pamela Santana,2025-05-02,2025-06-30,departed,Wealth Management,Operations-Processing,1,Processing Officer,55000.0,0.8,Female,18-24,Anglo-Australian,Full-time,False,False,E13955,acquisition,Entity_C,PeopleSoft-Legacy,66.0,1,False,59,Below Expectations,55.1,hiring_inefficiency
E13805,2025-05-30,voluntary,Career advancement,True,False,High Performer,111300.0,E00409,push,Brian Taylor,2025-05-02,2025-05-30,departed,Insurance,Operations-Processing,1,Analyst,111300.0,1.0,Male,35-39,Anglo-Australian,Full-time,False,False,E00409,acquisition,Entity_C,PeopleSoft-Legacy,79.0,0,False,28,Below Expectations,27.7,hiring_inefficiency
E13811,2025-06-01,voluntary,Better opportunity,True,False,High Performer,126100.0,E12471,pull,Samantha Martinez,2025-05-02,2025-06-01,departed,Corporate Operations,Technology,2,"Manager, Corporate Operations",126100.0,0.85,Female,30-34,Prefer not to say,Full-time,True,False,E12471,acquisition,Entity_C,PeopleSoft-Legacy,71.0,1,False,30,Outstanding,79.7,hiring_inefficiency
E13817,2025-06-01,voluntary,Career advancement,True,False,High Performer,144600.0,E07514,push,Sandra Stevenson,2025-05-02,2025-06-01,departed,Insurance,Management,1,Team Leader,144600.0,1.02,Female,18-24,East Asian,Full-time,False,False,E07514,acquisition,Entity_C,PeopleSoft-Legacy,17.0,1,False,30,Meets Expectations,57.8,hiring_inefficiency
E13835,2025-06-03,voluntary,Compensation,True,False,Below Expectations,58200.0,E00350,push,Nathan Stanley,2025-05-04,2025-06-03,departed,Risk & Compliance,Client-Advisory,1,Client Service Officer,58200.0,0.97,Male,30-34,Anglo-Australian,Full-time,False,True,E00350,acquisition,Entity_C,PeopleSoft-Legacy,16.0,1,False,30,Unsatisfactory,29.0,hiring_inefficiency
E13837,2025-05-30,voluntary,Career advancement,True,False,Unsatisfactory,124100.0,E02408,push,Andrea Gross,2025-05-04,2025-05-30,departed,Risk & Compliance,Technology,2,"Manager, Risk & Compliance",124100.0,0.92,Female,30-34,African,Casual,False,False,E02408,referral,NovaCorp-Origin,WorkdayHR,77.0,0,False,26,Meets Expectations,63.3,hiring_inefficiency
E13838,2025-06-22,voluntary,Career advancement,True,False,High Performer,66300.0,E00110,push,Amy Norton,2025-05-04,2025-06-22,departed,Wealth Management,Client-Advisory,1,Client Service Officer,66300.0,1.05,Female,18-24,Latin American,Full-time,False,True,E00110,acquisition,Entity_C,PeopleSoft-Legacy,76.0,1,False,49,Below Expectations,50.6,hiring_inefficiency
E13853,2025-05-30,voluntary,Better opportunity,True,True,High Performer,124700.0,E09167,pull,Rebekah Freeman,2025-05-05,2025-05-30,departed,Technology,Technology,1,Senior Engineer,124700.0,0.86,Female,18-24,Southeast Asian,Full-time,True,False,E09167,acquisition,Entity_C,PeopleSoft-Legacy,42.0,0,False,25,Meets Expectations,79.1,hiring_inefficiency
E13857,2025-06-05,voluntary,Career advancement,False,False,Below Expectations,138800.0,E01942,push,Evan Carroll,2025-05-06,2025-06-05,departed,Retail Banking,Technology,2,"Manager, Retail Banking",138800.0,0.94,Male,25-29,Anglo-Australian,Part-time,False,False,E01942,acquisition,Entity_C,PeopleSoft-Legacy,64.0,1,False,30,High Performer,89.0,hiring_inefficiency
E13863,2025-05-30,voluntary,Career advancement,True,False,High Performer,181600.0,E11769,pull,Jessica Alexander,2025-05-06,2025-05-30,departed,Corporate Operations,Corporate-Support,3,"Senior Manager, Corporate Operations",181600.0,0.93,Female,25-29,Anglo-Australian,Full-time,False,False,E11769,acquisition,Entity_C,PeopleSoft-Legacy,23.0,0,True,24,High Performer,83.3,hiring_inefficiency
E13874,2025-06-30,involuntary,Involuntary - performance,True,False,Below Expectations,132000.0,E00318,push,Lisa Brown,2025-05-07,2025-06-30,departed,Technology,Management,1,Team Leader,132000.0,0.95,Female,18-24,Anglo-Australian,Full-time,False,False,E00318,acquisition,Entity_C,PeopleSoft-Legacy,90.0,1,False,54,Meets Expectations,70.3,hiring_inefficiency
E13888,2025-06-07,voluntary,Better opportunity,True,False,Below Expectations,94600.0,E07944,pull,Wyatt Rodriguez,2025-05-08,2025-06-07,departed,Corporate Operations,Technology,1,Engineer,94600.0,0.9,Male,30-34,European (non-Anglo),Full-time,False,True,E07944,acquisition,Entity_C,PeopleSoft-Legacy,74.0,1,False,30,High Performer,74.7,hiring_inefficiency
E13921,2025-06-09,involuntary,Involuntary - performance,False,False,Unsatisfactory,145500.0,E10913,push,Rebecca Patel,2025-05-10,2025-06-09,departed,Wealth Management,Risk-Compliance,1,Senior Risk Analyst,145500.0,0.99,Female,18-24,Anglo-Australian,Part-time,False,False,E10913,acquisition,Entity_C,PeopleSoft-Legacy,46.0,1,False,30,Meets Expectations,73.5,hiring_inefficiency
E13957,2025-06-06,involuntary,Involuntary - performance,False,False,Below Expectations,68400.0,E01027,push,Randy Jones,2025-05-12,2025-06-06,departed,Risk & Compliance,Corporate-Support,1,Graduate,68400.0,0.97,Male,35-39,Anglo-Australian,Full-time,False,False,E01027,acquisition,Entity_C,PeopleSoft-Legacy,71.0,0,False,25,High Performer,69.1,hiring_inefficiency
E13975,2025-06-06,voluntary,Career advancement,True,False,Below Expectations,106100.0,E01938,push,Randy Wells,2025-05-13,2025-06-06,departed,Technology,Corporate-Support,1,Specialist,106100.0,1.0,Male,18-24,Anglo-Australian,Full-time,False,True,E01938,acquisition,Entity_C,PeopleSoft-Legacy,68.0,0,False,24,Below Expectations,54.2,hiring_inefficiency
E13984,2025-08-29,voluntary,Compensation,True,False,High Performer,62500.0,E01158,push,Leslie Petersen,2025-05-14,2025-08-29,departed,Corporate Operations,Technology,1,Junior Developer,62500.0,1.03,Female,25-29,South Asian,Full-time,False,True,E01158,acquisition,Entity_C,PeopleSoft-Legacy,42.0,3,False,107,Below Expectations,47.3,routine_voluntary
E14001,2025-06-13,voluntary,Career advancement,True,False,High Performer,107100.0,E06210,pull,Andrew Flores,2025-05-15,2025-06-13,departed,Risk & Compliance,Risk-Compliance,1,Risk Analyst,107100.0,0.93,Male,35-39,South Asian,Full-time,False,False,E06210,acquisition,Entity_C,PeopleSoft-Legacy,17.0,0,False,29,Meets Expectations,71.6,hiring_inefficiency
E14032,2025-06-30,voluntary,Personal reasons,False,False,Below Expectations,97400.0,E03089,push,Gary Mack,2025-05-16,2025-06-30,departed,Technology,Risk-Compliance,1,Risk Analyst,97400.0,0.97,Male,18-24,South Asian,Part-time,False,True,E03089,acquisition,Entity_C,PeopleSoft-Legacy,22.0,1,False,45,Meets Expectations,71.2,hiring_inefficiency
E14051,2025-09-06,voluntary,Better opportunity,True,False,Meets Expectations,83600.0,E08006,pull,Lori Jones,2025-05-18,2025-09-06,departed,Wealth Management,Corporate-Support,1,Graduate,83600.0,0.96,Female,25-29,Anglo-Australian,Full-time,True,False,E08006,acquisition,Entity_C,PeopleSoft-Legacy,42.0,3,False,111,Outstanding,80.9,routine_voluntary
E14054,2025-06-17,voluntary,Better opportunity,True,False,Outstanding,127500.0,E00025,pull,Vanessa Harris,2025-05-18,2025-06-17,departed,Technology,Management,1,Team Leader,127500.0,0.93,Female,35-39,African,Full-time,False,True,E00025,acquisition,Entity_C,PeopleSoft-Legacy,49.0,1,False,30,High Performer,77.6,hiring_inefficiency
E14082,2025-08-01,voluntary,Career advancement,True,False,High Performer,167100.0,E08688,push,Danielle Cruz,2025-05-19,2025-08-01,departed,Retail Banking,Technology,2,"Manager, Retail Banking",167100.0,0.99,Female,35-39,Pacific Islander,Full-time,False,False,E08688,acquisition,Entity_C,PeopleSoft-Legacy,37.0,2,False,74,Meets Expectations,63.1,hiring_inefficiency
E14087,2025-06-30,voluntary,Career advancement,True,False,Below Expectations,77600.0,E03201,push,Tiffany Fry,2025-05-20,2025-06-30,departed,Insurance,Operations-Processing,1,Processing Officer,77600.0,0.88,Female,25-29,European (non-Anglo),Full-time,False,False,E03201,acquisition,Entity_C,PeopleSoft-Legacy,40.0,1,False,41,High Performer,75.1,hiring_inefficiency
E14088,2025-06-13,voluntary,Career advancement,True,False,Meets Expectations,141700.0,E00988,push,Charles Jones,2025-05-20,2025-06-13,departed,Wealth Management,Risk-Compliance,2,"Manager, Wealth Management",141700.0,0.92,Male,18-24,Anglo-Australian,Full-time,False,True,E00988,acquisition,Entity_C,PeopleSoft-Legacy,19.0,0,False,24,Meets Expectations,62.5,hiring_inefficiency
E14100,2025-06-13,voluntary,Better opportunity,True,False,High Performer,183200.0,E05025,pull,Taylor Romero,2025-05-20,2025-06-13,departed,Risk & Compliance,Technology,3,"Senior Manager, Risk & Compliance",183200.0,0.76,Female,25-29,Middle Eastern,Casual,True,True,E05025,acquisition,Entity_C,PeopleSoft-Legacy,73.0,0,False,24,High Performer,83.8,hiring_inefficiency
E14108,2025-06-25,voluntary,Career advancement,False,False,High Performer,109600.0,E05903,pull,Linda Howard,2025-05-20,2025-06-25,departed,Corporate Operations,Management,1,Coordinator,109600.0,0.9,Female,18-24,African,Full-time,False,False,E05903,acquisition,Entity_C,PeopleSoft-Legacy,58.0,1,False,36,High Performer,81.3,hiring_inefficiency
E14111,2025-06-30,voluntary,Personal reasons,False,False,Below Expectations,88400.0,E00130,push,James Ferguson,2025-05-21,2025-06-30,departed,Technology,Corporate-Support,1,Specialist,88400.0,0.9,Male,35-39,East Asian,Full-time,False,False,E00130,acquisition,Entity_C,PeopleSoft-Legacy,17.0,1,False,40,Meets Expectations,63.3,hiring_inefficiency
E14114,2025-10-31,voluntary,Career advancement,False,False,Meets Expectations,96800.0,E03971,push,Tyler Walton,2025-05-21,2025-10-31,departed,Executive Leadership,Corporate-Support,1,Specialist,96800.0,1.01,Male,25-29,Anglo-Australian,Casual,False,True,E03971,acquisition,Entity_C,PeopleSoft-Legacy,65.0,5,False,163,Meets Expectations,65.0,routine_voluntary
E14117,2025-06-20,voluntary,Relocation,True,True,Outstanding,168100.0,E02113,push,William Jones,2025-05-21,2025-06-20,departed,Technology,Corporate-Support,2,"Manager, Technology",168100.0,0.91,Male,18-24,Prefer not to say,Full-time,False,False,E02113,acquisition,Entity_C,PeopleSoft-Legacy,63.0,1,False,30,High Performer,78.0,hiring_inefficiency
E14122,2025-06-20,voluntary,Career advancement,True,False,High Performer,197400.0,E00273,push,Bradley Parks,2025-05-21,2025-06-20,departed,Risk & Compliance,Client-Advisory,3,"Senior Manager, Risk & Compliance",197400.0,1.0,Male,30-34,Anglo-Australian,Full-time,False,False,E00273,acquisition,Entity_C,PeopleSoft-Legacy,30.0,1,False,30,Meets Expectations,66.7,hiring_inefficiency
E14128,2025-06-30,voluntary,Better opportunity,True,False,High Performer,68000.0,E02458,pull,Anthony Gonzalez,2025-05-22,2025-06-30,departed,Corporate Operations,Corporate-Support,1,Graduate,68000.0,0.92,Male,25-29,Anglo-Australian,Full-time,False,True,E02458,acquisition,Entity_C,PeopleSoft-Legacy,67.0,1,False,39,High Performer,67.5,hiring_inefficiency
E14143,2025-06-21,voluntary,Career advancement,True,False,Meets Expectations,149200.0,E00620,pull,Mr. William Gould Jr.,2025-05-22,2025-06-21,departed,Wealth Management,Corporate-Support,1,Senior Specialist,149200.0,0.96,Male,18-24,East Asian,Full-time,False,True,E00620,acquisition,Entity_C,PeopleSoft-Legacy,80.0,1,False,30,High Performer,82.1,hiring_inefficiency
E14155,2025-08-19,voluntary,Career advancement,True,True,High Performer,66900.0,E02552,pull,Sarah Marquez,2025-05-23,2025-08-19,departed,Insurance,Management,1,Administration Officer,66900.0,0.89,Female,18-24,Anglo-Australian,Part-time,True,False,E02552,acquisition,Entity_C,PeopleSoft-Legacy,78.0,2,False,88,Outstanding,82.4,hiring_inefficiency
E14190,2025-11-21,voluntary,Career advancement,False,False,Outstanding,75700.0,E00909,pull,Ricky Ramirez,2025-05-26,2025-11-21,departed,Risk & Compliance,Corporate-Support,1,Graduate,75700.0,0.98,Male,25-29,Middle Eastern,Full-time,False,False,E00909,acquisition,Entity_C,PeopleSoft-Legacy,42.0,5,False,179,Meets Expectations,65.3,routine_voluntary
E14191,2025-06-20,voluntary,Better opportunity,True,False,Meets Expectations,112000.0,E08538,pull,Thomas Olson,2025-05-26,2025-06-20,departed,Retail Banking,Operations-Processing,1,Analyst,112000.0,0.9,Male,30-34,South Asian,Full-time,False,False,E08538,acquisition,Entity_C,PeopleSoft-Legacy,44.0,0,False,25,Meets Expectations,71.5,hiring_inefficiency
E14192,2025-06-25,voluntary,Career advancement,True,True,High Performer,91900.0,E07180,pull,Nicole Lowery,2025-05-26,2025-06-25,departed,Risk & Compliance,Corporate-Support,1,Specialist,91900.0,0.93,Female,30-34,South Asian,Full-time,True,True,E07180,acquisition,Entity_C,PeopleSoft-Legacy,20.0,1,False,30,Below Expectations,45.0,hiring_inefficiency
E14200,2025-06-25,voluntary,Career advancement,True,False,Below Expectations,198800.0,E08033,push,Julia Martin,2025-05-26,2025-06-25,departed,Retail Banking,Management,3,"Senior Manager, Retail Banking",198800.0,0.91,Female,25-29,Anglo-Australian,Full-time,False,False,E08033,acquisition,Entity_C,PeopleSoft-Legacy,51.0,1,False,30,High Performer,87.6,hiring_inefficiency
E14201,2025-06-30,voluntary,Career advancement,False,False,Meets Expectations,173500.0,E07060,push,Amber Russell,2025-05-26,2025-06-30,departed,Insurance,Corporate-Support,2,"Manager, Insurance",173500.0,0.96,Female,35-39,European (non-Anglo),Full-time,False,False,E07060,acquisition,Entity_C,PeopleSoft-Legacy,72.0,1,False,35,Unsatisfactory,37.7,hiring_inefficiency
E14206,2025-06-20,voluntary,Compensation,True,False,Meets Expectations,66100.0,E06621,push,Ashley Gutierrez,2025-05-27,2025-06-20,departed,Technology,Risk-Compliance,1,Compliance Officer,66100.0,1.03,Female,35-39,Anglo-Australian,Full-time,False,False,E06621,acquisition,Entity_C,PeopleSoft-Legacy,37.0,0,False,24,Meets Expectations,60.8,hiring_inefficiency
E14208,2025-06-20,voluntary,Compensation,False,False,Below Expectations,209500.0,E09391,push,Jessica Medina,2025-05-27,2025-06-20,departed,Technology,Management,3,"Senior Manager, Technology",209500.0,1.1,Female,25-29,Anglo-Australian,Full-time,False,False,E09391,acquisition,Entity_C,PeopleSoft-Legacy,69.0,0,False,24,High Performer,74.4,hiring_inefficiency
E14215,2025-06-26,involuntary,Involuntary - performance,True,False,Unsatisfactory,172800.0,E00257,push,Anita Price,2025-05-27,2025-06-26,departed,Retail Banking,Operations-Processing,2,"Manager, Retail Banking",172800.0,0.97,Female,25-29,European (non-Anglo),Full-time,False,False,E00257,acquisition,Entity_C,PeopleSoft-Legacy,18.0,1,False,30,Meets Expectations,62.7,hiring_inefficiency
E14222,2025-10-10,voluntary,Better opportunity,True,False,Meets Expectations,146400.0,E10767,pull,Jeffery Mckenzie,2025-05-27,2025-10-10,departed,Corporate Operations,Management,2,"Manager, Corporate Operations",146400.0,0.92,Male,35-39,Anglo-Australian,Full-time,False,False,E10767,acquisition,Entity_C,PeopleSoft-Legacy,66.0,4,False,136,High Performer,61.1,routine_voluntary
E14226,2025-06-26,voluntary,Career advancement,True,False,High Performer,174000.0,E11359,pull,Robert Joseph,2025-05-27,2025-06-26,departed,Retail Banking,Technology,2,"Manager, Retail Banking",174000.0,0.99,Male,30-34,East Asian,Full-time,False,False,E11359,acquisition,Entity_C,PeopleSoft-Legacy,19.0,1,False,30,Meets Expectations,57.2,hiring_inefficiency
E14238,2025-06-27,voluntary,Better opportunity,True,False,High Performer,217000.0,E08985,pull,Karen Garner,2025-05-28,2025-06-27,departed,Executive Leadership,Operations-Processing,3,"Senior Manager, Executive Leadership",217000.0,1.0,Prefer not to say,30-34,Southeast Asian,Full-time,False,False,E08985,acquisition,Entity_C,PeopleSoft-Legacy,32.0,1,False,30,Below Expectations,52.3,hiring_inefficiency
E14241,2025-06-27,voluntary,Study/career change,False,False,High Performer,96200.0,E01559,push,Suzanne Wagner,2025-05-28,2025-06-27,departed,Risk & Compliance,Corporate-Support,1,Specialist,96200.0,0.89,Female,35-39,Middle Eastern,Full-time,False,False,E01559,acquisition,Entity_C,PeopleSoft-Legacy,18.0,1,False,30,Meets Expectations,79.8,hiring_inefficiency
E14248,2025-06-30,voluntary,Better opportunity,True,False,High Performer,143200.0,E06915,pull,Stephanie Ortiz,2025-05-29,2025-06-30,departed,Risk & Compliance,Technology,1,Senior Engineer,143200.0,1.02,Female,35-39,Anglo-Australian,Full-time,False,False,E06915,agency,NovaCorp-Origin,WorkdayHR,45.0,1,False,32,Meets Expectations,72.8,hiring_inefficiency
E14273,2025-06-30,voluntary,Career advancement,True,False,High Performer,73800.0,E01124,pull,Jordan Johnson,2025-05-30,2025-06-30,departed,Corporate Operations,Risk-Compliance,1,Compliance Officer,73800.0,0.97,Male,18-24,Maori/Aboriginal & Torres Strait Islander,Full-time,False,False,E01124,acquisition,Entity_C,PeopleSoft-Legacy,47.0,1,False,31,High Performer,69.7,hiring_inefficiency
E14274,2025-06-27,voluntary,Career advancement,True,False,Below Expectations,81500.0,E12748,pull,Christopher Campbell,2025-05-30,2025-06-27,departed,Technology,Management,1,Administration Officer,81500.0,1.01,Prefer not to say,18-24,East Asian,Fixed-term,False,False,E12748,acquisition,Entity_C,PeopleSoft-Legacy,17.0,0,False,28,Meets Expectations,60.8,hiring_inefficiency
E14285,2025-06-27,voluntary,Better opportunity,True,True,Meets Expectations,182000.0,E01633,pull,Paul Yoder,2025-05-31,2025-06-27,departed,Risk & Compliance,Management,2,"Manager, Risk & Compliance",182000.0,0.92,Male,30-34,Pacific Islander,Full-time,True,False,E01633,acquisition,Entity_C,PeopleSoft-Legacy,86.0,0,False,27,Below Expectations,35.6,hiring_inefficiency
E14288,2025-07-25,voluntary,Career advancement,True,False,Meets Expectations,305400.0,E05287,push,Craig Vaughn,2025-05-31,2025-07-25,departed,Wealth Management,Technology,4,"Director, Wealth Management",305400.0,0.89,Male,30-34,East Asian,Full-time,False,False,E05287,acquisition,Entity_C,PeopleSoft-Legacy,14.0,1,False,55,Unsatisfactory,28.8,hiring_inefficiency
E14300,2025-07-01,voluntary,Career advancement,True,True,Outstanding,63500.0,E07594,pull,Mark Knight,2025-06-01,2025-07-01,departed,Retail Banking,Management,1,Administration Officer,63500.0,0.99,Non-binary,18-24,Southeast Asian,Part-time,False,False,E07594,acquisition,Entity_C,PeopleSoft-Legacy,84.0,1,False,30,High Performer,72.4,hiring_inefficiency
E14309,2025-07-31,voluntary,Career advancement,True,False,Meets Expectations,138400.0,E02856,push,Jessica Buck,2025-06-01,2025-07-31,departed,Retail Banking,Client-Advisory,1,Senior Adviser,138400.0,0.96,Female,35-39,Anglo-Australian,Full-time,False,False,E02856,acquisition,Entity_C,PeopleSoft-Legacy,39.0,2,False,60,Below Expectations,31.4,hiring_inefficiency
E14341,2025-07-03,voluntary,Career advancement,True,False,High Performer,141900.0,E02004,pull,Kimberly Garrett,2025-06-03,2025-07-03,departed,Technology,Corporate-Support,1,Senior Specialist,141900.0,0.93,Female,30-34,Anglo-Australian,Full-time,False,True,E02004,acquisition,Entity_C,PeopleSoft-Legacy,50.0,1,False,30,Meets Expectations,74.5,hiring_inefficiency
E14346,2025-07-03,voluntary,Better opportunity,True,True,Outstanding,235400.0,E05009,pull,Tabitha Nunez,2025-06-03,2025-07-03,departed,Corporate Operations,Client-Advisory,3,"Senior Manager, Corporate Operations",235400.0,0.82,Female,30-34,Anglo-Australian,Full-time,True,False,E05009,acquisition,Entity_C,PeopleSoft-Legacy,31.0,1,False,30,Outstanding,84.3,hiring_inefficiency
E14363,2025-07-04,voluntary,Better opportunity,True,False,Meets Expectations,111700.0,E03252,push,Carlos Adams,2025-06-04,2025-07-04,departed,Technology,Client-Advisory,1,Adviser,111700.0,0.96,Male,18-24,South Asian,Full-time,False,False,E03252,acquisition,Entity_C,PeopleSoft-Legacy,39.0,1,False,30,High Performer,82.8,hiring_inefficiency
E14366,2025-08-07,voluntary,Better opportunity,True,True,High Performer,116300.0,E13458,pull,Sarah Bonilla,2025-06-04,2025-08-07,departed,Corporate Operations,Management,1,Team Leader,116300.0,0.93,Female,18-24,Anglo-Australian,Full-time,True,False,E13458,acquisition,Entity_C,PeopleSoft-Legacy,89.0,2,False,64,High Performer,92.5,hiring_inefficiency
E14385,2025-08-29,voluntary,Career advancement,True,False,High Performer,119400.0,E02131,push,Joseph Barr,2025-07-03,2025-08-29,departed,Corporate Operations,Technology,2,"Manager, Corporate Operations",119400.0,1.05,Non-binary,35-39,East Asian,Full-time,False,False,E02131,agency,NovaCorp-Origin,WorkdayHR,63.0,1,False,57,Meets Expectations,48.7,hiring_inefficiency
E14413,2025-09-12,voluntary,Compensation,True,False,Unsatisfactory,102000.0,E00360,push,Andrew Graham,2025-08-17,2025-09-12,departed,Wealth Management,Operations-Processing,1,Analyst,102000.0,0.97,Non-binary,30-34,South Asian,Full-time,False,False,E00360,agency,NovaCorp-Origin,WorkdayHR,49.0,0,False,26,Meets Expectations,56.8,hiring_inefficiency
E14416,2025-09-25,voluntary,Role uncertainty / unclear future,True,False,Meets Expectations,93400.0,E09923,push,Jill Newman,2025-08-26,2025-09-25,departed,Risk & Compliance,Risk-Compliance,1,Risk Analyst,93400.0,1.04,Female,35-39,Maori/Aboriginal & Torres Strait Islander,Full-time,False,False,E09923,referral,NovaCorp-Origin,WorkdayHR,54.0,1,False,30,Meets Expectations,67.1,hiring_inefficiency
E14445,2025-11-16,voluntary,Career advancement,True,False,Meets Expectations,79300.0,E10709,push,Kristine Vincent,2025-10-17,2025-11-16,departed,Technology,Risk-Compliance,1,Compliance Officer,79300.0,0.99,Female,30-34,Anglo-Australian,Full-time,False,False,E10709,direct,NovaCorp-Origin,WorkdayHR,59.0,1,False,30,Meets Expectations,60.7,hiring_inefficiency
E14458,2025-11-28,voluntary,Compensation,True,False,Meets Expectations,148100.0,E07191,push,Joseph Johnson,2025-10-25,2025-11-28,departed,Corporate Operations,Operations-Processing,1,Senior Analyst,148100.0,1.08,Male,25-29,Anglo-Australian,Full-time,False,False,E07191,agency,NovaCorp-Origin,WorkdayHR,42.0,1,False,34,Below Expectations,49.9,hiring_inefficiency
E14465,2025-11-28,voluntary,Better opportunity,True,False,Meets Expectations,125100.0,E02308,push,Courtney Fuller,2025-10-29,2025-11-28,departed,Insurance,Risk-Compliance,1,Senior Risk Analyst,125100.0,0.92,Female,18-24,Anglo-Australian,Full-time,False,True,E02308,direct,NovaCorp-Origin,WorkdayHR,22.0,1,False,30,Meets Expectations,75.1,hiring_inefficiency
E14467,2025-12-03,voluntary,Career advancement,True,True,Outstanding,124700.0,E03136,pull,Amanda Ramsey,2025-11-03,2025-12-03,departed,Insurance,Management,1,Team Leader,124700.0,1.08,Female,35-39,East Asian,Full-time,False,False,E03136,agency,NovaCorp-Origin,WorkdayHR,31.0,1,False,30,Meets Expectations,67.0,hiring_inefficiency
E14470,2025-12-31,voluntary,Career advancement,True,False,High Performer,93000.0,E10412,push,Allen Johnson,2025-11-05,2025-12-31,departed,Technology,Management,1,Coordinator,93000.0,0.93,Male,18-24,South Asian,Full-time,False,False,E10412,agency,NovaCorp-Origin,WorkdayHR,39.0,1,False,56,Below Expectations,48.0,hiring_inefficiency
E14471,2025-12-31,voluntary,Better opportunity,True,False,Meets Expectations,163500.0,E00599,pull,Robert Marquez,2025-11-06,2025-12-31,departed,Retail Banking,Technology,2,"Manager, Retail Banking",163500.0,1.07,Male,25-29,Southeast Asian,Full-time,False,False,E00599,agency,NovaCorp-Origin,WorkdayHR,62.0,1,False,55,Meets Expectations,68.1,hiring_inefficiency
E14472,2025-12-08,voluntary,Career advancement,True,False,High Performer,296400.0,E04546,push,Andre Winters,2025-11-08,2025-12-08,departed,Wealth Management,Management,4,"Director, Wealth Management",296400.0,0.94,Male,30-34,Southeast Asian,Full-time,False,False,E04546,agency,NovaCorp-Origin,WorkdayHR,21.0,1,False,30,Meets Expectations,63.6,hiring_inefficiency
